{"type":"FeatureCollection","features":[{"type":"Feature","properties":{"id":34},"geometry":{"type":"Polygon","coordinates":[[[-73.88946,40.77354],[-73.88941,40.77299],[-73.89289,40.77382],[-73.89418,40.77275],[-73.8931,40.76679],[-73.88905,40.76664],[-73.89109,40.76634],[-73.89089,40.76587],[-73.89191,40.76572],[-73.89167,40.7644],[-73.88707,40.76488],[-73.88673,40.76306],[-73.87926,40.76369],[-73.87896,40.76199],[-73.875,40.76127],[-73.87441,40.75823],[-73.87366,40.75681],[-73.87222,40.75695],[-73.87189,40.75512],[-73.87008,40.75531],[-73.86908,40.75204],[-73.8654,40.75302],[-73.86398,40.75042],[-73.8631,40.75068],[-73.86273,40.74988],[-73.86316,40.7486],[-73.86844,40.74704],[-73.86853,40.7476],[-73.87192,40.7468],[-73.87398,40.74787],[-73.8749,40.74668],[-73.87679,40.74752],[-73.87716,40.74687],[-73.87889,40.74765],[-73.87936,40.74704],[-73.8811,40.74781],[-73.88225,40.75403],[-73.89155,40.75306],[-73.89226,40.757],[-73.89598,40.75662],[-73.89626,40.75817],[-73.90783,40.75701],[-73.90901,40.75429],[-73.91023,40.75298],[-73.91651,40.7539],[-73.91421,40.75673],[-73.91501,40.75711],[-73.91379,40.75861],[-73.9147,40.7602],[-73.9163,40.76095],[-73.90998,40.76871],[-73.91094,40.76886],[-73.91024,40.76944],[-73.91167,40.76965],[-73.91846,40.77446],[-73.91592,40.77653],[-73.91661,40.77701],[-73.91221,40.78061],[-73.9129,40.7811],[-73.91073,40.78286],[-73.91559,40.78644],[-73.9126,40.78938],[-73.91267,40.78901],[-73.91184,40.78969],[-73.91094,40.78976],[-73.90986,40.79095],[-73.90033,40.78902],[-73.89635,40.78619],[-73.89583,40.78523],[-73.89876,40.78276],[-73.90115,40.78272],[-73.90218,40.78179],[-73.90268,40.78036],[-73.90226,40.78028],[-73.90204,40.78121],[-73.90129,40.78187],[-73.90035,40.78217],[-73.89866,40.782],[-73.8943,40.78424],[-73.89607,40.78317],[-73.89478,40.78226],[-73.89542,40.78173],[-73.89414,40.78248],[-73.89306,40.78186],[-73.89231,40.78247],[-73.89275,40.78297],[-73.89166,40.7822],[-73.89224,40.78242],[-73.89301,40.78181],[-73.89167,40.78086],[-73.89254,40.77956],[-73.89167,40.7795],[-73.8912,40.77857],[-73.89252,40.77741],[-73.89142,40.77635],[-73.89183,40.77489],[-73.89112,40.77713],[-73.89009,40.77779],[-73.88947,40.77554],[-73.89019,40.77366],[-73.88946,40.77354]]]}},{"type":"Feature","properties":{"id":41},"geometry":{"type":"Polygon","coordinates":[[[-73.92284,40.63557],[-73.92571,40.63538],[-73.92492,40.62799],[-73.9322,40.62328],[-73.93173,40.61794],[-73.94116,40.61183],[-73.93935,40.6102],[-73.94155,40.60878],[-73.92879,40.59733],[-73.93305,40.59488],[-73.93102,40.58411],[-73.93109,40.58275],[-73.93195,40.58312],[-73.93569,40.58328],[-73.93583,40.58303],[-73.93614,40.58332],[-73.9361,40.58296],[-73.93763,40.5831],[-73.93701,40.58302],[-73.93713,40.58335],[-73.94103,40.58308],[-73.94158,40.58362],[-73.94356,40.58366],[-73.94387,40.58531],[-73.94669,40.58508],[-73.94696,40.58648],[-73.94892,40.58627],[-73.94935,40.58852],[-73.95149,40.58829],[-73.95763,40.62072],[-73.95549,40.62096],[-73.95504,40.61857],[-73.94359,40.61982],[-73.9454,40.62939],[-73.94416,40.62952],[-73.94551,40.6308],[-73.94454,40.6309],[-73.94463,40.63185],[-73.93318,40.63256],[-73.93343,40.63489],[-73.9325,40.63496],[-73.93299,40.63956],[-73.93201,40.63962],[-73.93227,40.64196],[-73.92357,40.64251],[-73.92284,40.63557]]]}},{"type":"Feature","properties":{"id":48},"geometry":{"type":"Polygon","coordinates":[[[-73.96182,40.63001],[-73.96137,40.63007],[-73.96092,40.62768],[-73.95685,40.62813],[-73.95549,40.62096],[-73.95763,40.62072],[-73.95719,40.61833],[-73.95951,40.61807],[-73.96266,40.61692],[-73.96237,40.61532],[-73.97406,40.61404],[-73.97489,40.61319],[-73.97497,40.61368],[-74.00576,40.63226],[-74.00411,40.63407],[-73.9905,40.64317],[-73.97968,40.63665],[-73.9826,40.63384],[-73.97831,40.63128],[-73.97865,40.63305],[-73.97256,40.63372],[-73.97137,40.62894],[-73.96182,40.63001]]]}},{"type":"Feature","properties":{"id":49},"geometry":{"type":"Polygon","coordinates":[[[-73.99623,40.63934],[-74.00411,40.63407],[-74.00576,40.63226],[-73.98129,40.61748],[-73.99136,40.6078],[-73.99356,40.60913],[-73.99588,40.60689],[-74.00002,40.60939],[-73.99946,40.60996],[-74.00436,40.61292],[-74.00494,40.61236],[-74.01375,40.61768],[-74.01026,40.62104],[-74.01726,40.62528],[-74.01886,40.62428],[-74.02008,40.62425],[-74.01642,40.63301],[-74.01648,40.63456],[-74.01698,40.63524],[-74.00812,40.64378],[-74.00591,40.64245],[-74.00417,40.64414],[-73.99623,40.63934]]]}},{"type":"Feature","properties":{"id":58},"geometry":{"type":"Polygon","coordinates":[[[-73.90731,40.65628],[-73.90599,40.65096],[-73.90165,40.65376],[-73.89468,40.64754],[-73.89542,40.64706],[-73.89176,40.64377],[-73.89102,40.64425],[-73.88372,40.63769],[-73.88518,40.63672],[-73.8897,40.63381],[-73.90138,40.6443],[-73.90669,40.64088],[-73.90928,40.64321],[-73.91229,40.64142],[-73.91444,40.64335],[-73.91946,40.64025],[-73.91917,40.63748],[-73.92284,40.63557],[-73.92357,40.64251],[-73.93227,40.64196],[-73.93201,40.63962],[-73.93299,40.63956],[-73.9325,40.63496],[-73.93343,40.63489],[-73.93318,40.63256],[-73.94463,40.63185],[-73.94488,40.63419],[-73.94391,40.63424],[-73.94416,40.63652],[-73.94512,40.63646],[-73.94563,40.64113],[-73.94372,40.64125],[-73.94397,40.64355],[-73.94203,40.64367],[-73.94214,40.64469],[-73.94311,40.64464],[-73.944,40.65298],[-73.94023,40.65322],[-73.9404,40.65475],[-73.93465,40.6551],[-73.93479,40.65637],[-73.9309,40.65662],[-73.9316,40.66324],[-73.93146,40.66524],[-73.92869,40.66509],[-73.92872,40.6645],[-73.92546,40.66593],[-73.91649,40.65787],[-73.91557,40.6584],[-73.91441,40.65737],[-73.91378,40.65679],[-73.91466,40.65622],[-73.91254,40.65431],[-73.90978,40.65447],[-73.91012,40.65586],[-73.90731,40.65628]]]}},{"type":"Feature","properties":{"id":40},"geometry":{"type":"Polygon","coordinates":[[[-73.8016,40.78102],[-73.79743,40.78069],[-73.79846,40.77321],[-73.80048,40.77221],[-73.80205,40.76084],[-73.80084,40.75998],[-73.80215,40.76],[-73.80301,40.75371],[-73.80445,40.75374],[-73.80379,40.75155],[-73.81077,40.75209],[-73.81048,40.75422],[-73.81337,40.75421],[-73.81424,40.75473],[-73.81585,40.75368],[-73.81894,40.75642],[-73.8228,40.75389],[-73.82334,40.75433],[-73.82545,40.75295],[-73.82715,40.75452],[-73.82987,40.7535],[-73.83014,40.75392],[-73.8326,40.75302],[-73.83239,40.75233],[-73.836,40.75201],[-73.83821,40.75526],[-73.83897,40.7582],[-73.83881,40.76077],[-73.84002,40.76424],[-73.83852,40.76682],[-73.83669,40.76891],[-73.82953,40.77398],[-73.82508,40.78072],[-73.82121,40.78025],[-73.82109,40.78112],[-73.80323,40.77971],[-73.8016,40.78102]]]}},{"type":"Feature","properties":{"id":67},"geometry":{"type":"Polygon","coordinates":[[[-73.96373,40.77701],[-73.96704,40.77247],[-73.96808,40.77283],[-73.96886,40.77256],[-73.96883,40.77317],[-73.96921,40.77345],[-73.97299,40.77382],[-73.97452,40.7747],[-73.97548,40.7745],[-73.97545,40.77593],[-73.97596,40.77623],[-73.97691,40.77492],[-73.97975,40.77612],[-73.98692,40.76627],[-73.98597,40.76574],[-73.98382,40.76543],[-73.98565,40.76292],[-73.99133,40.76532],[-73.99499,40.76031],[-73.9957,40.76061],[-73.99621,40.75995],[-73.99831,40.76083],[-73.9988,40.76016],[-74.00162,40.76136],[-74.00104,40.76198],[-74.00179,40.7623],[-74.00153,40.76265],[-74.00376,40.76359],[-74.00139,40.76286],[-74.00097,40.76343],[-74.00315,40.76434],[-74.00311,40.76475],[-73.99962,40.76357],[-73.99915,40.76421],[-74.00229,40.76557],[-74.00203,40.7659],[-73.99889,40.76458],[-73.99827,40.76556],[-74.00157,40.76699],[-74.00132,40.76726],[-73.99807,40.76588],[-73.99738,40.76683],[-74.00065,40.76825],[-74.00039,40.76851],[-73.99716,40.76714],[-73.99646,40.76811],[-73.99974,40.76951],[-73.99947,40.76977],[-73.99707,40.76874],[-73.99657,40.76943],[-73.99903,40.77047],[-73.99876,40.77083],[-73.99631,40.76981],[-73.99543,40.77104],[-73.9959,40.77146],[-73.99531,40.7712],[-73.99494,40.77148],[-73.99707,40.77255],[-73.99687,40.77283],[-73.99478,40.77194],[-73.99445,40.77239],[-73.99612,40.77328],[-73.99416,40.7725],[-73.99383,40.77294],[-73.99618,40.774],[-73.99394,40.77319],[-73.99227,40.77512],[-73.99206,40.77551],[-73.99239,40.77557],[-73.99093,40.77758],[-73.9904,40.77759],[-73.98887,40.7797],[-73.99155,40.77958],[-73.98889,40.77989],[-73.98808,40.78166],[-73.98547,40.78537],[-73.98617,40.78608],[-73.98712,40.78522],[-73.9865,40.78596],[-73.98603,40.78624],[-73.98543,40.78542],[-73.98508,40.78593],[-73.98577,40.7862],[-73.98502,40.78602],[-73.98466,40.78654],[-73.98595,40.7865],[-73.98462,40.78659],[-73.98189,40.79052],[-73.98036,40.78995],[-73.97915,40.79149],[-73.97769,40.79217],[-73.97599,40.79145],[-73.97462,40.79333],[-73.97177,40.79214],[-73.97644,40.78574],[-73.97806,40.78643],[-73.97947,40.78453],[-73.97499,40.78264],[-73.97454,40.78325],[-73.97172,40.78203],[-73.97143,40.78166],[-73.97166,40.78051],[-73.97103,40.77995],[-73.9671,40.77834],[-73.96518,40.77795],[-73.96373,40.77701]]]}},{"type":"Feature","properties":{"id":75},"geometry":{"type":"Polygon","coordinates":[[[-73.96704,40.77247],[-73.9855,40.74716],[-73.9839,40.74649],[-73.98479,40.74525],[-73.9866,40.74278],[-73.9882,40.74346],[-73.99266,40.73734],[-74.00723,40.74348],[-74.00681,40.74407],[-74.00826,40.74468],[-74.0087,40.74237],[-74.00959,40.74327],[-74.01214,40.74354],[-74.01202,40.74395],[-74.0089,40.74393],[-74.00873,40.74489],[-74.00961,40.74501],[-74.00956,40.7453],[-74.01017,40.74495],[-74.00998,40.74533],[-74.01047,40.7454],[-74.01042,40.74499],[-74.01077,40.74501],[-74.01055,40.7454],[-74.01139,40.74508],[-74.01116,40.74545],[-74.01174,40.74553],[-74.01184,40.74513],[-74.01168,40.74599],[-74.00947,40.74576],[-74.00937,40.74634],[-74.01154,40.74658],[-74.01151,40.74699],[-74.00924,40.74677],[-74.00914,40.74737],[-74.01141,40.74764],[-74.0113,40.74802],[-74.00906,40.74779],[-74.00895,40.74842],[-74.01122,40.74869],[-74.01111,40.74906],[-74.00995,40.74894],[-74.00911,40.75038],[-74.01068,40.75103],[-74.01057,40.75133],[-74.009,40.75066],[-74.00853,40.75189],[-74.00934,40.75236],[-74.00843,40.75217],[-74.00997,40.75294],[-74.00835,40.75236],[-74.00775,40.75435],[-74.00481,40.75782],[-74.00528,40.75804],[-74.00503,40.75837],[-74.007,40.75918],[-74.00653,40.75988],[-74.00451,40.75909],[-74.00381,40.75952],[-74.00432,40.75992],[-74.00367,40.75971],[-74.00393,40.76001],[-74.00234,40.76155],[-74.00445,40.76267],[-74.0022,40.76174],[-74.00179,40.7623],[-74.00115,40.76203],[-74.00162,40.76136],[-73.9988,40.76016],[-73.99831,40.76083],[-73.99621,40.75995],[-73.9957,40.76061],[-73.99499,40.76031],[-73.99133,40.76532],[-73.98565,40.76292],[-73.98382,40.76543],[-73.98597,40.76574],[-73.98692,40.76627],[-73.97975,40.77612],[-73.97691,40.77492],[-73.97596,40.77623],[-73.97545,40.77593],[-73.97548,40.7745],[-73.97452,40.7747],[-73.97299,40.77382],[-73.96921,40.77345],[-73.96883,40.77317],[-73.96886,40.77256],[-73.96808,40.77283],[-73.96704,40.77247]]]}},{"type":"Feature","properties":{"id":30},"geometry":{"type":"Polygon","coordinates":[[[-73.89155,40.75306],[-73.8934,40.75286],[-73.89271,40.74887],[-73.89175,40.74897],[-73.89139,40.74665],[-73.88101,40.74185],[-73.88034,40.74254],[-73.87918,40.74163],[-73.87835,40.74211],[-73.87696,40.74104],[-73.87562,40.74199],[-73.8748,40.7413],[-73.87202,40.73392],[-73.87048,40.7333],[-73.87124,40.73191],[-73.88039,40.72891],[-73.88721,40.72788],[-73.89071,40.72601],[-73.89379,40.72537],[-73.9044,40.72637],[-73.91173,40.72997],[-73.91109,40.73263],[-73.90856,40.73794],[-73.90756,40.74167],[-73.91019,40.74198],[-73.90959,40.74495],[-73.90864,40.74511],[-73.90812,40.74619],[-73.91015,40.74824],[-73.90944,40.75076],[-73.91034,40.75269],[-73.90901,40.75429],[-73.90783,40.75701],[-73.89626,40.75817],[-73.89598,40.75662],[-73.89226,40.757],[-73.89155,40.75306]]]}},{"type":"Feature","properties":{"id":39},"geometry":{"type":"Polygon","coordinates":[[[-73.8631,40.75068],[-73.86224,40.75093],[-73.86252,40.75146],[-73.85666,40.7532],[-73.85121,40.74285],[-73.85368,40.74212],[-73.85393,40.74235],[-73.85731,40.73969],[-73.85877,40.74081],[-73.86073,40.73964],[-73.86186,40.7416],[-73.86441,40.74048],[-73.86715,40.73985],[-73.86732,40.74027],[-73.86899,40.73989],[-73.86819,40.73784],[-73.86857,40.73775],[-73.86823,40.73686],[-73.86784,40.73692],[-73.86631,40.73378],[-73.86462,40.73429],[-73.86343,40.73196],[-73.86448,40.7311],[-73.8684,40.72486],[-73.87545,40.72176],[-73.88131,40.72142],[-73.88092,40.72161],[-73.88244,40.72352],[-73.88564,40.72203],[-73.88706,40.72381],[-73.88721,40.7277],[-73.88435,40.72851],[-73.88005,40.729],[-73.87124,40.73191],[-73.87048,40.7333],[-73.87202,40.73392],[-73.8748,40.7413],[-73.87562,40.74199],[-73.87696,40.74104],[-73.87835,40.74211],[-73.87918,40.74163],[-73.88034,40.74254],[-73.88101,40.74185],[-73.89139,40.74665],[-73.89175,40.74897],[-73.89271,40.74887],[-73.8934,40.75286],[-73.88225,40.75403],[-73.8811,40.74781],[-73.87936,40.74704],[-73.87889,40.74765],[-73.87716,40.74687],[-73.87679,40.74752],[-73.8749,40.74668],[-73.87398,40.74787],[-73.87192,40.7468],[-73.86853,40.7476],[-73.86844,40.74704],[-73.86316,40.7486],[-73.86273,40.74988],[-73.8631,40.75068]]]}},{"type":"Feature","properties":{"id":32},"geometry":{"type":"Polygon","coordinates":[[[-73.76561,40.66967],[-73.76676,40.66744],[-73.77343,40.66804],[-73.78941,40.66685],[-73.78916,40.66835],[-73.79629,40.6694],[-73.79616,40.67012],[-73.79808,40.67045],[-73.79837,40.6741],[-73.80179,40.6744],[-73.80718,40.68561],[-73.81441,40.69834],[-73.81233,40.69912],[-73.81336,40.70122],[-73.81164,40.70172],[-73.81201,40.70595],[-73.80328,40.70842],[-73.80303,40.70815],[-73.80107,40.70983],[-73.80022,40.70845],[-73.79931,40.70871],[-73.79701,40.70462],[-73.79358,40.69976],[-73.79187,40.70137],[-73.7905,40.7018],[-73.78646,40.6978],[-73.7859,40.69774],[-73.78343,40.69471],[-73.78211,40.69525],[-73.77662,40.68837],[-73.77315,40.68581],[-73.77671,40.68289],[-73.77357,40.68097],[-73.77232,40.6815],[-73.76974,40.68379],[-73.75984,40.67898],[-73.7579,40.67613],[-73.76249,40.6742],[-73.76368,40.67475],[-73.76435,40.67186],[-73.76561,40.66967]]]}},{"type":"Feature","properties":{"id":50},"geometry":{"type":"Polygon","coordinates":[[[-73.9278,40.72502],[-73.93711,40.72261],[-73.93589,40.71987],[-73.94049,40.71869],[-73.94184,40.71693],[-73.94216,40.71507],[-73.94069,40.71197],[-73.95164,40.71091],[-73.9598,40.7139],[-73.96016,40.71335],[-73.96168,40.71391],[-73.96294,40.71191],[-73.96142,40.71136],[-73.96196,40.7105],[-73.95749,40.70909],[-73.95791,40.70844],[-73.95191,40.70637],[-73.94879,40.70449],[-73.95023,40.70356],[-73.95001,40.70273],[-73.95192,40.7015],[-73.95009,40.6998],[-73.96248,40.6981],[-73.96122,40.70145],[-73.96239,40.70251],[-73.9643,40.70302],[-73.96647,40.705],[-73.96702,40.70629],[-73.96795,40.70574],[-73.96838,40.70684],[-73.96929,40.7071],[-73.96985,40.70801],[-73.96961,40.71028],[-73.97007,40.71047],[-73.96938,40.71103],[-73.96991,40.71128],[-73.96924,40.71125],[-73.96844,40.71295],[-73.96885,40.71322],[-73.96725,40.71699],[-73.96512,40.71924],[-73.96526,40.72015],[-73.96503,40.72039],[-73.96448,40.72004],[-73.96276,40.72241],[-73.96166,40.72487],[-73.96212,40.72516],[-73.96117,40.72527],[-73.95833,40.72442],[-73.95794,40.72466],[-73.95843,40.72541],[-73.96013,40.72533],[-73.96029,40.72596],[-73.96162,40.72587],[-73.96102,40.72871],[-73.96233,40.73376],[-73.96191,40.73476],[-73.95983,40.73707],[-73.95693,40.7389],[-73.95292,40.73894],[-73.94652,40.73694],[-73.9472,40.73536],[-73.94707,40.73441],[-73.9466,40.73445],[-73.94674,40.73529],[-73.94557,40.73662],[-73.945,40.73644],[-73.94519,40.73549],[-73.94452,40.73629],[-73.9424,40.73543],[-73.94115,40.73416],[-73.93981,40.73116],[-73.9381,40.72974],[-73.93493,40.72855],[-73.92958,40.72762],[-73.92787,40.72586],[-73.9278,40.72502]]]}},{"type":"Feature","properties":{"id":59},"geometry":{"type":"MultiPolygon","coordinates":[[[[-73.86328,40.58389],[-73.86449,40.58362],[-73.86773,40.58167],[-73.86926,40.58192],[-73.87051,40.58335],[-73.87116,40.58688],[-73.86981,40.58947],[-73.86635,40.5919],[-73.86327,40.59092],[-73.86125,40.588],[-73.86168,40.58615],[-73.86328,40.58389]]],[[[-73.86953,40.59872],[-73.86967,40.5967],[-73.87021,40.59696],[-73.86953,40.59872]]],[[[-73.9199,40.59961],[-73.91866,40.59948],[-73.91627,40.59817],[-73.91338,40.59473],[-73.91306,40.59408],[-73.91326,40.59224],[-73.91295,40.59206],[-73.91525,40.5916],[-73.91788,40.59473],[-73.92083,40.59634],[-73.92182,40.59734],[-73.92213,40.59867],[-73.92085,40.59955],[-73.9199,40.59961]]],[[[-73.8702,40.599],[-73.87108,40.59891],[-73.8705,40.60261],[-73.8702,40.599]]],[[[-73.85243,40.59734],[-73.85493,40.59631],[-73.85674,40.59608],[-73.86045,40.59648],[-73.86055,40.59707],[-73.86275,40.59908],[-73.86336,40.60033],[-73.86187,40.60217],[-73.86113,40.60256],[-73.85906,40.60207],[-73.85483,40.60188],[-73.85277,40.60096],[-73.85077,40.59885],[-73.85243,40.59734]]],[[[-73.86703,40.60375],[-73.86768,40.60308],[-73.86831,40.60315],[-73.86794,40.60397],[-73.86703,40.60418],[-73.86703,40.60375]]],[[[-73.84674,40.60486],[-73.84608,40.60455],[-73.84642,40.6042],[-73.84578,40.60483],[-73.84495,40.60478],[-73.84557,40.60455],[-73.84519,40.60448],[-73.84446,40.6047],[-73.84496,40.60438],[-73.84492,40.60369],[-73.8455,40.60386],[-73.84516,40.60374],[-73.84562,40.60353],[-73.8462,40.60419],[-73.84667,40.60419],[-73.84638,40.60442],[-73.84665,40.60459],[-73.84786,40.60471],[-73.84674,40.60486]]],[[[-73.84828,40.60544],[-73.84784,40.60509],[-73.84825,40.60515],[-73.84828,40.60544]]],[[[-73.8484,40.60593],[-73.84827,40.60578],[-73.84872,40.6059],[-73.8484,40.60593]]],[[[-73.83446,40.6072],[-73.83574,40.6058],[-73.83528,40.60691],[-73.83438,40.60786],[-73.83446,40.6072]]],[[[-73.86703,40.60808],[-73.86874,40.60704],[-73.86869,40.60825],[-73.86778,40.60855],[-73.86703,40.60808]]],[[[-73.86967,40.60655],[-73.87109,40.6047],[-73.87106,40.60629],[-73.87246,40.60819],[-73.873,40.61056],[-73.87104,40.60973],[-73.86967,40.60655]]],[[[-73.85048,40.61235],[-73.84967,40.61212],[-73.84986,40.61102],[-73.8495,40.61034],[-73.85009,40.61017],[-73.84942,40.60983],[-73.85135,40.60928],[-73.8517,40.60862],[-73.85337,40.60802],[-73.85324,40.60774],[-73.85446,40.6079],[-73.85363,40.60727],[-73.85507,40.60747],[-73.85464,40.6077],[-73.8548,40.6086],[-73.85555,40.60899],[-73.85525,40.60955],[-73.85595,40.60955],[-73.8566,40.61084],[-73.85619,40.61105],[-73.85542,40.61012],[-73.85197,40.61025],[-73.85265,40.61118],[-73.85172,40.61096],[-73.85174,40.61158],[-73.85106,40.61148],[-73.85048,40.61235]]],[[[-73.84474,40.61398],[-73.84357,40.61368],[-73.84343,40.61298],[-73.84264,40.61318],[-73.84184,40.6127],[-73.84158,40.61183],[-73.84068,40.61145],[-73.8398,40.61237],[-73.83911,40.61247],[-73.83872,40.612],[-73.8388,40.6128],[-73.83818,40.61309],[-73.83624,40.61228],[-73.83752,40.61087],[-73.83746,40.61016],[-73.83852,40.60924],[-73.83887,40.60791],[-73.8391,40.60832],[-73.84004,40.60824],[-73.8401,40.60897],[-73.8405,40.60856],[-73.83936,40.60762],[-73.84136,40.6068],[-73.84127,40.60626],[-73.84046,40.60622],[-73.84042,40.60578],[-73.8406,40.60541],[-73.84123,40.60554],[-73.84113,40.6047],[-73.84149,40.60451],[-73.84186,40.6048],[-73.84296,40.60422],[-73.84443,40.60416],[-73.84271,40.60465],[-73.84267,40.60509],[-73.84194,40.60494],[-73.84243,40.60529],[-73.84297,40.60508],[-73.84283,40.60473],[-73.84338,40.60499],[-73.84382,40.60544],[-73.84357,40.60586],[-73.8439,40.60642],[-73.84371,40.60583],[-73.84406,40.60545],[-73.84361,40.60471],[-73.84407,40.60457],[-73.84461,40.60504],[-73.84469,40.60615],[-73.84411,40.6059],[-73.84458,40.60661],[-73.8453,40.60628],[-73.84505,40.60587],[-73.8454,40.60572],[-73.84505,40.60554],[-73.84531,40.6054],[-73.84494,40.60504],[-73.84582,40.60517],[-73.84627,40.60472],[-73.84747,40.60509],[-73.84727,40.60583],[-73.84591,40.6063],[-73.84618,40.60677],[-73.84664,40.60676],[-73.8464,40.60731],[-73.84689,40.60658],[-73.84623,40.60673],[-73.84645,40.60623],[-73.84766,40.60593],[-73.84885,40.60638],[-73.84965,40.60606],[-73.84962,40.60667],[-73.84876,40.60653],[-73.84806,40.60674],[-73.84824,40.6071],[-73.84755,40.60699],[-73.84683,40.60807],[-73.84486,40.6081],[-73.8455,40.60852],[-73.84628,40.60829],[-73.84555,40.60934],[-73.84574,40.60974],[-73.84539,40.60979],[-73.84573,40.61145],[-73.84486,40.61104],[-73.84526,40.6115],[-73.84508,40.61234],[-73.84571,40.61288],[-73.84526,40.61328],[-73.84565,40.6137],[-73.84474,40.61398]]],[[[-73.8337,40.62099],[-73.83402,40.61439],[-73.83542,40.61462],[-73.83586,40.61522],[-73.83777,40.61553],[-73.83528,40.61726],[-73.83496,40.61854],[-73.83571,40.61974],[-73.83523,40.61997],[-73.83489,40.61962],[-73.8348,40.61993],[-73.83531,40.62015],[-73.83491,40.62048],[-73.8338,40.61965],[-73.83447,40.62013],[-73.8337,40.62099]]],[[[-73.83478,40.62263],[-73.83414,40.62236],[-73.83362,40.62261],[-73.83401,40.62104],[-73.83499,40.62102],[-73.83478,40.62263]]],[[[-73.85023,40.62333],[-73.8494,40.62249],[-73.84847,40.62237],[-73.84902,40.62149],[-73.85049,40.6209],[-73.85085,40.62026],[-73.85492,40.62004],[-73.85655,40.61958],[-73.85676,40.62041],[-73.8574,40.62031],[-73.85657,40.62149],[-73.85517,40.62197],[-73.85464,40.6216],[-73.85451,40.6208],[-73.85359,40.62047],[-73.85185,40.62057],[-73.8514,40.62081],[-73.85129,40.62184],[-73.85236,40.62298],[-73.8519,40.6228],[-73.8518,40.62335],[-73.85133,40.62348],[-73.85025,40.62359],[-73.85023,40.62333]]],[[[-73.83359,40.6236],[-73.83371,40.6237],[-73.83364,40.62396],[-73.83359,40.6236]]],[[[-73.86213,40.624],[-73.86304,40.62331],[-73.86378,40.62396],[-73.86207,40.62433],[-73.86213,40.624]]],[[[-73.8459,40.62498],[-73.84477,40.62486],[-73.84478,40.62425],[-73.84384,40.6243],[-73.84389,40.62382],[-73.84294,40.62333],[-73.84537,40.62306],[-73.8451,40.62343],[-73.84554,40.62408],[-73.84521,40.62436],[-73.8459,40.62498]]],[[[-73.85778,40.62483],[-73.85784,40.6252],[-73.85734,40.62515],[-73.85778,40.62483]]],[[[-73.84049,40.6275],[-73.83947,40.6273],[-73.84072,40.62587],[-73.84169,40.6264],[-73.84151,40.62679],[-73.84238,40.62745],[-73.84045,40.62659],[-73.84015,40.62699],[-73.84049,40.6275]]],[[[-73.86873,40.61737],[-73.87395,40.61585],[-73.87798,40.61581],[-73.87952,40.61657],[-73.87974,40.61893],[-73.87888,40.62058],[-73.87779,40.62166],[-73.86646,40.62826],[-73.86519,40.62767],[-73.86473,40.62653],[-73.86498,40.62567],[-73.86651,40.62376],[-73.86638,40.62301],[-73.86523,40.6219],[-73.86501,40.62055],[-73.86576,40.61851],[-73.86685,40.61782],[-73.86873,40.61737]]],[[[-73.84814,40.62855],[-73.84847,40.6288],[-73.84813,40.62885],[-73.84814,40.62855]]],[[[-73.84852,40.63057],[-73.84869,40.63047],[-73.8487,40.63062],[-73.84852,40.63057]]],[[[-73.853,40.63203],[-73.85257,40.63125],[-73.85167,40.63088],[-73.85219,40.63037],[-73.85366,40.63088],[-73.85509,40.63012],[-73.8568,40.62985],[-73.85856,40.63047],[-73.85759,40.63272],[-73.85536,40.63282],[-73.85435,40.63373],[-73.85241,40.63365],[-73.853,40.63203]]],[[[-73.84639,40.63529],[-73.84783,40.63279],[-73.84914,40.63212],[-73.85005,40.63218],[-73.84985,40.63421],[-73.84891,40.63535],[-73.84774,40.63821],[-73.84629,40.63865],[-73.84553,40.63745],[-73.84427,40.6367],[-73.84502,40.63569],[-73.84639,40.63529]]],[[[-73.89814,40.6414],[-73.8897,40.63381],[-73.88077,40.63959],[-73.87954,40.63823],[-73.87864,40.6383],[-73.87858,40.63753],[-73.87715,40.63598],[-73.87821,40.63458],[-73.88365,40.63095],[-73.88377,40.63023],[-73.88346,40.62992],[-73.88405,40.62957],[-73.88263,40.62828],[-73.88369,40.62757],[-73.88513,40.62884],[-73.88572,40.62845],[-73.88631,40.62869],[-73.88753,40.62834],[-73.89042,40.62629],[-73.89149,40.62449],[-73.89301,40.62336],[-73.89549,40.62249],[-73.91446,40.631],[-73.91606,40.63204],[-73.91699,40.6319],[-73.91749,40.63125],[-73.91659,40.63046],[-73.90464,40.62514],[-73.90387,40.62498],[-73.90533,40.62587],[-73.90255,40.62445],[-73.90327,40.62449],[-73.90283,40.62406],[-73.90229,40.62442],[-73.90287,40.62366],[-73.90105,40.62272],[-73.90053,40.62169],[-73.89812,40.62186],[-73.89648,40.62144],[-73.89562,40.61981],[-73.89664,40.61736],[-73.89586,40.61453],[-73.89428,40.61389],[-73.8925,40.6138],[-73.89096,40.61284],[-73.89142,40.61213],[-73.89393,40.61154],[-73.89397,40.61122],[-73.89355,40.61101],[-73.8919,40.61154],[-73.89108,40.61229],[-73.88977,40.61167],[-73.88979,40.61096],[-73.89227,40.60917],[-73.89273,40.60724],[-73.89335,40.60675],[-73.89834,40.60531],[-73.90014,40.60561],[-73.9011,40.60708],[-73.90028,40.61008],[-73.90141,40.6111],[-73.90137,40.61171],[-73.9025,40.61182],[-73.90133,40.61049],[-73.90265,40.61179],[-73.90236,40.61199],[-73.90305,40.6121],[-73.90256,40.61217],[-73.90717,40.61602],[-73.90674,40.6163],[-73.90726,40.6161],[-73.90711,40.61662],[-73.90753,40.61635],[-73.90724,40.61656],[-73.90762,40.6169],[-73.90879,40.61744],[-73.90863,40.61718],[-73.90907,40.61717],[-73.90836,40.61654],[-73.9088,40.61688],[-73.90914,40.61654],[-73.90797,40.61575],[-73.90918,40.61653],[-73.90896,40.617],[-73.9096,40.6164],[-73.90422,40.61236],[-73.90429,40.61203],[-73.90226,40.61043],[-73.90164,40.60577],[-73.90524,40.60492],[-73.90598,40.60639],[-73.9081,40.60629],[-73.90864,40.60667],[-73.90985,40.60601],[-73.90833,40.60408],[-73.91092,40.60351],[-73.91365,40.60399],[-73.91674,40.60682],[-73.91632,40.60868],[-73.91679,40.60878],[-73.91663,40.60945],[-73.91684,40.60877],[-73.91651,40.60864],[-73.91709,40.60883],[-73.91617,40.61052],[-73.9145,40.61166],[-73.91494,40.61397],[-73.91386,40.61465],[-73.91422,40.61494],[-73.91642,40.61358],[-73.91592,40.61385],[-73.91577,40.61355],[-73.91625,40.61363],[-73.91575,40.61339],[-73.9164,40.61346],[-73.91587,40.61292],[-73.91663,40.61345],[-73.91573,40.61184],[-73.91811,40.61022],[-73.91773,40.60979],[-73.91787,40.60934],[-73.91768,40.60967],[-73.91796,40.60879],[-73.91788,40.60932],[-73.91856,40.60851],[-73.91801,40.60816],[-73.91857,40.6085],[-73.91901,40.60828],[-73.91814,40.60765],[-73.91902,40.60827],[-73.91936,40.60805],[-73.91825,40.60724],[-73.9185,40.60708],[-73.91937,40.60804],[-73.91952,40.60775],[-73.91443,40.60287],[-73.91369,40.60286],[-73.91364,40.60253],[-73.91347,40.60292],[-73.9135,40.60238],[-73.91302,40.60276],[-73.91348,40.60236],[-73.91312,40.60223],[-73.91271,40.6027],[-73.91306,40.60221],[-73.91159,40.60214],[-73.91254,40.60237],[-73.91155,40.60245],[-73.91257,40.60269],[-73.91087,40.6025],[-73.91152,40.60241],[-73.91094,40.60214],[-73.91156,40.60216],[-73.91076,40.60204],[-73.91075,40.60245],[-73.90904,40.60269],[-73.91071,40.60243],[-73.91071,40.60215],[-73.90941,40.6022],[-73.91073,40.60203],[-73.90904,40.60163],[-73.90784,40.60228],[-73.9043,40.60268],[-73.90373,40.60242],[-73.90193,40.60319],[-73.89933,40.60356],[-73.89562,40.60302],[-73.89241,40.60331],[-73.88773,40.60528],[-73.88478,40.60515],[-73.88397,40.60556],[-73.88272,40.60419],[-73.88337,40.60289],[-73.88181,40.59937],[-73.87991,40.59206],[-73.87942,40.59214],[-73.8799,40.59203],[-73.87972,40.59141],[-73.87936,40.59085],[-73.87897,40.59091],[-73.87929,40.59067],[-73.87879,40.58804],[-73.87672,40.58492],[-73.8797,40.58014],[-73.88174,40.5796],[-73.88175,40.57917],[-73.88614,40.57814],[-73.89119,40.57788],[-73.89553,40.57678],[-73.89651,40.57902],[-73.89675,40.5832],[-73.89816,40.58536],[-73.89794,40.58589],[-73.89826,40.58679],[-73.89892,40.58755],[-73.89973,40.58717],[-73.89903,40.58768],[-73.89981,40.58802],[-73.90122,40.58739],[-73.90003,40.58788],[-73.90072,40.58809],[-73.9021,40.58736],[-73.90427,40.58692],[-73.90652,40.58803],[-73.90713,40.58754],[-73.90644,40.58704],[-73.91089,40.58596],[-73.91153,40.58611],[-73.91197,40.58671],[-73.91206,40.58875],[-73.91144,40.59109],[-73.91203,40.59438],[-73.91355,40.59673],[-73.91507,40.59801],[-73.91517,40.59868],[-73.91862,40.60068],[-73.92171,40.60175],[-73.92297,40.60111],[-73.92394,40.59972],[-73.92471,40.59975],[-73.928,40.60194],[-73.92884,40.60213],[-73.92964,40.60298],[-73.92909,40.6038],[-73.93003,40.60365],[-73.93017,40.60401],[-73.93118,40.60386],[-73.93212,40.6027],[-73.93033,40.60119],[-73.92936,40.60099],[-73.92923,40.6005],[-73.92859,40.60062],[-73.9272,40.59992],[-73.9229,40.59646],[-73.92178,40.59504],[-73.92034,40.59474],[-73.91818,40.59312],[-73.91641,40.59115],[-73.91488,40.59032],[-73.91455,40.58886],[-73.91726,40.58749],[-73.91806,40.58644],[-73.91917,40.58596],[-73.92041,40.5861],[-73.92091,40.5856],[-73.92235,40.58603],[-73.92493,40.58568],[-73.92721,40.58773],[-73.92765,40.58747],[-73.92736,40.58803],[-73.92808,40.58771],[-73.92741,40.58821],[-73.92802,40.58808],[-73.92746,40.58831],[-73.92776,40.58867],[-73.92395,40.59115],[-73.9246,40.59121],[-73.92863,40.58858],[-73.92838,40.58899],[-73.92895,40.58892],[-73.92867,40.58915],[-73.92922,40.58882],[-73.92876,40.58916],[-73.93004,40.58943],[-73.93065,40.5903],[-73.93036,40.59256],[-73.92971,40.59313],[-73.93004,40.59307],[-73.92974,40.59315],[-73.92996,40.59401],[-73.93008,40.5936],[-73.93053,40.59389],[-73.93055,40.59421],[-73.93004,40.59411],[-73.93043,40.59441],[-73.93177,40.59429],[-73.93082,40.59454],[-73.93261,40.59494],[-73.93268,40.59424],[-73.93114,40.59202],[-73.9314,40.59181],[-73.93101,40.59194],[-73.93156,40.5913],[-73.93121,40.58954],[-73.93069,40.58883],[-73.93009,40.589],[-73.93065,40.58868],[-73.9304,40.58847],[-73.92973,40.58862],[-73.93039,40.58845],[-73.92972,40.58757],[-73.93135,40.58734],[-73.93125,40.58686],[-73.92858,40.58707],[-73.92808,40.58671],[-73.92816,40.58587],[-73.92737,40.58601],[-73.92752,40.58641],[-73.92731,40.58587],[-73.92529,40.58465],[-73.9202,40.58464],[-73.91566,40.58623],[-73.9135,40.5861],[-73.91259,40.58557],[-73.91246,40.58336],[-73.91463,40.58277],[-73.91499,40.58316],[-73.91614,40.58287],[-73.9173,40.5832],[-73.91541,40.58237],[-73.9125,40.58309],[-73.91156,40.58278],[-73.91128,40.58227],[-73.91157,40.58179],[-73.91502,40.58155],[-73.92444,40.58357],[-73.92963,40.58341],[-73.93109,40.58275],[-73.93102,40.58411],[-73.93305,40.59488],[-73.92879,40.59733],[-73.94155,40.60878],[-73.93935,40.6102],[-73.94116,40.61183],[-73.93173,40.61794],[-73.9322,40.62328],[-73.92492,40.62799],[-73.92571,40.63538],[-73.92284,40.63557],[-73.91917,40.63748],[-73.91946,40.64025],[-73.91444,40.64335],[-73.91229,40.64142],[-73.90928,40.64321],[-73.90669,40.64088],[-73.90138,40.6443],[-73.89814,40.6414]]]]}},{"type":"Feature","properties":{"id":47},"geometry":{"type":"Polygon","coordinates":[[[-73.97399,40.61404],[-73.97259,40.60668],[-73.97362,40.60657],[-73.97305,40.60429],[-73.97409,40.59689],[-73.98221,40.596],[-73.98132,40.59149],[-73.98421,40.59117],[-73.98433,40.59035],[-73.98653,40.59168],[-73.98999,40.58847],[-73.99402,40.59365],[-73.99866,40.59728],[-74.00004,40.59595],[-74.00348,40.59683],[-74.00257,40.59705],[-74.00373,40.59737],[-74.01161,40.60212],[-74.01356,40.60259],[-74.0115,40.60477],[-74.01702,40.60766],[-74.00934,40.61502],[-74.00494,40.61236],[-74.00436,40.61292],[-73.99946,40.60996],[-74.00002,40.60939],[-73.99588,40.60689],[-73.99356,40.60913],[-73.99136,40.6078],[-73.98129,40.61748],[-73.97497,40.61368],[-73.97489,40.61319],[-73.97399,40.61404]]]}},{"type":"Feature","properties":{"id":43},"geometry":{"type":"Polygon","coordinates":[[[-73.94992,40.6761],[-73.94161,40.67565],[-73.9417,40.67476],[-73.93617,40.67447],[-73.93627,40.67357],[-73.9307,40.67327],[-73.93161,40.66356],[-73.9309,40.65662],[-73.93479,40.65637],[-73.93465,40.6551],[-73.9404,40.65475],[-73.94023,40.65322],[-73.944,40.65298],[-73.9438,40.65111],[-73.94957,40.65082],[-73.94967,40.65171],[-73.95893,40.65122],[-73.95933,40.65294],[-73.96141,40.65218],[-73.96303,40.66242],[-73.96225,40.66321],[-73.95385,40.66374],[-73.95269,40.67625],[-73.94992,40.6761]]]}},{"type":"Feature","properties":{"id":51},"geometry":{"type":"Polygon","coordinates":[[[-73.98922,40.66976],[-73.99174,40.66674],[-73.98695,40.66443],[-73.98745,40.66383],[-73.98666,40.66345],[-73.98774,40.66161],[-73.98668,40.66094],[-73.98784,40.65983],[-73.98564,40.65849],[-73.98623,40.65793],[-73.9818,40.65525],[-73.98036,40.6477],[-73.98835,40.64457],[-73.99623,40.63934],[-74.00417,40.64414],[-74.00591,40.64245],[-74.00812,40.64378],[-74.01751,40.63476],[-74.01825,40.63304],[-74.02567,40.63668],[-74.03089,40.63829],[-74.03032,40.63966],[-74.02885,40.64081],[-74.0289,40.64122],[-74.02983,40.64233],[-74.03254,40.64383],[-74.0319,40.6439],[-74.03052,40.64528],[-74.02821,40.64402],[-74.02605,40.64627],[-74.02974,40.64849],[-74.02939,40.64881],[-74.02572,40.64662],[-74.02507,40.64673],[-74.02415,40.64762],[-74.02513,40.64833],[-74.02554,40.64979],[-74.02477,40.6507],[-74.02382,40.65136],[-74.02306,40.65098],[-74.02262,40.65132],[-74.02154,40.65068],[-74.0209,40.65126],[-74.02381,40.65305],[-74.02196,40.65223],[-74.02123,40.65271],[-74.02321,40.6541],[-74.02163,40.65365],[-74.02115,40.65422],[-74.02183,40.65466],[-74.02165,40.65489],[-74.01862,40.6535],[-74.01812,40.65389],[-74.02026,40.65513],[-74.02005,40.65534],[-74.01788,40.65407],[-74.01715,40.65478],[-74.01971,40.65659],[-74.01727,40.6552],[-74.0164,40.65563],[-74.01911,40.65738],[-74.01861,40.65785],[-74.01586,40.65622],[-74.01544,40.65664],[-74.01787,40.65832],[-74.01505,40.65696],[-74.01442,40.65762],[-74.01746,40.65946],[-74.01554,40.66077],[-74.01184,40.65892],[-74.01111,40.65971],[-74.01402,40.66154],[-74.01316,40.66199],[-74.0086,40.65953],[-74.00746,40.66057],[-74.01037,40.66241],[-74.00955,40.66328],[-74.00869,40.66338],[-74.00616,40.66185],[-74.00569,40.66228],[-74.00429,40.66145],[-74.00623,40.6628],[-74.00593,40.66312],[-74.00381,40.66192],[-74.00349,40.66225],[-74.006,40.66327],[-74.00561,40.66347],[-74.00768,40.6648],[-74.00731,40.66461],[-74.00713,40.66492],[-74.00653,40.66456],[-74.00688,40.66435],[-74.00584,40.66415],[-74.00605,40.66385],[-74.00564,40.66454],[-74.00565,40.66391],[-74.00363,40.66274],[-74.0034,40.66299],[-74.00528,40.66467],[-74.00486,40.66507],[-74.00114,40.66291],[-73.99953,40.66441],[-74.00293,40.66647],[-74.00162,40.66677],[-74.00069,40.66755],[-73.99998,40.66746],[-73.99903,40.66845],[-73.99866,40.66952],[-73.99877,40.67161],[-74.0003,40.66873],[-74.00106,40.66895],[-74.00142,40.66837],[-74.00222,40.66859],[-74.0029,40.66736],[-74.00587,40.668],[-74.00696,40.66605],[-74.00476,40.67073],[-74.00544,40.67093],[-74.00755,40.66706],[-74.0078,40.66717],[-74.00709,40.6686],[-74.00986,40.66853],[-74.01154,40.66509],[-74.01575,40.66458],[-74.01745,40.66528],[-74.01789,40.66586],[-74.01876,40.67108],[-74.01934,40.67163],[-74.01751,40.67104],[-74.01649,40.66494],[-74.01603,40.66487],[-74.01594,40.66548],[-74.01228,40.66574],[-74.01034,40.66909],[-74.01091,40.6692],[-74.01087,40.66972],[-74.01154,40.66979],[-74.01163,40.67059],[-74.01425,40.66974],[-74.01175,40.67067],[-74.01428,40.67139],[-74.0152,40.67076],[-74.01387,40.67189],[-74.01423,40.67214],[-74.01569,40.67105],[-74.01298,40.67334],[-74.01337,40.6736],[-74.01512,40.67217],[-74.01632,40.67292],[-74.01458,40.67442],[-74.01497,40.67469],[-74.01817,40.67195],[-74.0188,40.67226],[-74.01727,40.67362],[-74.01817,40.67442],[-74.01784,40.67527],[-74.0183,40.67547],[-74.01889,40.67511],[-74.0185,40.67585],[-74.01799,40.67593],[-74.01792,40.67652],[-74.01977,40.67662],[-74.01995,40.67711],[-74.01908,40.67715],[-74.01918,40.67784],[-74.01843,40.67792],[-74.01841,40.67842],[-74.01966,40.6784],[-74.01827,40.67856],[-74.01858,40.67899],[-74.01955,40.67898],[-74.01899,40.67991],[-74.01282,40.68363],[-74.01214,40.68291],[-74.01411,40.68172],[-74.01361,40.68123],[-74.01388,40.68102],[-74.01302,40.68042],[-74.00967,40.68328],[-74.01077,40.68437],[-74.01193,40.6839],[-74.00798,40.68628],[-74.00485,40.68568],[-74.00454,40.68636],[-74.00065,40.68526],[-74.0033,40.67953],[-74.00068,40.67556],[-73.99777,40.67475],[-73.99882,40.67258],[-73.99803,40.67138],[-73.99764,40.6721],[-73.9949,40.6708],[-73.99388,40.67201],[-73.98922,40.66976]]]}},{"type":"Feature","properties":{"id":24},"geometry":{"type":"Polygon","coordinates":[[[-73.74863,40.74499],[-73.74785,40.7433],[-73.74704,40.74251],[-73.7444,40.74142],[-73.7436,40.73902],[-73.74307,40.73845],[-73.7402,40.73904],[-73.74168,40.73683],[-73.7386,40.7375],[-73.73619,40.73137],[-73.73716,40.72874],[-73.74377,40.73024],[-73.75261,40.72559],[-73.7595,40.72104],[-73.76733,40.7173],[-73.77357,40.71513],[-73.778,40.71406],[-73.77847,40.71521],[-73.78858,40.71234],[-73.79065,40.71251],[-73.7914,40.71303],[-73.79322,40.71262],[-73.80131,40.70975],[-73.80303,40.70815],[-73.80328,40.70842],[-73.81201,40.70595],[-73.81164,40.70172],[-73.81336,40.70122],[-73.81233,40.69912],[-73.81441,40.69834],[-73.80796,40.68707],[-73.81394,40.68461],[-73.83411,40.67886],[-73.83565,40.67928],[-73.83698,40.682],[-73.83273,40.68412],[-73.83342,40.68558],[-73.83172,40.68606],[-73.83912,40.70082],[-73.84157,40.70111],[-73.83948,40.7027],[-73.83696,40.70422],[-73.83662,40.70343],[-73.8346,40.70394],[-73.83392,40.70236],[-73.82576,40.70444],[-73.82344,40.70381],[-73.82405,40.70694],[-73.82202,40.70522],[-73.82063,40.70585],[-73.82008,40.70504],[-73.81847,40.70568],[-73.81898,40.70657],[-73.81831,40.70616],[-73.81953,40.70859],[-73.81909,40.70778],[-73.81881,40.70882],[-73.81642,40.70987],[-73.81543,40.7108],[-73.8142,40.71105],[-73.81525,40.71206],[-73.81632,40.71424],[-73.81521,40.71424],[-73.81524,40.71566],[-73.8031,40.71609],[-73.8,40.7166],[-73.79202,40.7189],[-73.7909,40.71888],[-73.79037,40.72014],[-73.79036,40.72301],[-73.79175,40.7258],[-73.77491,40.73092],[-73.7637,40.73287],[-73.76511,40.73457],[-73.76273,40.73527],[-73.76246,40.73656],[-73.76432,40.74068],[-73.76075,40.74166],[-73.76159,40.74342],[-73.75976,40.74392],[-73.75993,40.7443],[-73.75495,40.74563],[-73.75398,40.74353],[-73.74863,40.74499]]]}},{"type":"Feature","properties":{"id":26},"geometry":{"type":"MultiPolygon","coordinates":[[[[-73.74462,40.77896],[-73.74429,40.77876],[-73.74481,40.77857],[-73.74506,40.77915],[-73.74462,40.77896]]],[[[-73.74673,40.78031],[-73.74559,40.77959],[-73.74682,40.77938],[-73.74725,40.78008],[-73.74673,40.78031]]],[[[-73.77752,40.79665],[-73.77618,40.7961],[-73.77437,40.7945],[-73.77363,40.79276],[-73.77236,40.79155],[-73.77213,40.79019],[-73.77063,40.78847],[-73.77174,40.78747],[-73.77427,40.78676],[-73.77423,40.78707],[-73.77634,40.7885],[-73.77427,40.78666],[-73.77408,40.78593],[-73.7682,40.77945],[-73.76703,40.78009],[-73.76678,40.77982],[-73.76816,40.77941],[-73.76709,40.77685],[-73.76511,40.77381],[-73.75894,40.76834],[-73.75864,40.76737],[-73.75787,40.76695],[-73.75739,40.76717],[-73.75651,40.76635],[-73.75494,40.7661],[-73.75219,40.76384],[-73.75108,40.76177],[-73.74861,40.76094],[-73.74656,40.75935],[-73.74628,40.75781],[-73.74578,40.75786],[-73.74466,40.75657],[-73.74487,40.75721],[-73.74631,40.75806],[-73.74606,40.75877],[-73.74636,40.7593],[-73.7475,40.75998],[-73.74854,40.76139],[-73.75004,40.76158],[-73.75123,40.76253],[-73.7517,40.76366],[-73.75305,40.76483],[-73.75507,40.76754],[-73.7544,40.76876],[-73.75472,40.7688],[-73.75471,40.76975],[-73.75557,40.77154],[-73.75438,40.77205],[-73.75337,40.77322],[-73.75519,40.77651],[-73.75481,40.77763],[-73.75552,40.77771],[-73.7547,40.77774],[-73.75403,40.77961],[-73.75232,40.78201],[-73.75062,40.78261],[-73.74825,40.78077],[-73.74736,40.77939],[-73.74778,40.77912],[-73.7468,40.77904],[-73.74535,40.77716],[-73.74611,40.77846],[-73.74601,40.77888],[-73.74529,40.77887],[-73.74462,40.77793],[-73.74524,40.77741],[-73.74502,40.77661],[-73.74508,40.77746],[-73.74443,40.77746],[-73.74404,40.7786],[-73.73938,40.77602],[-73.70163,40.7525],[-73.70058,40.74319],[-73.72338,40.73827],[-73.72419,40.73871],[-73.72306,40.73626],[-73.72268,40.73426],[-73.72992,40.73271],[-73.73219,40.73288],[-73.73291,40.73096],[-73.73632,40.73105],[-73.7386,40.7375],[-73.74168,40.73683],[-73.7402,40.73904],[-73.74307,40.73845],[-73.7436,40.73902],[-73.7444,40.74142],[-73.74672,40.7423],[-73.74785,40.7433],[-73.75116,40.75033],[-73.75029,40.75053],[-73.75041,40.75094],[-73.75109,40.75083],[-73.75139,40.75158],[-73.75737,40.75025],[-73.75783,40.75077],[-73.76057,40.75001],[-73.76144,40.75185],[-73.76276,40.75194],[-73.76342,40.75621],[-73.76477,40.76096],[-73.77028,40.76009],[-73.77767,40.75816],[-73.77742,40.75737],[-73.78447,40.75547],[-73.78432,40.75399],[-73.79242,40.7534],[-73.79238,40.75308],[-73.79756,40.7539],[-73.80301,40.75371],[-73.80215,40.76],[-73.80084,40.75998],[-73.80205,40.76084],[-73.80048,40.77221],[-73.79846,40.77321],[-73.79743,40.78069],[-73.8016,40.78102],[-73.79855,40.78364],[-73.79509,40.78586],[-73.79471,40.78704],[-73.79591,40.79152],[-73.79782,40.79133],[-73.79767,40.79084],[-73.80008,40.79102],[-73.79986,40.79244],[-73.80164,40.79258],[-73.80121,40.79566],[-73.80015,40.79558],[-73.80002,40.79625],[-73.79963,40.79635],[-73.7979,40.79557],[-73.79758,40.79598],[-73.79787,40.79556],[-73.79674,40.79522],[-73.79647,40.79565],[-73.7965,40.79513],[-73.7944,40.79483],[-73.79432,40.79357],[-73.79495,40.79176],[-73.79375,40.78907],[-73.79338,40.78959],[-73.79362,40.789],[-73.79269,40.78879],[-73.79028,40.79033],[-73.78568,40.79035],[-73.78318,40.79087],[-73.78252,40.79136],[-73.78434,40.79176],[-73.78175,40.79114],[-73.78108,40.79169],[-73.78078,40.793],[-73.78166,40.79349],[-73.78073,40.79334],[-73.78079,40.79404],[-73.78191,40.79491],[-73.78326,40.79493],[-73.782,40.79498],[-73.78154,40.79567],[-73.77936,40.79669],[-73.77752,40.79665]]]]}},{"type":"Feature","properties":{"id":69},"geometry":{"type":"Polygon","coordinates":[[[-73.95817,40.80059],[-73.96418,40.79237],[-73.95528,40.78859],[-73.96373,40.77701],[-73.96518,40.77795],[-73.9671,40.77834],[-73.97103,40.77995],[-73.97166,40.78051],[-73.97143,40.78166],[-73.97172,40.78203],[-73.97454,40.78325],[-73.97499,40.78264],[-73.97947,40.78453],[-73.97806,40.78643],[-73.97644,40.78574],[-73.97177,40.79214],[-73.97462,40.79333],[-73.97599,40.79145],[-73.97769,40.79217],[-73.97915,40.79149],[-73.98036,40.78995],[-73.98189,40.79052],[-73.96535,40.81395],[-73.96211,40.81226],[-73.95972,40.81553],[-73.9587,40.81513],[-73.9583,40.8157],[-73.95429,40.811],[-73.95497,40.81007],[-73.95781,40.81127],[-73.95827,40.81064],[-73.9573,40.81017],[-73.95717,40.80959],[-73.95983,40.80544],[-73.96108,40.80181],[-73.95817,40.80059]]]}},{"type":"Feature","properties":{"id":70},"geometry":{"type":"Polygon","coordinates":[[[-73.93383,40.8195],[-73.93428,40.81083],[-73.93581,40.80951],[-73.93741,40.81018],[-73.94016,40.80642],[-73.94177,40.8071],[-73.94276,40.80575],[-73.94598,40.80711],[-73.94781,40.80459],[-73.9446,40.80323],[-73.94831,40.79814],[-73.95153,40.79947],[-73.95246,40.79825],[-73.96108,40.80181],[-73.95983,40.80544],[-73.95717,40.80959],[-73.9573,40.81017],[-73.95827,40.81064],[-73.95781,40.81127],[-73.95497,40.81007],[-73.95429,40.811],[-73.9583,40.8157],[-73.9587,40.81513],[-73.95972,40.81553],[-73.96211,40.81226],[-73.96535,40.81395],[-73.96203,40.81809],[-73.96158,40.81792],[-73.95841,40.82151],[-73.95734,40.82117],[-73.95599,40.82236],[-73.95483,40.82413],[-73.95276,40.82327],[-73.95231,40.8239],[-73.94808,40.82212],[-73.94622,40.82466],[-73.94384,40.82366],[-73.94516,40.82089],[-73.94351,40.82264],[-73.93957,40.82097],[-73.94048,40.81973],[-73.93765,40.81852],[-73.93623,40.82045],[-73.93383,40.8195]]]}},{"type":"Feature","properties":{"id":25},"geometry":{"type":"Polygon","coordinates":[[[-73.74863,40.74499],[-73.75398,40.74353],[-73.75495,40.74563],[-73.75993,40.7443],[-73.75976,40.74392],[-73.76159,40.74342],[-73.76075,40.74166],[-73.76432,40.74068],[-73.76246,40.73656],[-73.76273,40.73527],[-73.76511,40.73457],[-73.7637,40.73287],[-73.77491,40.73092],[-73.79175,40.7258],[-73.79036,40.72301],[-73.79037,40.72014],[-73.7909,40.71888],[-73.79202,40.7189],[-73.8,40.7166],[-73.8031,40.71609],[-73.81524,40.71566],[-73.81521,40.71424],[-73.81632,40.71424],[-73.81525,40.71206],[-73.8142,40.71105],[-73.81543,40.7108],[-73.81642,40.70987],[-73.81881,40.70882],[-73.81909,40.70778],[-73.82089,40.71044],[-73.82372,40.71303],[-73.82343,40.71324],[-73.82302,40.71264],[-73.82216,40.71252],[-73.82232,40.71293],[-73.8205,40.71345],[-73.82163,40.71626],[-73.82195,40.7163],[-73.82045,40.7164],[-73.8188,40.71735],[-73.80453,40.72147],[-73.80522,40.72849],[-73.80467,40.73836],[-73.81408,40.73875],[-73.82622,40.7424],[-73.83593,40.74351],[-73.8376,40.74339],[-73.83711,40.74463],[-73.83507,40.74708],[-73.83462,40.74867],[-73.83511,40.75038],[-73.83768,40.75414],[-73.836,40.75201],[-73.83239,40.75233],[-73.8326,40.75302],[-73.83014,40.75392],[-73.82987,40.7535],[-73.82715,40.75452],[-73.82545,40.75295],[-73.82334,40.75433],[-73.8228,40.75389],[-73.81894,40.75642],[-73.81585,40.75368],[-73.81424,40.75473],[-73.81337,40.75421],[-73.81048,40.75422],[-73.81077,40.75209],[-73.80379,40.75155],[-73.80445,40.75374],[-73.79756,40.7539],[-73.79238,40.75308],[-73.79242,40.7534],[-73.78432,40.75399],[-73.78447,40.75547],[-73.77742,40.75737],[-73.77767,40.75816],[-73.77028,40.76009],[-73.76477,40.76096],[-73.76342,40.75621],[-73.76276,40.75194],[-73.76144,40.75185],[-73.76057,40.75001],[-73.75783,40.75077],[-73.75737,40.75025],[-73.75139,40.75158],[-73.75109,40.75083],[-73.75041,40.75094],[-73.75029,40.75053],[-73.75116,40.75033],[-73.74863,40.74499]]]}},{"type":"Feature","properties":{"id":37},"geometry":{"type":"Polygon","coordinates":[[[-73.91023,40.75298],[-73.90944,40.75076],[-73.91015,40.74824],[-73.90812,40.74619],[-73.90864,40.74511],[-73.90959,40.74495],[-73.91019,40.74198],[-73.90756,40.74167],[-73.90856,40.73794],[-73.91109,40.73263],[-73.91173,40.72997],[-73.9044,40.72637],[-73.89498,40.72542],[-73.89166,40.72568],[-73.88721,40.72788],[-73.88706,40.72381],[-73.88564,40.72203],[-73.8975,40.71639],[-73.89554,40.71381],[-73.89507,40.71249],[-73.9006,40.71271],[-73.89971,40.71099],[-73.89863,40.71123],[-73.89646,40.71031],[-73.89616,40.70963],[-73.89845,40.70905],[-73.89633,40.70528],[-73.89449,40.70574],[-73.89313,40.70258],[-73.89344,40.7022],[-73.89852,40.70088],[-73.89886,40.70155],[-73.90169,40.70072],[-73.91195,40.70679],[-73.91403,40.70476],[-73.92189,40.7094],[-73.92075,40.71054],[-73.92155,40.71105],[-73.92224,40.71286],[-73.92404,40.71402],[-73.92368,40.71409],[-73.92412,40.71515],[-73.92233,40.71608],[-73.92057,40.71601],[-73.92224,40.71639],[-73.92394,40.71905],[-73.92425,40.72144],[-73.9252,40.72245],[-73.92442,40.7236],[-73.92214,40.72372],[-73.92073,40.72332],[-73.92037,40.72369],[-73.9249,40.72451],[-73.92924,40.72827],[-73.93453,40.72911],[-73.93805,40.73052],[-73.93911,40.73139],[-73.94007,40.73377],[-73.94163,40.73585],[-73.94594,40.73752],[-73.94146,40.73926],[-73.93859,40.74294],[-73.94002,40.74322],[-73.94015,40.74284],[-73.93965,40.74274],[-73.94119,40.7403],[-73.94271,40.73912],[-73.94715,40.73791],[-73.9538,40.73983],[-73.95742,40.73956],[-73.96073,40.73809],[-73.96217,40.73828],[-73.96261,40.7388],[-73.96221,40.74001],[-73.96125,40.74043],[-73.96194,40.7408],[-73.96122,40.74112],[-73.96108,40.7417],[-73.96137,40.74185],[-73.96111,40.74184],[-73.96155,40.742],[-73.96119,40.74265],[-73.96054,40.74347],[-73.95978,40.74351],[-73.95971,40.74387],[-73.96065,40.74414],[-73.95963,40.74394],[-73.95939,40.74429],[-73.96013,40.74445],[-73.95878,40.74456],[-73.95944,40.74461],[-73.95876,40.74495],[-73.95967,40.74518],[-73.9585,40.745],[-73.95934,40.74553],[-73.9585,40.74577],[-73.95915,40.74601],[-73.95704,40.74893],[-73.95486,40.74805],[-73.95504,40.74734],[-73.95271,40.74688],[-73.95248,40.74758],[-73.94489,40.74613],[-73.94323,40.7468],[-73.94282,40.74638],[-73.93932,40.74564],[-73.94061,40.74775],[-73.9374,40.74892],[-73.93686,40.74843],[-73.93394,40.75028],[-73.93152,40.75116],[-73.92464,40.75165],[-73.92442,40.75241],[-73.91763,40.75387],[-73.91023,40.75298]]]}},{"type":"Feature","properties":{"id":68},"geometry":{"type":"MultiPolygon","coordinates":[[[[-73.92134,40.80086],[-73.92032,40.79938],[-73.91663,40.79787],[-73.91546,40.79707],[-73.91444,40.79567],[-73.91379,40.79384],[-73.91514,40.79202],[-73.91687,40.79037],[-73.91856,40.7897],[-73.92219,40.78552],[-73.92285,40.78356],[-73.92448,40.78233],[-73.92572,40.78218],[-73.9281,40.78093],[-73.93105,40.7824],[-73.93502,40.78301],[-73.93607,40.78423],[-73.93571,40.78569],[-73.9324,40.78973],[-73.93084,40.791],[-73.92973,40.79137],[-73.92611,40.79074],[-73.92616,40.79172],[-73.92657,40.79187],[-73.92559,40.79183],[-73.92674,40.79194],[-73.92637,40.79167],[-73.92649,40.79103],[-73.92787,40.79096],[-73.92714,40.79194],[-73.92827,40.79234],[-73.92832,40.79311],[-73.92694,40.79551],[-73.92712,40.79721],[-73.92771,40.79731],[-73.9272,40.7974],[-73.92748,40.79813],[-73.9267,40.80016],[-73.92725,40.8004],[-73.92667,40.80019],[-73.92655,40.80061],[-73.92705,40.80066],[-73.92651,40.80067],[-73.92528,40.80201],[-73.92264,40.80188],[-73.92134,40.80086]]],[[[-73.93434,40.80957],[-73.93356,40.80761],[-73.93031,40.80379],[-73.92904,40.80109],[-73.92928,40.79586],[-73.9302,40.7946],[-73.93583,40.7911],[-73.93708,40.78937],[-73.93613,40.78894],[-73.93715,40.78918],[-73.93812,40.78719],[-73.93983,40.78526],[-73.94247,40.7839],[-73.94365,40.78266],[-73.94406,40.78297],[-73.94447,40.78204],[-73.94436,40.77977],[-73.9512,40.78264],[-73.95074,40.78327],[-73.95234,40.78395],[-73.95188,40.78457],[-73.9535,40.78526],[-73.95396,40.78462],[-73.95716,40.78599],[-73.95528,40.78859],[-73.96418,40.79237],[-73.95817,40.80059],[-73.95246,40.79825],[-73.95153,40.79947],[-73.94831,40.79814],[-73.9446,40.80323],[-73.94781,40.80459],[-73.94598,40.80711],[-73.94276,40.80575],[-73.94177,40.8071],[-73.94016,40.80642],[-73.93741,40.81018],[-73.93581,40.80951],[-73.93428,40.81083],[-73.93434,40.80957]]]]}},{"type":"Feature","properties":{"id":29},"geometry":{"type":"Polygon","coordinates":[[[-73.72586,40.68325],[-73.72563,40.6796],[-73.72756,40.67417],[-73.72824,40.66803],[-73.72782,40.66313],[-73.72833,40.66305],[-73.72557,40.65673],[-73.72499,40.65426],[-73.7251,40.65235],[-73.72523,40.65201],[-73.73029,40.65038],[-73.73514,40.64974],[-73.73674,40.64911],[-73.74153,40.65737],[-73.73871,40.65733],[-73.73627,40.66063],[-73.73986,40.66221],[-73.73799,40.66468],[-73.73955,40.66526],[-73.73937,40.66546],[-73.74108,40.66576],[-73.73993,40.66641],[-73.75551,40.66641],[-73.75912,40.66736],[-73.75879,40.66853],[-73.76561,40.66967],[-73.76435,40.67186],[-73.76368,40.67475],[-73.76249,40.6742],[-73.7579,40.67613],[-73.75984,40.67898],[-73.76974,40.68379],[-73.77232,40.6815],[-73.77357,40.68097],[-73.77671,40.68289],[-73.77315,40.68581],[-73.77662,40.68837],[-73.78211,40.69525],[-73.78343,40.69471],[-73.7859,40.69774],[-73.78646,40.6978],[-73.7905,40.7018],[-73.79187,40.70137],[-73.79358,40.69976],[-73.79701,40.70462],[-73.79931,40.70871],[-73.80022,40.70845],[-73.80107,40.70983],[-73.7914,40.71303],[-73.79065,40.71251],[-73.78858,40.71234],[-73.77847,40.71521],[-73.778,40.71406],[-73.77357,40.71513],[-73.76733,40.7173],[-73.76114,40.72034],[-73.75621,40.71351],[-73.75925,40.71348],[-73.7581,40.71201],[-73.76845,40.70965],[-73.77094,40.70863],[-73.77657,40.70723],[-73.77582,40.70538],[-73.76726,40.70341],[-73.76319,40.69961],[-73.76262,40.6987],[-73.76354,40.69782],[-73.7693,40.69666],[-73.76522,40.69277],[-73.7654,40.69207],[-73.76239,40.69168],[-73.75687,40.69318],[-73.7573,40.69407],[-73.75616,40.69437],[-73.75642,40.69503],[-73.75465,40.6955],[-73.75375,40.6929],[-73.75291,40.69313],[-73.75158,40.69035],[-73.75132,40.69005],[-73.75039,40.69039],[-73.74921,40.68855],[-73.74812,40.69014],[-73.72586,40.68325]]]}},{"type":"Feature","properties":{"id":33},"geometry":{"type":"Polygon","coordinates":[[[-73.72586,40.68325],[-73.74812,40.69014],[-73.74921,40.68855],[-73.75039,40.69039],[-73.75132,40.69005],[-73.75158,40.69035],[-73.75291,40.69313],[-73.75375,40.6929],[-73.75465,40.6955],[-73.75642,40.69503],[-73.75616,40.69437],[-73.7573,40.69407],[-73.75687,40.69318],[-73.76239,40.69168],[-73.7654,40.69207],[-73.76522,40.69277],[-73.7693,40.69666],[-73.76354,40.69782],[-73.76262,40.6987],[-73.76319,40.69961],[-73.76726,40.70341],[-73.77582,40.70538],[-73.77657,40.70723],[-73.77094,40.70863],[-73.76845,40.70965],[-73.7581,40.71201],[-73.75925,40.71348],[-73.75615,40.71362],[-73.76114,40.72034],[-73.75944,40.72107],[-73.75261,40.72559],[-73.74377,40.73024],[-73.73716,40.72874],[-73.73632,40.73105],[-73.73291,40.73096],[-73.73219,40.73288],[-73.72992,40.73271],[-73.72268,40.73426],[-73.72306,40.73626],[-73.72419,40.73871],[-73.72338,40.73827],[-73.70058,40.74319],[-73.70002,40.73924],[-73.70766,40.72784],[-73.71693,40.72639],[-73.72567,40.72405],[-73.73033,40.72217],[-73.72918,40.71918],[-73.72697,40.71067],[-73.72586,40.68325]]]}},{"type":"Feature","properties":{"id":71},"geometry":{"type":"MultiPolygon","coordinates":[[[[-73.92641,40.87763],[-73.92619,40.87707],[-73.92457,40.87744],[-73.9224,40.87679],[-73.92262,40.87442],[-73.92126,40.87309],[-73.92056,40.87301],[-73.91979,40.87361],[-73.9208,40.8742],[-73.92118,40.87515],[-73.92091,40.87547],[-73.91888,40.87469],[-73.91928,40.87366],[-73.91843,40.87302],[-73.9197,40.87207],[-73.91926,40.87102],[-73.92183,40.86929],[-73.92592,40.86778],[-73.92501,40.86634],[-73.92727,40.86554],[-73.92984,40.86379],[-73.93011,40.86176],[-73.93132,40.85934],[-73.93229,40.85946],[-73.93666,40.85046],[-73.93576,40.85018],[-73.93798,40.84772],[-73.93934,40.84169],[-73.94397,40.83532],[-73.93916,40.83329],[-73.94034,40.83165],[-73.94014,40.83038],[-73.93849,40.833],[-73.93445,40.83599],[-73.93492,40.83524],[-73.93517,40.83288],[-73.93383,40.8195],[-73.93623,40.82045],[-73.93765,40.81852],[-73.94048,40.81973],[-73.93957,40.82097],[-73.94351,40.82264],[-73.94516,40.82089],[-73.94384,40.82366],[-73.94622,40.82466],[-73.94808,40.82212],[-73.95231,40.8239],[-73.95276,40.82327],[-73.95483,40.82413],[-73.95599,40.82236],[-73.95734,40.82117],[-73.95841,40.82151],[-73.96158,40.81792],[-73.96203,40.81809],[-73.95982,40.82031],[-73.95915,40.82158],[-73.95909,40.82121],[-73.95882,40.82153],[-73.959,40.82242],[-73.95991,40.82258],[-73.9596,40.823],[-73.95893,40.82272],[-73.95853,40.82185],[-73.95794,40.82278],[-73.95956,40.8237],[-73.95726,40.82713],[-73.95695,40.82701],[-73.95632,40.82795],[-73.95504,40.82742],[-73.95454,40.82787],[-73.95021,40.83431],[-73.94856,40.83957],[-73.94613,40.8439],[-73.94635,40.84625],[-73.94683,40.84714],[-73.94664,40.84892],[-73.94697,40.85047],[-73.94348,40.85229],[-73.94187,40.85388],[-73.94029,40.85665],[-73.93243,40.86758],[-73.93227,40.86857],[-73.93265,40.86847],[-73.93226,40.86869],[-73.93257,40.86905],[-73.93219,40.86938],[-73.93236,40.86976],[-73.93205,40.86961],[-73.93192,40.87114],[-73.92998,40.87435],[-73.92901,40.87575],[-73.92641,40.87763]]],[[[-73.9236,40.87891],[-73.92368,40.87883],[-73.92363,40.87897],[-73.9236,40.87891]]]]}},{"type":"Feature","properties":{"id":56},"geometry":{"type":"Polygon","coordinates":[[[-73.92365,40.69041],[-73.92122,40.68903],[-73.92089,40.68739],[-73.92354,40.68708],[-73.92213,40.67975],[-73.92165,40.67888],[-73.92205,40.67458],[-73.93053,40.67505],[-73.9307,40.67327],[-73.93347,40.67342],[-73.93627,40.67357],[-73.93617,40.67447],[-73.9417,40.67476],[-73.94161,40.67565],[-73.94992,40.6761],[-73.94956,40.6804],[-73.95337,40.69941],[-73.94193,40.70073],[-73.92365,40.69041]]]}},{"type":"Feature","properties":{"id":57},"geometry":{"type":"Polygon","coordinates":[[[-73.96248,40.6981],[-73.95337,40.69941],[-73.94956,40.6804],[-73.94992,40.6761],[-73.95269,40.67625],[-73.95385,40.66374],[-73.96096,40.66329],[-73.9622,40.66965],[-73.95912,40.67752],[-73.96223,40.67817],[-73.96135,40.68047],[-73.97746,40.68406],[-73.98065,40.68847],[-73.98257,40.6923],[-73.98221,40.69751],[-73.98571,40.70061],[-73.98483,40.70059],[-73.98476,40.70145],[-73.98076,40.70124],[-73.98041,40.70071],[-73.98041,40.69657],[-73.96547,40.69594],[-73.9638,40.6965],[-73.96248,40.6981]]]}},{"type":"Feature","properties":{"id":53},"geometry":{"type":"Polygon","coordinates":[[[-73.92406,40.71412],[-73.92224,40.71286],[-73.92155,40.71105],[-73.92075,40.71054],[-73.92189,40.7094],[-73.91181,40.70344],[-73.91291,40.70237],[-73.91068,40.70105],[-73.91181,40.69996],[-73.90878,40.69826],[-73.90951,40.69751],[-73.91027,40.69794],[-73.91105,40.69713],[-73.91181,40.69756],[-73.91626,40.69303],[-73.91927,40.69474],[-73.92365,40.69041],[-73.94193,40.70073],[-73.95009,40.6998],[-73.95192,40.7015],[-73.95001,40.70273],[-73.95023,40.70356],[-73.94879,40.70449],[-73.95191,40.70637],[-73.95791,40.70844],[-73.95749,40.70909],[-73.96196,40.7105],[-73.96142,40.71136],[-73.96294,40.71191],[-73.96168,40.71391],[-73.96016,40.71335],[-73.9598,40.7139],[-73.95164,40.71091],[-73.94069,40.71197],[-73.94216,40.71507],[-73.94184,40.71693],[-73.94049,40.71869],[-73.93589,40.71987],[-73.93711,40.72261],[-73.9278,40.72502],[-73.92562,40.72007],[-73.92482,40.72027],[-73.9247,40.7187],[-73.92838,40.71759],[-73.92888,40.71773],[-73.92971,40.71706],[-73.92947,40.71573],[-73.9322,40.71498],[-73.93143,40.71439],[-73.93124,40.71373],[-73.93265,40.71305],[-73.93203,40.7116],[-73.93339,40.71124],[-73.93328,40.71099],[-73.9319,40.71135],[-73.93093,40.70917],[-73.93036,40.70873],[-73.93155,40.71186],[-73.93078,40.71217],[-73.93161,40.71205],[-73.93184,40.71264],[-73.93042,40.71318],[-73.93105,40.71462],[-73.93085,40.71491],[-73.92844,40.71554],[-73.92891,40.71663],[-73.92821,40.71712],[-73.92473,40.71795],[-73.9241,40.71768],[-73.92306,40.71635],[-73.92489,40.71528],[-73.92406,40.71412]]]}},{"type":"Feature","properties":{"id":74},"geometry":{"type":"MultiPolygon","coordinates":[[[[-73.96715,40.71832],[-73.96656,40.71802],[-73.96707,40.71845],[-73.96715,40.71832]]],[[[-73.96644,40.71925],[-73.96574,40.71872],[-73.96664,40.71914],[-73.96644,40.71925]]],[[[-73.96503,40.72039],[-73.96568,40.72069],[-73.9656,40.72075],[-73.96503,40.72039]]],[[[-73.96484,40.7208],[-73.96436,40.72049],[-73.96485,40.72096],[-73.96484,40.7208]]],[[[-73.96403,40.72089],[-73.96407,40.72081],[-73.96438,40.721],[-73.96403,40.72089]]],[[[-73.96424,40.72062],[-73.96495,40.72143],[-73.96484,40.72147],[-73.96424,40.72062]]],[[[-73.96237,40.72422],[-73.96207,40.72389],[-73.96247,40.72414],[-73.96237,40.72422]]],[[[-73.96129,40.73017],[-73.96255,40.72975],[-73.96225,40.72999],[-73.96129,40.73017]]],[[[-73.96197,40.73159],[-73.96366,40.73126],[-73.9637,40.73144],[-73.96197,40.73159]]],[[[-73.96868,40.75248],[-73.9677,40.75205],[-73.96723,40.7527],[-73.96499,40.75155],[-73.96471,40.75173],[-73.97094,40.74448],[-73.97112,40.74421],[-73.9707,40.744],[-73.97136,40.74385],[-73.97266,40.73923],[-73.97249,40.73581],[-73.97447,40.73629],[-73.97414,40.73596],[-73.97451,40.73605],[-73.97447,40.73568],[-73.97306,40.73519],[-73.97276,40.73551],[-73.97295,40.73507],[-73.97355,40.73495],[-73.97443,40.73524],[-73.97341,40.73129],[-73.97175,40.72975],[-73.97141,40.72873],[-73.97315,40.72],[-73.97513,40.71463],[-73.98067,40.71632],[-73.97875,40.71994],[-73.97803,40.71965],[-73.97748,40.72035],[-73.97504,40.71941],[-73.97476,40.7216],[-73.97689,40.72251],[-73.97735,40.72189],[-73.97973,40.7229],[-73.98017,40.72229],[-73.98253,40.72329],[-73.98208,40.72389],[-73.9844,40.72487],[-73.98575,40.72302],[-73.98797,40.72392],[-73.98256,40.73136],[-73.99076,40.73485],[-73.98986,40.73533],[-73.98902,40.73657],[-73.99223,40.73793],[-73.9882,40.74346],[-73.9866,40.74278],[-73.9839,40.74649],[-73.97676,40.74348],[-73.96989,40.75301],[-73.96868,40.75248]]]]}},{"type":"Feature","properties":{"id":23},"geometry":{"type":"MultiPolygon","coordinates":[[[[-73.82645,40.59054],[-73.8269,40.58994],[-73.8276,40.58998],[-73.82769,40.59058],[-73.82706,40.59099],[-73.8273,40.59147],[-73.82548,40.59198],[-73.82633,40.59147],[-73.82645,40.59054]]],[[[-73.80973,40.59241],[-73.80981,40.59272],[-73.80974,40.5927],[-73.80973,40.59241]]],[[[-73.81107,40.59303],[-73.81137,40.59271],[-73.81075,40.5928],[-73.81136,40.59247],[-73.81094,40.59256],[-73.81079,40.5921],[-73.81095,40.59251],[-73.81139,40.59245],[-73.81107,40.59303]]],[[[-73.80973,40.59241],[-73.80986,40.59204],[-73.81004,40.59309],[-73.80973,40.59241]]],[[[-73.83193,40.59346],[-73.83117,40.5915],[-73.83358,40.58904],[-73.83459,40.58913],[-73.83688,40.58953],[-73.8388,40.59121],[-73.83842,40.5904],[-73.8418,40.59202],[-73.84279,40.59334],[-73.84337,40.59348],[-73.8435,40.59509],[-73.84057,40.59731],[-73.83746,40.59687],[-73.83476,40.59395],[-73.83193,40.59346]]],[[[-73.80997,40.60008],[-73.81049,40.59879],[-73.81158,40.59815],[-73.81222,40.59856],[-73.81502,40.60206],[-73.8148,40.60409],[-73.81429,40.60446],[-73.81321,40.60436],[-73.81017,40.60281],[-73.80997,40.60008]]],[[[-73.82953,40.60725],[-73.82961,40.60726],[-73.82957,40.60735],[-73.82953,40.60725]]],[[[-73.8273,40.60949],[-73.82581,40.60893],[-73.82605,40.6083],[-73.82577,40.60786],[-73.82679,40.60792],[-73.82567,40.60779],[-73.82461,40.60474],[-73.82909,40.60583],[-73.8294,40.60659],[-73.82904,40.60736],[-73.82708,40.60834],[-73.8276,40.60931],[-73.8273,40.60949]]],[[[-73.83213,40.60952],[-73.83122,40.60884],[-73.83131,40.60842],[-73.83006,40.60793],[-73.82988,40.60633],[-73.83178,40.6051],[-73.83552,40.60547],[-73.83574,40.60579],[-73.83446,40.6072],[-73.83423,40.60806],[-73.83213,40.60952]]],[[[-73.76669,40.61426],[-73.76517,40.61376],[-73.76506,40.61204],[-73.7623,40.61137],[-73.76173,40.61186],[-73.76024,40.61083],[-73.76178,40.60916],[-73.76155,40.60904],[-73.75999,40.61089],[-73.75949,40.61082],[-73.76097,40.60647],[-73.76057,40.60185],[-73.76445,40.60044],[-73.76529,40.60168],[-73.7678,40.60048],[-73.76678,40.59974],[-73.76496,40.59734],[-73.76334,40.59783],[-73.7632,40.59715],[-73.76236,40.59724],[-73.76216,40.59609],[-73.75935,40.59584],[-73.75841,40.59638],[-73.75877,40.5968],[-73.75621,40.59775],[-73.75426,40.59732],[-73.75424,40.59889],[-73.75285,40.60427],[-73.74869,40.60788],[-73.74996,40.60878],[-73.75063,40.6081],[-73.7512,40.60842],[-73.74899,40.61031],[-73.74562,40.61175],[-73.74311,40.60772],[-73.7434,40.60748],[-73.73841,40.60313],[-73.73836,40.59761],[-73.73872,40.59696],[-73.73863,40.59727],[-73.73879,40.59698],[-73.73993,40.59706],[-73.7401,40.59622],[-73.74039,40.59619],[-73.74065,40.59701],[-73.74183,40.5967],[-73.74052,40.59658],[-73.74055,40.59613],[-73.73993,40.59607],[-73.73947,40.59689],[-73.73988,40.59678],[-73.73975,40.59655],[-73.7398,40.59689],[-73.73895,40.59677],[-73.73838,40.59713],[-73.73799,40.59456],[-73.7409,40.5945],[-73.74223,40.59491],[-73.74666,40.5943],[-73.74913,40.59322],[-73.7517,40.59132],[-73.75345,40.59097],[-73.75596,40.59088],[-73.76134,40.59173],[-73.76797,40.59074],[-73.77584,40.59033],[-73.78043,40.5896],[-73.78879,40.58746],[-73.79201,40.58723],[-73.80799,40.58401],[-73.81353,40.58348],[-73.83387,40.57766],[-73.83779,40.57593],[-73.8572,40.56911],[-73.86287,40.56684],[-73.86269,40.56651],[-73.86356,40.56704],[-73.86661,40.5661],[-73.86631,40.56555],[-73.86686,40.56609],[-73.86849,40.56554],[-73.86825,40.56508],[-73.86853,40.56555],[-73.86925,40.56539],[-73.87062,40.56482],[-73.87028,40.56418],[-73.87091,40.56477],[-73.87264,40.56409],[-73.87238,40.56358],[-73.87275,40.56411],[-73.87321,40.56407],[-73.88029,40.56138],[-73.88325,40.56086],[-73.88698,40.55941],[-73.88789,40.55952],[-73.89214,40.55788],[-73.89347,40.55795],[-73.89492,40.55709],[-73.89551,40.55742],[-73.89708,40.55667],[-73.898,40.55711],[-73.90059,40.55643],[-73.9028,40.55674],[-73.90692,40.55561],[-73.94047,40.54287],[-73.94074,40.54184],[-73.94013,40.54801],[-73.94027,40.55242],[-73.93926,40.55499],[-73.93647,40.55694],[-73.93222,40.55768],[-73.92587,40.56166],[-73.92108,40.56209],[-73.92037,40.56223],[-73.92026,40.56262],[-73.92033,40.56223],[-73.91766,40.56283],[-73.91455,40.56436],[-73.91188,40.565],[-73.91197,40.56588],[-73.91186,40.565],[-73.91004,40.5648],[-73.90972,40.5653],[-73.91002,40.56479],[-73.90976,40.56429],[-73.90873,40.56394],[-73.90792,40.56416],[-73.90799,40.56345],[-73.90665,40.56279],[-73.9047,40.56284],[-73.90287,40.56352],[-73.90245,40.56291],[-73.90161,40.56276],[-73.90001,40.56322],[-73.89613,40.56537],[-73.89534,40.56634],[-73.89567,40.56704],[-73.89519,40.56692],[-73.89261,40.5686],[-73.88911,40.56792],[-73.88431,40.5687],[-73.88489,40.56848],[-73.8843,40.56845],[-73.88474,40.56828],[-73.88446,40.5679],[-73.88379,40.56813],[-73.88402,40.56851],[-73.88358,40.56822],[-73.88391,40.56891],[-73.88337,40.56834],[-73.88192,40.56874],[-73.87781,40.56881],[-73.86554,40.57465],[-73.85306,40.58126],[-73.85045,40.58214],[-73.84521,40.58159],[-73.83936,40.58187],[-73.83855,40.5828],[-73.83584,40.58289],[-73.82853,40.58486],[-73.82804,40.58606],[-73.82481,40.58716],[-73.82294,40.5875],[-73.82146,40.58678],[-73.81742,40.58893],[-73.81764,40.58929],[-73.81674,40.58933],[-73.8147,40.59062],[-73.81363,40.5908],[-73.81326,40.59105],[-73.81356,40.59172],[-73.81324,40.59108],[-73.8117,40.5916],[-73.81161,40.59048],[-73.81106,40.59046],[-73.81093,40.58931],[-73.81437,40.58776],[-73.8132,40.58625],[-73.80979,40.587],[-73.80987,40.58775],[-73.80356,40.58849],[-73.79146,40.59189],[-73.79102,40.5882],[-73.79014,40.58842],[-73.78597,40.58972],[-73.78625,40.5921],[-73.78338,40.59273],[-73.78361,40.59515],[-73.77904,40.59545],[-73.7788,40.5934],[-73.77281,40.59408],[-73.77271,40.59333],[-73.77124,40.5937],[-73.7676,40.59579],[-73.76795,40.59816],[-73.77034,40.59899],[-73.7709,40.59885],[-73.77116,40.5994],[-73.77084,40.60182],[-73.77019,40.60276],[-73.77057,40.60485],[-73.77001,40.60536],[-73.76983,40.60785],[-73.76894,40.60919],[-73.76972,40.61005],[-73.77129,40.61043],[-73.77222,40.61151],[-73.77341,40.6111],[-73.77296,40.61016],[-73.77393,40.61212],[-73.77417,40.61184],[-73.77339,40.61368],[-73.76669,40.61426]]],[[[-73.83191,40.62418],[-73.83242,40.62293],[-73.8331,40.62242],[-73.83311,40.62169],[-73.83368,40.62139],[-73.83362,40.62261],[-73.83309,40.62277],[-73.83323,40.62336],[-73.83268,40.62392],[-73.83341,40.62356],[-73.83356,40.62394],[-73.83216,40.6247],[-73.83191,40.62418]]],[[[-73.83598,40.63222],[-73.83507,40.63173],[-73.83594,40.63136],[-73.83598,40.63222]]],[[[-73.82338,40.639],[-73.82185,40.63205],[-73.82067,40.62892],[-73.8201,40.62783],[-73.81826,40.627],[-73.81789,40.62592],[-73.81623,40.6247],[-73.81675,40.62396],[-73.81795,40.6241],[-73.81866,40.62289],[-73.81755,40.6221],[-73.81758,40.62176],[-73.81672,40.62158],[-73.81621,40.6221],[-73.81539,40.62151],[-73.81543,40.62012],[-73.81718,40.61928],[-73.81778,40.61751],[-73.81643,40.61429],[-73.81408,40.61457],[-73.81468,40.61398],[-73.81486,40.61431],[-73.8155,40.61405],[-73.8148,40.6132],[-73.81504,40.61298],[-73.81547,40.61335],[-73.81616,40.61295],[-73.81541,40.61039],[-73.8145,40.61107],[-73.81521,40.60982],[-73.81476,40.60847],[-73.81574,40.60647],[-73.81553,40.60617],[-73.81596,40.60627],[-73.81643,40.60523],[-73.81739,40.60517],[-73.81726,40.60395],[-73.81831,40.60135],[-73.81849,40.5994],[-73.8212,40.59472],[-73.82414,40.59464],[-73.82548,40.59509],[-73.83322,40.59423],[-73.83425,40.59467],[-73.83485,40.59555],[-73.8342,40.59667],[-73.8324,40.59781],[-73.83154,40.59796],[-73.83063,40.59744],[-73.82948,40.59814],[-73.82806,40.59769],[-73.82598,40.59948],[-73.82557,40.59856],[-73.82466,40.59816],[-73.82396,40.59889],[-73.82452,40.59896],[-73.82477,40.5984],[-73.82453,40.59914],[-73.82408,40.59892],[-73.82377,40.60005],[-73.82147,40.6],[-73.82444,40.60035],[-73.82445,40.60081],[-73.82354,40.60157],[-73.82362,40.60229],[-73.82295,40.60259],[-73.8229,40.6047],[-73.82247,40.60553],[-73.82291,40.60586],[-73.82127,40.60701],[-73.82003,40.60893],[-73.81962,40.61049],[-73.82058,40.61224],[-73.82088,40.61227],[-73.82129,40.61111],[-73.82055,40.61044],[-73.82056,40.60996],[-73.82162,40.60849],[-73.82186,40.60988],[-73.82289,40.61035],[-73.82401,40.61164],[-73.8241,40.61233],[-73.82468,40.61243],[-73.82469,40.61308],[-73.82556,40.61414],[-73.82726,40.61339],[-73.82788,40.61371],[-73.82724,40.61407],[-73.8275,40.61421],[-73.83092,40.61501],[-73.83402,40.61439],[-73.8337,40.62099],[-73.83159,40.62204],[-73.83268,40.62187],[-73.83259,40.62269],[-73.83141,40.62241],[-73.83102,40.62278],[-73.83039,40.6224],[-73.83021,40.62341],[-73.82919,40.62421],[-73.83011,40.62384],[-73.83042,40.62264],[-73.83088,40.62287],[-73.83046,40.62408],[-73.8311,40.62294],[-73.83214,40.62319],[-73.83097,40.62458],[-73.83135,40.62501],[-73.83077,40.62531],[-73.83063,40.62619],[-73.83083,40.62682],[-73.8323,40.62709],[-73.83229,40.62814],[-73.83178,40.62818],[-73.83162,40.62876],[-73.83188,40.62889],[-73.83189,40.62819],[-73.83263,40.62827],[-73.83301,40.62793],[-73.83304,40.62827],[-73.8329,40.62891],[-73.83196,40.62966],[-73.83115,40.63285],[-73.83341,40.63851],[-73.83222,40.63894],[-73.82809,40.63589],[-73.82592,40.63576],[-73.82443,40.63622],[-73.82414,40.6388],[-73.82458,40.63936],[-73.82419,40.63996],[-73.82338,40.639]]],[[[-73.85722,40.65029],[-73.86099,40.65522],[-73.85979,40.65448],[-73.85898,40.65268],[-73.85732,40.65125],[-73.85696,40.6506],[-73.85722,40.65029]]],[[[-73.83033,40.65514],[-73.83027,40.65544],[-73.82989,40.65553],[-73.83033,40.65514]]],[[[-73.83565,40.67928],[-73.82467,40.67704],[-73.82808,40.66609],[-73.83101,40.6662],[-73.83335,40.66678],[-73.8286,40.65721],[-73.82639,40.64833],[-73.8296,40.64984],[-73.83132,40.65273],[-73.83158,40.65382],[-73.82902,40.65612],[-73.83044,40.65553],[-73.8306,40.65482],[-73.83171,40.65394],[-73.83222,40.65447],[-73.83149,40.65499],[-73.83116,40.65593],[-73.83003,40.65658],[-73.82938,40.65651],[-73.82897,40.65721],[-73.82918,40.65781],[-73.83013,40.65841],[-73.8296,40.65867],[-73.83015,40.65982],[-73.8297,40.65866],[-73.83025,40.65836],[-73.8291,40.65734],[-73.8295,40.65666],[-73.83009,40.65674],[-73.83127,40.65601],[-73.83185,40.65489],[-73.83218,40.6549],[-73.8329,40.65749],[-73.83195,40.65618],[-73.8326,40.65783],[-73.83113,40.65833],[-73.83339,40.65806],[-73.8308,40.64898],[-73.83149,40.6479],[-73.83454,40.64803],[-73.83561,40.64848],[-73.83893,40.66128],[-73.83808,40.6616],[-73.83814,40.66208],[-73.83872,40.66242],[-73.8397,40.66225],[-73.83998,40.66191],[-73.83592,40.64551],[-73.8458,40.64411],[-73.84951,40.64414],[-73.85208,40.64618],[-73.85243,40.64717],[-73.85173,40.64892],[-73.85091,40.64918],[-73.85059,40.65035],[-73.84926,40.65104],[-73.8494,40.65144],[-73.85079,40.65154],[-73.85251,40.65056],[-73.85592,40.65132],[-73.85671,40.65281],[-73.85828,40.653],[-73.85933,40.65495],[-73.86137,40.65642],[-73.85984,40.65699],[-73.85964,40.65847],[-73.86023,40.65891],[-73.86098,40.65839],[-73.86061,40.65933],[-73.86125,40.65873],[-73.86096,40.65807],[-73.85977,40.65829],[-73.86058,40.65784],[-73.86034,40.65726],[-73.86088,40.65692],[-73.86162,40.657],[-73.8617,40.65803],[-73.8627,40.65763],[-73.86317,40.65828],[-73.86031,40.65964],[-73.85762,40.66013],[-73.85843,40.66346],[-73.85569,40.66388],[-73.85763,40.67166],[-73.86039,40.67126],[-73.86235,40.67917],[-73.86328,40.67909],[-73.86335,40.67936],[-73.83906,40.68625],[-73.83565,40.67928]]]]}},{"type":"Feature","properties":{"id":31},"geometry":{"type":"MultiPolygon","coordinates":[[[[-73.80032,40.60707],[-73.79793,40.60659],[-73.79841,40.60602],[-73.79827,40.6055],[-73.79868,40.60571],[-73.80011,40.60533],[-73.79871,40.60563],[-73.79781,40.60517],[-73.79804,40.60485],[-73.80049,40.60477],[-73.7979,40.60473],[-73.79766,40.60532],[-73.79822,40.60594],[-73.79766,40.60637],[-73.79635,40.6058],[-73.7967,40.60511],[-73.79612,40.6047],[-73.79732,40.60407],[-73.80038,40.60438],[-73.80172,40.60412],[-73.80322,40.60457],[-73.80373,40.60431],[-73.80338,40.60471],[-73.80394,40.60565],[-73.80314,40.60638],[-73.80182,40.60643],[-73.80077,40.60708],[-73.80058,40.60685],[-73.801,40.6066],[-73.80065,40.60634],[-73.80108,40.60642],[-73.80034,40.60629],[-73.80086,40.60664],[-73.80032,40.60707]]],[[[-73.79666,40.60897],[-73.79601,40.60823],[-73.79648,40.60801],[-73.79626,40.60763],[-73.79655,40.6073],[-73.79611,40.60742],[-73.79582,40.60814],[-73.79552,40.60736],[-73.79528,40.60582],[-73.79573,40.60524],[-73.79603,40.60531],[-73.7957,40.60647],[-73.79675,40.60623],[-73.7979,40.60688],[-73.80053,40.60723],[-73.80402,40.60614],[-73.80309,40.60747],[-73.801,40.60868],[-73.79666,40.60897]]],[[[-73.77636,40.60966],[-73.77522,40.60971],[-73.77413,40.60875],[-73.77482,40.60841],[-73.77422,40.60764],[-73.7746,40.60743],[-73.77601,40.6092],[-73.77459,40.60731],[-73.77519,40.60451],[-73.7747,40.60432],[-73.77538,40.60417],[-73.77588,40.60348],[-73.77606,40.60276],[-73.77569,40.60282],[-73.77837,40.60085],[-73.77816,40.60041],[-73.78017,40.60071],[-73.78194,40.59908],[-73.78194,40.59854],[-73.78006,40.59689],[-73.77742,40.59882],[-73.776,40.6014],[-73.77497,40.60175],[-73.77412,40.59989],[-73.77422,40.59901],[-73.77359,40.59813],[-73.77249,40.5979],[-73.76948,40.59827],[-73.7681,40.59785],[-73.7676,40.59579],[-73.77054,40.59404],[-73.77271,40.59333],[-73.77281,40.59408],[-73.7788,40.5934],[-73.77904,40.59545],[-73.78361,40.59515],[-73.78338,40.59273],[-73.78625,40.5921],[-73.78597,40.58972],[-73.79102,40.5882],[-73.79146,40.59189],[-73.80356,40.58849],[-73.80987,40.58775],[-73.80979,40.587],[-73.8132,40.58625],[-73.81437,40.58776],[-73.81093,40.58931],[-73.81106,40.59046],[-73.81161,40.59048],[-73.81158,40.59284],[-73.81134,40.59175],[-73.8102,40.59225],[-73.80973,40.59205],[-73.80962,40.59358],[-73.80603,40.59202],[-73.80578,40.59077],[-73.80583,40.5919],[-73.80427,40.59135],[-73.80417,40.59186],[-73.80805,40.59366],[-73.80689,40.59541],[-73.80605,40.59556],[-73.80485,40.59506],[-73.80404,40.5942],[-73.80381,40.5929],[-73.80244,40.59265],[-73.80251,40.59396],[-73.80318,40.59395],[-73.80251,40.59398],[-73.80257,40.59428],[-73.80329,40.59429],[-73.80235,40.5945],[-73.80344,40.59444],[-73.8032,40.59469],[-73.80373,40.59483],[-73.80322,40.59515],[-73.80391,40.59501],[-73.80332,40.59519],[-73.80369,40.59521],[-73.80511,40.59716],[-73.80287,40.5989],[-73.80167,40.5989],[-73.80088,40.5994],[-73.79457,40.59943],[-73.79233,40.59998],[-73.78786,40.60312],[-73.7865,40.60326],[-73.78617,40.60306],[-73.78716,40.60233],[-73.78793,40.601],[-73.7903,40.59927],[-73.79114,40.59716],[-73.79088,40.59504],[-73.79042,40.59476],[-73.7906,40.59612],[-73.79054,40.59499],[-73.79015,40.59478],[-73.79018,40.59608],[-73.79013,40.59483],[-73.78974,40.59475],[-73.79,40.59622],[-73.7897,40.59624],[-73.78968,40.59487],[-73.78917,40.5952],[-73.78907,40.59803],[-73.78597,40.60032],[-73.7858,40.60058],[-73.78614,40.60066],[-73.78578,40.6006],[-73.78598,40.60093],[-73.78563,40.60082],[-73.78539,40.60153],[-73.78351,40.60257],[-73.78313,40.60377],[-73.78395,40.60483],[-73.78367,40.60533],[-73.77927,40.60932],[-73.77769,40.60981],[-73.77636,40.60966]]],[[[-73.74799,40.61232],[-73.74722,40.61219],[-73.74686,40.61158],[-73.74576,40.612],[-73.74562,40.61175],[-73.74899,40.61031],[-73.7512,40.60842],[-73.75063,40.6081],[-73.74996,40.60878],[-73.74869,40.60788],[-73.75285,40.60427],[-73.75424,40.59889],[-73.75426,40.59732],[-73.75606,40.59778],[-73.75877,40.5968],[-73.75841,40.59638],[-73.75935,40.59584],[-73.76216,40.59609],[-73.76236,40.59724],[-73.7632,40.59715],[-73.76334,40.59783],[-73.76496,40.59734],[-73.76678,40.59974],[-73.7678,40.60048],[-73.76529,40.60168],[-73.76445,40.60044],[-73.76057,40.60185],[-73.76097,40.60647],[-73.75948,40.61034],[-73.75501,40.61014],[-73.74799,40.61232]]],[[[-73.76672,40.61501],[-73.77088,40.61587],[-73.76855,40.62057],[-73.76746,40.62052],[-73.76672,40.61501]]],[[[-73.81252,40.62021],[-73.81269,40.62047],[-73.81261,40.62066],[-73.81252,40.62021]]],[[[-73.81224,40.62531],[-73.81244,40.6244],[-73.81168,40.62366],[-73.81252,40.62355],[-73.81301,40.62227],[-73.81303,40.62387],[-73.81448,40.62548],[-73.81249,40.62655],[-73.81199,40.62603],[-73.81224,40.62531]]],[[[-73.79882,40.62534],[-73.79782,40.62446],[-73.79876,40.62509],[-73.80037,40.62412],[-73.79923,40.6242],[-73.79868,40.62344],[-73.80016,40.61964],[-73.80112,40.61971],[-73.80207,40.6208],[-73.80131,40.61855],[-73.80187,40.61678],[-73.80348,40.61441],[-73.80362,40.61603],[-73.80454,40.61699],[-73.80493,40.6186],[-73.8059,40.61963],[-73.80564,40.6199],[-73.80641,40.62112],[-73.80615,40.62183],[-73.80641,40.62235],[-73.80542,40.6238],[-73.80466,40.62385],[-73.80163,40.6256],[-73.79906,40.62659],[-73.79759,40.62611],[-73.79882,40.62534]]],[[[-73.8143,40.62915],[-73.81467,40.62751],[-73.81532,40.62777],[-73.81645,40.62984],[-73.81597,40.63039],[-73.81528,40.63024],[-73.81468,40.62999],[-73.8143,40.62915]]],[[[-73.78916,40.66835],[-73.78941,40.66685],[-73.77343,40.66804],[-73.76676,40.66744],[-73.76561,40.66967],[-73.75879,40.66853],[-73.75912,40.66736],[-73.75551,40.66641],[-73.73993,40.66641],[-73.74108,40.66576],[-73.73937,40.66546],[-73.73955,40.66526],[-73.73799,40.66468],[-73.73986,40.66221],[-73.73627,40.66063],[-73.73871,40.65733],[-73.74153,40.65737],[-73.73674,40.64911],[-73.74144,40.6469],[-73.74166,40.64221],[-73.74205,40.64148],[-73.74142,40.64051],[-73.74228,40.64013],[-73.73947,40.63571],[-73.73996,40.63515],[-73.74177,40.63489],[-73.74254,40.63518],[-73.74097,40.63731],[-73.74189,40.63813],[-73.74397,40.63789],[-73.74374,40.63903],[-73.7448,40.63708],[-73.7452,40.6372],[-73.74629,40.63645],[-73.74679,40.63679],[-73.74527,40.63792],[-73.7453,40.63834],[-73.74702,40.63692],[-73.74617,40.6404],[-73.74729,40.64319],[-73.74875,40.64448],[-73.74885,40.64518],[-73.74945,40.64494],[-73.75171,40.64651],[-73.75354,40.6472],[-73.75329,40.64735],[-73.75428,40.64789],[-73.75476,40.64782],[-73.75461,40.64721],[-73.7534,40.64682],[-73.75376,40.64669],[-73.74871,40.64335],[-73.74742,40.64142],[-73.74753,40.63933],[-73.74856,40.63542],[-73.76309,40.62967],[-73.76453,40.62923],[-73.76501,40.62942],[-73.76475,40.62917],[-73.7665,40.62826],[-73.76861,40.62474],[-73.76867,40.62274],[-73.76972,40.62177],[-73.77019,40.6198],[-73.77166,40.62042],[-73.77081,40.62296],[-73.77086,40.62334],[-73.77173,40.62359],[-73.77518,40.61927],[-73.77174,40.62361],[-73.77324,40.625],[-73.77381,40.62493],[-73.7735,40.62515],[-73.77408,40.62579],[-73.77654,40.62766],[-73.77947,40.62732],[-73.7842,40.6209],[-73.78522,40.62007],[-73.78516,40.61866],[-73.78436,40.61777],[-73.78446,40.61704],[-73.78323,40.61559],[-73.78249,40.61558],[-73.7808,40.6146],[-73.78071,40.61404],[-73.78115,40.61401],[-73.78088,40.61365],[-73.78355,40.61193],[-73.78498,40.61194],[-73.78578,40.611],[-73.78866,40.6101],[-73.78902,40.60923],[-73.78996,40.60899],[-73.79088,40.6077],[-73.7914,40.60762],[-73.79117,40.60848],[-73.79365,40.60899],[-73.79481,40.61039],[-73.79899,40.61149],[-73.79917,40.61203],[-73.80026,40.61161],[-73.8008,40.61194],[-73.80024,40.61209],[-73.79994,40.61315],[-73.79932,40.61337],[-73.79969,40.61379],[-73.79904,40.61556],[-73.79816,40.61572],[-73.79806,40.61634],[-73.79728,40.61667],[-73.79724,40.6176],[-73.79678,40.61771],[-73.79701,40.61839],[-73.79636,40.61846],[-73.79619,40.61962],[-73.79502,40.6213],[-73.79524,40.62161],[-73.79447,40.62179],[-73.79458,40.62253],[-73.79076,40.62234],[-73.78916,40.62301],[-73.78536,40.62671],[-73.78488,40.62664],[-73.78363,40.62815],[-73.78329,40.62896],[-73.78349,40.63017],[-73.78435,40.63138],[-73.78691,40.63227],[-73.7895,40.63428],[-73.79077,40.63386],[-73.79079,40.63429],[-73.79812,40.63105],[-73.79828,40.63126],[-73.79081,40.63432],[-73.79131,40.63441],[-73.79123,40.63487],[-73.79222,40.6359],[-73.79475,40.63664],[-73.79726,40.63802],[-73.79924,40.63843],[-73.81203,40.64431],[-73.8183,40.64628],[-73.82123,40.64898],[-73.82215,40.65014],[-73.82347,40.65532],[-73.82247,40.65917],[-73.82154,40.65998],[-73.82175,40.66013],[-73.8187,40.66111],[-73.81262,40.66017],[-73.81144,40.66026],[-73.81152,40.66078],[-73.81867,40.66214],[-73.82332,40.66022],[-73.82493,40.65545],[-73.82291,40.6481],[-73.8232,40.64802],[-73.82401,40.64924],[-73.82534,40.64967],[-73.82589,40.64949],[-73.82615,40.65009],[-73.82639,40.64833],[-73.8286,40.65721],[-73.83335,40.66678],[-73.83101,40.6662],[-73.82808,40.66609],[-73.82467,40.67704],[-73.83411,40.67886],[-73.81394,40.68461],[-73.80796,40.68707],[-73.80179,40.6744],[-73.79837,40.6741],[-73.79808,40.67045],[-73.79616,40.67012],[-73.79629,40.6694],[-73.78916,40.66835]]]]}},{"type":"Feature","properties":{"id":55},"geometry":{"type":"Polygon","coordinates":[[[-73.89554,40.67063],[-73.90198,40.66968],[-73.89879,40.65742],[-73.91012,40.65586],[-73.90978,40.65447],[-73.91071,40.65419],[-73.91254,40.65431],[-73.91466,40.65622],[-73.91378,40.65679],[-73.91441,40.65737],[-73.91557,40.6584],[-73.91649,40.65787],[-73.92546,40.66593],[-73.92872,40.6645],[-73.92869,40.66509],[-73.93146,40.66524],[-73.93053,40.67505],[-73.92205,40.67458],[-73.92165,40.67888],[-73.92213,40.67975],[-73.92354,40.68708],[-73.92089,40.68739],[-73.92122,40.68903],[-73.90002,40.67681],[-73.89724,40.67721],[-73.89554,40.67063]]]}},{"type":"Feature","properties":{"id":60},"geometry":{"type":"Polygon","coordinates":[[[-73.8627,40.65763],[-73.86328,40.65695],[-73.86303,40.65609],[-73.86099,40.65522],[-73.85722,40.65029],[-73.85838,40.64728],[-73.85717,40.64369],[-73.8629,40.64256],[-73.86671,40.64003],[-73.86629,40.63948],[-73.86867,40.64093],[-73.87062,40.64486],[-73.87257,40.64558],[-73.87922,40.6546],[-73.87972,40.65438],[-73.87319,40.64545],[-73.87327,40.64391],[-73.87009,40.63985],[-73.8699,40.63894],[-73.868,40.63812],[-73.86961,40.63709],[-73.86921,40.63747],[-73.86956,40.63796],[-73.87348,40.63629],[-73.87514,40.63705],[-73.87714,40.63866],[-73.87842,40.63892],[-73.88049,40.64099],[-73.88074,40.64157],[-73.88029,40.64141],[-73.88007,40.64201],[-73.88153,40.64246],[-73.88215,40.64375],[-73.88342,40.64453],[-73.88481,40.64395],[-73.88558,40.64405],[-73.88744,40.64594],[-73.88764,40.64781],[-73.88864,40.64803],[-73.89022,40.64938],[-73.89035,40.64904],[-73.89098,40.64937],[-73.89113,40.64888],[-73.8888,40.64606],[-73.88942,40.64695],[-73.88852,40.64737],[-73.8882,40.64715],[-73.88819,40.64678],[-73.88864,40.64679],[-73.88808,40.64663],[-73.88829,40.64605],[-73.88741,40.64534],[-73.88806,40.64513],[-73.8873,40.6452],[-73.88624,40.64383],[-73.88374,40.64246],[-73.88079,40.63977],[-73.88372,40.63769],[-73.89102,40.64425],[-73.89176,40.64377],[-73.89542,40.64706],[-73.89468,40.64754],[-73.90165,40.65376],[-73.90599,40.65096],[-73.90731,40.65628],[-73.89879,40.65742],[-73.90198,40.66968],[-73.88552,40.67212],[-73.8852,40.67087],[-73.8713,40.67287],[-73.87192,40.67541],[-73.86171,40.67662],[-73.86039,40.67126],[-73.85763,40.67166],[-73.85569,40.66388],[-73.85843,40.66346],[-73.85762,40.66013],[-73.86119,40.65926],[-73.86317,40.65828],[-73.8627,40.65763]]]}},{"type":"Feature","properties":{"id":79},"geometry":{"type":"Polygon","coordinates":[[[-73.88447,40.84599],[-73.8852,40.84499],[-73.8861,40.84053],[-73.88347,40.83907],[-73.88511,40.83648],[-73.88425,40.83619],[-73.88624,40.83286],[-73.88795,40.83345],[-73.88991,40.83013],[-73.89336,40.83016],[-73.89622,40.82718],[-73.89582,40.826],[-73.89585,40.8239],[-73.8998,40.82407],[-73.90258,40.81738],[-73.90529,40.81794],[-73.90379,40.8211],[-73.90743,40.82195],[-73.90991,40.81594],[-73.91194,40.81606],[-73.91138,40.81738],[-73.91447,40.81852],[-73.91503,40.81803],[-73.91488,40.81847],[-73.92462,40.82101],[-73.9202,40.82811],[-73.91461,40.8263],[-73.91217,40.82791],[-73.90598,40.83851],[-73.90649,40.83867],[-73.90522,40.84077],[-73.90483,40.84485],[-73.89479,40.84373],[-73.8929,40.84628],[-73.89337,40.84641],[-73.89242,40.84801],[-73.89134,40.84748],[-73.89046,40.84894],[-73.88447,40.84599]]]}},{"type":"Feature","properties":{"id":36},"geometry":{"type":"Polygon","coordinates":[[[-73.91651,40.7539],[-73.92442,40.75241],[-73.92464,40.75165],[-73.93152,40.75116],[-73.93394,40.75028],[-73.93686,40.74843],[-73.9374,40.74892],[-73.94061,40.74775],[-73.93932,40.74564],[-73.94282,40.74638],[-73.94323,40.7468],[-73.94489,40.74613],[-73.95248,40.74758],[-73.95271,40.74688],[-73.95504,40.74734],[-73.95486,40.74805],[-73.95319,40.74774],[-73.95306,40.7481],[-73.95632,40.74909],[-73.95622,40.74953],[-73.95576,40.7496],[-73.95612,40.74977],[-73.95547,40.74968],[-73.95535,40.75002],[-73.95507,40.74964],[-73.9545,40.75123],[-73.95132,40.75459],[-73.94131,40.76693],[-73.93984,40.768],[-73.93896,40.76797],[-73.9382,40.76871],[-73.93682,40.76891],[-73.93641,40.76948],[-73.93574,40.76938],[-73.9349,40.77005],[-73.93501,40.77117],[-73.93444,40.77147],[-73.93747,40.77254],[-73.93781,40.77357],[-73.93766,40.77509],[-73.93638,40.77693],[-73.93508,40.77795],[-73.93381,40.77811],[-73.93179,40.77788],[-73.92988,40.77623],[-73.92861,40.7766],[-73.92632,40.77825],[-73.92487,40.77863],[-73.91909,40.78338],[-73.91717,40.7842],[-73.91683,40.7852],[-73.91575,40.78612],[-73.91073,40.78286],[-73.9129,40.7811],[-73.91221,40.78061],[-73.91661,40.77701],[-73.91592,40.77653],[-73.91846,40.77446],[-73.91167,40.76965],[-73.91024,40.76944],[-73.91094,40.76886],[-73.90998,40.76871],[-73.9163,40.76095],[-73.9147,40.7602],[-73.91379,40.75861],[-73.91501,40.75711],[-73.91421,40.75673],[-73.91651,40.7539]]]}},{"type":"Feature","properties":{"id":35},"geometry":{"type":"MultiPolygon","coordinates":[[[[-73.87287,40.78598],[-73.87278,40.78595],[-73.87281,40.78591],[-73.87287,40.78598]]],[[[-73.8709,40.78588],[-73.86978,40.78535],[-73.86918,40.78595],[-73.86987,40.78509],[-73.86944,40.78365],[-73.86849,40.7837],[-73.86942,40.7836],[-73.87048,40.78231],[-73.87146,40.78213],[-73.87232,40.78111],[-73.87022,40.78126],[-73.87256,40.78083],[-73.85505,40.7722],[-73.85646,40.77028],[-73.85788,40.77067],[-73.85804,40.77021],[-73.85735,40.77019],[-73.85625,40.76889],[-73.85705,40.76915],[-73.85938,40.76708],[-73.86086,40.76694],[-73.8611,40.76728],[-73.86132,40.76695],[-73.86276,40.76677],[-73.85941,40.76249],[-73.85892,40.76213],[-73.85865,40.76252],[-73.85889,40.76214],[-73.85862,40.76194],[-73.85766,40.76309],[-73.8585,40.76338],[-73.85764,40.76311],[-73.85696,40.76408],[-73.85668,40.76394],[-73.85758,40.76308],[-73.85659,40.76273],[-73.85678,40.76252],[-73.85761,40.76306],[-73.85818,40.7624],[-73.85661,40.76166],[-73.8582,40.76238],[-73.85859,40.76193],[-73.85467,40.76018],[-73.8527,40.76014],[-73.85159,40.75936],[-73.8495,40.76002],[-73.8493,40.76025],[-73.84988,40.76111],[-73.85207,40.7604],[-73.84981,40.76128],[-73.84869,40.76015],[-73.84671,40.76135],[-73.84597,40.76071],[-73.84325,40.75535],[-73.8519,40.75276],[-73.8505,40.75013],[-73.84383,40.75247],[-73.8435,40.75207],[-73.84118,40.75269],[-73.84265,40.75099],[-73.84314,40.7509],[-73.84415,40.74858],[-73.84859,40.74729],[-73.8458,40.74155],[-73.845,40.73589],[-73.84439,40.73418],[-73.84497,40.73402],[-73.84475,40.73363],[-73.85938,40.72925],[-73.8626,40.73042],[-73.86462,40.73429],[-73.86631,40.73378],[-73.86784,40.73692],[-73.86823,40.73686],[-73.86857,40.73775],[-73.86819,40.73784],[-73.86899,40.73989],[-73.86732,40.74027],[-73.86715,40.73985],[-73.86441,40.74048],[-73.86186,40.7416],[-73.86073,40.73964],[-73.85877,40.74081],[-73.85731,40.73969],[-73.85393,40.74235],[-73.85368,40.74212],[-73.85121,40.74285],[-73.85666,40.7532],[-73.86252,40.75146],[-73.86224,40.75093],[-73.86398,40.75042],[-73.8654,40.75302],[-73.86908,40.75204],[-73.87008,40.75531],[-73.87189,40.75512],[-73.87222,40.75695],[-73.87366,40.75681],[-73.87441,40.75823],[-73.875,40.76127],[-73.87896,40.76199],[-73.87926,40.76369],[-73.88673,40.76306],[-73.88707,40.76488],[-73.89167,40.7644],[-73.89191,40.76572],[-73.89089,40.76587],[-73.89109,40.76634],[-73.88905,40.76664],[-73.8931,40.76679],[-73.89418,40.77275],[-73.89289,40.77382],[-73.88941,40.77299],[-73.88946,40.77354],[-73.88581,40.77403],[-73.88567,40.77444],[-73.88579,40.77403],[-73.88392,40.77414],[-73.88455,40.77437],[-73.88484,40.77496],[-73.88429,40.77549],[-73.88541,40.77967],[-73.88385,40.78027],[-73.87961,40.78086],[-73.87871,40.78059],[-73.87931,40.78186],[-73.87886,40.78241],[-73.8797,40.78289],[-73.87883,40.78244],[-73.87834,40.78303],[-73.87516,40.78152],[-73.87125,40.78605],[-73.8709,40.78588]]]]}},{"type":"Feature","properties":{"id":78},"geometry":{"type":"Polygon","coordinates":[[[-73.88966,40.87698],[-73.88808,40.87628],[-73.88774,40.87704],[-73.8855,40.8774],[-73.8832,40.87651],[-73.88143,40.87144],[-73.8799,40.86838],[-73.88505,40.86551],[-73.88394,40.86496],[-73.8838,40.86418],[-73.88059,40.86089],[-73.88101,40.85828],[-73.88081,40.85721],[-73.87795,40.85561],[-73.87681,40.8555],[-73.87701,40.85709],[-73.87622,40.85908],[-73.87653,40.85989],[-73.87387,40.86321],[-73.87528,40.86573],[-73.87438,40.86689],[-73.87042,40.86537],[-73.87058,40.86141],[-73.86749,40.86135],[-73.86762,40.85663],[-73.86928,40.8567],[-73.87056,40.8547],[-73.87356,40.85333],[-73.87443,40.85253],[-73.87528,40.85106],[-73.87505,40.85011],[-73.87536,40.84819],[-73.87734,40.844],[-73.88312,40.84823],[-73.88447,40.84599],[-73.89046,40.84894],[-73.88895,40.85145],[-73.88997,40.85211],[-73.89048,40.8523],[-73.8928,40.85111],[-73.89432,40.8519],[-73.8918,40.85462],[-73.89443,40.85579],[-73.89192,40.85925],[-73.89463,40.86056],[-73.89755,40.86131],[-73.89694,40.86245],[-73.89841,40.86231],[-73.896,40.86584],[-73.89798,40.86674],[-73.90108,40.86276],[-73.90909,40.86277],[-73.90831,40.86728],[-73.90763,40.86911],[-73.90722,40.86886],[-73.9057,40.87007],[-73.90442,40.87037],[-73.90447,40.87242],[-73.90572,40.87315],[-73.90471,40.87462],[-73.90175,40.87368],[-73.90215,40.87251],[-73.89909,40.87198],[-73.8993,40.87125],[-73.89779,40.87086],[-73.89213,40.87807],[-73.88966,40.87698]]]}},{"type":"Feature","properties":{"id":66},"geometry":{"type":"Polygon","coordinates":[[[-73.99223,40.73793],[-73.98902,40.73657],[-73.98986,40.73533],[-73.99076,40.73485],[-73.98256,40.73136],[-73.98864,40.72294],[-73.99491,40.72496],[-73.99627,40.72196],[-73.99712,40.72231],[-73.99766,40.72084],[-73.99903,40.72143],[-74.00062,40.71956],[-74.00143,40.71995],[-74.00403,40.71688],[-74.00256,40.71619],[-74.0036,40.71365],[-74.00486,40.71246],[-74.00328,40.71129],[-74.00425,40.71017],[-74.00607,40.71202],[-74.0086,40.7114],[-74.00906,40.71089],[-74.01047,40.71154],[-74.01012,40.71209],[-74.01373,40.71369],[-74.01229,40.71905],[-74.01303,40.71914],[-74.01291,40.71974],[-74.01342,40.72003],[-74.01638,40.72038],[-74.01631,40.72074],[-74.013,40.72034],[-74.0129,40.72088],[-74.0157,40.72121],[-74.01562,40.72155],[-74.01316,40.72126],[-74.01362,40.72159],[-74.01254,40.72151],[-74.01165,40.72588],[-74.01516,40.72633],[-74.01513,40.7268],[-74.01154,40.72646],[-74.01138,40.72824],[-74.01439,40.72847],[-74.01409,40.73067],[-74.01116,40.73046],[-74.01099,40.73233],[-74.01094,40.73302],[-74.014,40.73308],[-74.014,40.73334],[-74.01073,40.73347],[-74.01083,40.73402],[-74.01202,40.73407],[-74.012,40.73435],[-74.01082,40.73429],[-74.01048,40.73807],[-74.01114,40.7384],[-74.01046,40.73837],[-74.01039,40.73918],[-74.01158,40.73927],[-74.01146,40.74059],[-74.01266,40.74076],[-74.0095,40.74074],[-74.00962,40.74137],[-74.0114,40.74183],[-74.01084,40.7426],[-74.0087,40.74237],[-74.00826,40.74468],[-74.00681,40.74407],[-74.00723,40.74348],[-74.00699,40.74337],[-73.99266,40.73734],[-73.99223,40.73793]],[[-74.00957,40.74143],[-74.00924,40.74208],[-74.01009,40.7425],[-74.00982,40.74217],[-74.01017,40.74168],[-74.00957,40.74143]]]}},{"type":"Feature","properties":{"id":87},"geometry":{"type":"Polygon","coordinates":[[[-73.85334,40.84248],[-73.85052,40.8428],[-73.84458,40.83854],[-73.84306,40.83981],[-73.84198,40.83892],[-73.84,40.83567],[-73.83996,40.83491],[-73.84458,40.83131],[-73.84441,40.83061],[-73.8427,40.83075],[-73.8431,40.83003],[-73.84304,40.82894],[-73.83983,40.82158],[-73.84,40.81994],[-73.84199,40.81878],[-73.84401,40.81471],[-73.84525,40.81501],[-73.84388,40.8174],[-73.8587,40.81541],[-73.8592,40.81752],[-73.86012,40.8174],[-73.86061,40.81951],[-73.86247,40.81926],[-73.86298,40.82139],[-73.85827,40.82202],[-73.85879,40.82422],[-73.86067,40.82843],[-73.86822,40.82743],[-73.86999,40.83592],[-73.87747,40.83666],[-73.88059,40.83744],[-73.8861,40.84053],[-73.8852,40.84499],[-73.88312,40.84823],[-73.87716,40.84409],[-73.87533,40.84829],[-73.87521,40.8512],[-73.87389,40.8531],[-73.87182,40.85404],[-73.87126,40.85088],[-73.87124,40.8468],[-73.8723,40.84159],[-73.8713,40.84122],[-73.86956,40.8396],[-73.86347,40.84131],[-73.85334,40.84248]]]}},{"type":"Feature","properties":{"id":52},"geometry":{"type":"Polygon","coordinates":[[[-73.96929,40.7071],[-73.96838,40.70684],[-73.96795,40.70574],[-73.96702,40.70629],[-73.96647,40.705],[-73.9643,40.70302],[-73.96239,40.70251],[-73.96122,40.70145],[-73.96248,40.6981],[-73.96435,40.69619],[-73.96547,40.69594],[-73.98041,40.69657],[-73.98041,40.70071],[-73.98076,40.70124],[-73.98476,40.70145],[-73.98483,40.70059],[-73.98571,40.70061],[-73.98221,40.69751],[-73.98257,40.6923],[-73.98065,40.68847],[-73.97351,40.67865],[-73.96598,40.67707],[-73.96694,40.67444],[-73.96872,40.67393],[-73.96894,40.6729],[-73.97041,40.67266],[-73.97332,40.66883],[-73.98278,40.67341],[-73.98479,40.671],[-73.98721,40.67217],[-73.98922,40.66976],[-73.99388,40.67201],[-73.9949,40.6708],[-73.99764,40.6721],[-73.99803,40.67138],[-73.99882,40.67258],[-73.99777,40.67475],[-74.00068,40.67556],[-74.0033,40.67953],[-74.00065,40.68526],[-74.00454,40.68636],[-74.00485,40.68568],[-74.00772,40.68627],[-74.00702,40.68653],[-74.00588,40.6862],[-74.00298,40.69043],[-74.00096,40.69014],[-74.0007,40.69062],[-74.00197,40.69185],[-74.00175,40.69242],[-73.99948,40.69671],[-73.99887,40.69693],[-73.99725,40.70015],[-73.99466,40.70344],[-73.995,40.70366],[-73.99478,40.70425],[-73.99213,40.7047],[-73.99186,40.70409],[-73.99095,40.70404],[-73.99023,40.70494],[-73.9883,40.70455],[-73.98829,40.70508],[-73.98796,40.70514],[-73.98653,40.70499],[-73.98644,40.70536],[-73.98344,40.70565],[-73.98093,40.70538],[-73.98091,40.70592],[-73.97905,40.70598],[-73.97924,40.70556],[-73.97882,40.70587],[-73.97869,40.70546],[-73.97839,40.70598],[-73.97885,40.70607],[-73.97835,40.70601],[-73.97853,40.70488],[-73.97802,40.7043],[-73.97721,40.70422],[-73.97751,40.70321],[-73.97714,40.70301],[-73.97624,40.70478],[-73.97596,40.70472],[-73.97693,40.70281],[-73.97616,40.70218],[-73.97533,40.70296],[-73.97601,40.70195],[-73.97455,40.7016],[-73.97573,40.69959],[-73.97536,40.69959],[-73.97412,40.70131],[-73.97239,40.70017],[-73.97376,40.70154],[-73.97319,40.70168],[-73.97098,40.69986],[-73.97081,40.70011],[-73.97333,40.70242],[-73.97284,40.70274],[-73.96983,40.70025],[-73.96949,40.70053],[-73.97284,40.70335],[-73.96925,40.70137],[-73.96899,40.70176],[-73.97231,40.70385],[-73.9711,40.70347],[-73.97102,40.70382],[-73.97466,40.70608],[-73.97439,40.70633],[-73.97339,40.70574],[-73.97255,40.70621],[-73.97463,40.70769],[-73.97424,40.70803],[-73.9711,40.70586],[-73.97106,40.70695],[-73.97276,40.70884],[-73.97232,40.70909],[-73.97026,40.7069],[-73.97049,40.70541],[-73.97018,40.70494],[-73.96762,40.70336],[-73.96748,40.70396],[-73.9693,40.7051],[-73.96929,40.7071]]]}},{"type":"Feature","properties":{"id":65},"geometry":{"type":"MultiPolygon","coordinates":[[[[-73.99629,40.70143],[-73.9967,40.70089],[-73.99814,40.70153],[-73.99619,40.70339],[-73.99514,40.70298],[-73.99629,40.70143]]],[[[-73.99502,40.70316],[-73.99545,40.70328],[-73.99529,40.70356],[-73.9948,40.7033],[-73.99502,40.70316]]],[[[-73.99477,40.70396],[-73.99503,40.70382],[-73.99488,40.70402],[-73.99477,40.70396]]],[[[-73.98237,40.70555],[-73.98242,40.70583],[-73.98103,40.70591],[-73.98237,40.70555]]],[[[-73.98876,40.72298],[-73.98797,40.72392],[-73.98575,40.72302],[-73.9844,40.72487],[-73.98208,40.72389],[-73.98253,40.72329],[-73.98017,40.72229],[-73.97973,40.7229],[-73.97735,40.72189],[-73.97689,40.72251],[-73.97476,40.7216],[-73.97504,40.71941],[-73.97748,40.72035],[-73.97803,40.71965],[-73.97875,40.71994],[-73.98067,40.71632],[-73.97513,40.71463],[-73.97643,40.71192],[-73.97753,40.71085],[-73.98129,40.71023],[-73.98125,40.70983],[-73.98839,40.70914],[-73.98874,40.70998],[-73.99728,40.70874],[-74.00119,40.70687],[-74.00098,40.70642],[-74.00141,40.70619],[-74.00059,40.70542],[-74.00146,40.70488],[-74.00257,40.70553],[-74.00217,40.70461],[-74.00332,40.70564],[-74.00383,40.70531],[-74.00263,40.70423],[-74.00287,40.70408],[-74.00406,40.70516],[-74.00475,40.70524],[-74.00629,40.70424],[-74.00795,40.70555],[-74.01333,40.70504],[-74.01326,40.70588],[-74.0086,40.7114],[-74.00607,40.71202],[-74.00425,40.71017],[-74.00398,40.7104],[-74.00328,40.71129],[-74.00486,40.71246],[-74.0036,40.71365],[-74.00256,40.71619],[-74.00403,40.71688],[-74.00143,40.71995],[-74.00062,40.71956],[-73.99903,40.72143],[-73.99766,40.72084],[-73.99712,40.72231],[-73.99627,40.72196],[-73.99491,40.72496],[-73.98876,40.72298]]]]}},{"type":"Feature","properties":{"id":86},"geometry":{"type":"Polygon","coordinates":[[[-73.90572,40.87315],[-73.90447,40.87242],[-73.90442,40.87037],[-73.9057,40.87007],[-73.90722,40.86886],[-73.90763,40.86911],[-73.90831,40.86728],[-73.90909,40.86277],[-73.90108,40.86276],[-73.89798,40.86674],[-73.896,40.86584],[-73.89841,40.86231],[-73.89694,40.86245],[-73.89755,40.86131],[-73.89463,40.86056],[-73.89192,40.85925],[-73.89443,40.85579],[-73.8918,40.85462],[-73.89432,40.8519],[-73.8928,40.85111],[-73.89048,40.8523],[-73.88895,40.85145],[-73.89134,40.84748],[-73.89242,40.84801],[-73.89337,40.84641],[-73.8929,40.84628],[-73.89479,40.84373],[-73.90483,40.84485],[-73.90502,40.84241],[-73.91175,40.84287],[-73.91199,40.84307],[-73.91158,40.84426],[-73.91062,40.84554],[-73.91145,40.84587],[-73.91024,40.84756],[-73.90884,40.84727],[-73.90765,40.85087],[-73.90699,40.85039],[-73.90605,40.85141],[-73.90682,40.85182],[-73.9056,40.85316],[-73.90733,40.85382],[-73.90922,40.85181],[-73.91143,40.85174],[-73.91288,40.85013],[-73.91416,40.84998],[-73.91543,40.85049],[-73.91606,40.85006],[-73.91614,40.84889],[-73.91765,40.84774],[-73.91844,40.84832],[-73.92061,40.84689],[-73.92231,40.84739],[-73.91964,40.85066],[-73.91833,40.85155],[-73.91884,40.85278],[-73.91799,40.85288],[-73.91779,40.85372],[-73.91651,40.85539],[-73.91586,40.85803],[-73.91694,40.85822],[-73.91789,40.85701],[-73.91903,40.8574],[-73.91721,40.85894],[-73.91342,40.86338],[-73.91276,40.86304],[-73.91227,40.86364],[-73.9128,40.86391],[-73.91253,40.8638],[-73.91268,40.86403],[-73.91044,40.86654],[-73.9095,40.86884],[-73.90865,40.87139],[-73.90893,40.87217],[-73.90774,40.87285],[-73.90747,40.87356],[-73.90572,40.87315]]]}},{"type":"Feature","properties":{"id":73},"geometry":{"type":"Polygon","coordinates":[[[-73.94896,40.7817],[-73.95079,40.77919],[-73.95304,40.78013],[-73.9634,40.76592],[-73.96115,40.765],[-73.96388,40.76124],[-73.96349,40.76108],[-73.96319,40.76148],[-73.96142,40.76038],[-73.96107,40.76087],[-73.95801,40.75959],[-73.96066,40.75593],[-73.96471,40.75173],[-73.96499,40.75155],[-73.96723,40.7527],[-73.9677,40.75205],[-73.96989,40.75301],[-73.97676,40.74348],[-73.9855,40.74716],[-73.95716,40.78599],[-73.95396,40.78462],[-73.9535,40.78526],[-73.95188,40.78457],[-73.95234,40.78395],[-73.95074,40.78327],[-73.9512,40.78264],[-73.94896,40.7817]]]}},{"type":"Feature","properties":{"id":76},"geometry":{"type":"MultiPolygon","coordinates":[[[[-73.96421,40.74661],[-73.96458,40.74646],[-73.96416,40.74687],[-73.96421,40.74661]]],[[[-73.95764,40.74841],[-73.95784,40.74835],[-73.95769,40.74854],[-73.95764,40.74841]]],[[[-73.93557,40.77193],[-73.93557,40.77164],[-73.93585,40.77172],[-73.93557,40.77193]]],[[[-73.9418,40.76906],[-73.94286,40.76831],[-73.95322,40.75644],[-73.95792,40.75212],[-73.96091,40.74981],[-73.96154,40.74973],[-73.95902,40.7536],[-73.95209,40.76087],[-73.94473,40.76979],[-73.94213,40.77204],[-73.94018,40.77297],[-73.94028,40.77068],[-73.9418,40.76906]]],[[[-73.93805,40.78084],[-73.93765,40.78101],[-73.9376,40.78048],[-73.93861,40.78035],[-73.93959,40.77958],[-73.93873,40.78052],[-73.93875,40.78105],[-73.93808,40.78143],[-73.93805,40.78084]]],[[[-73.9436,40.78017],[-73.94344,40.77977],[-73.9424,40.78003],[-73.94212,40.77947],[-73.943,40.77886],[-73.94212,40.77726],[-73.94244,40.77731],[-73.94208,40.77693],[-73.94208,40.77597],[-73.95442,40.76219],[-73.95849,40.75855],[-73.95801,40.75959],[-73.96107,40.76087],[-73.96142,40.76038],[-73.96319,40.76148],[-73.96349,40.76108],[-73.96388,40.76124],[-73.96115,40.765],[-73.9634,40.76592],[-73.95304,40.78013],[-73.95079,40.77919],[-73.94896,40.7817],[-73.94436,40.77977],[-73.94447,40.78204],[-73.94406,40.78297],[-73.94365,40.78266],[-73.94388,40.78154],[-73.9436,40.78017]]]]}},{"type":"Feature","properties":{"id":64},"geometry":{"type":"MultiPolygon","coordinates":[[[[-74.05051,40.56643],[-74.04932,40.5659],[-74.04924,40.56537],[-74.05003,40.56533],[-74.05075,40.5659],[-74.05107,40.56673],[-74.05051,40.56643]]],[[[-74.05314,40.57771],[-74.05406,40.57712],[-74.0549,40.57779],[-74.05485,40.57995],[-74.05369,40.58056],[-74.05293,40.57991],[-74.05314,40.57771]]],[[[-74.10857,40.61012],[-74.10547,40.61016],[-74.10544,40.60983],[-74.09619,40.61029],[-74.09363,40.60995],[-74.09151,40.60911],[-74.08944,40.6077],[-74.09094,40.60622],[-74.09041,40.60588],[-74.08598,40.60322],[-74.08594,40.60385],[-74.08521,40.6041],[-74.08498,40.60371],[-74.08381,40.60416],[-74.08219,40.60195],[-74.08025,40.60172],[-74.08008,40.6021],[-74.0767,40.60213],[-74.0771,40.60325],[-74.07655,40.60623],[-74.07304,40.6056],[-74.06911,40.60413],[-74.06807,40.60654],[-74.06373,40.60851],[-74.06265,40.60937],[-74.05909,40.61064],[-74.05717,40.60875],[-74.05601,40.60679],[-74.05552,40.60649],[-74.05516,40.60674],[-74.05506,40.60627],[-74.05381,40.60592],[-74.05361,40.60525],[-74.05402,40.60494],[-74.05303,40.60147],[-74.05342,40.60052],[-74.05225,40.59976],[-74.05287,40.59988],[-74.05448,40.59876],[-74.05964,40.59372],[-74.06215,40.59203],[-74.06503,40.589],[-74.06436,40.58828],[-74.06478,40.5885],[-74.06722,40.58674],[-74.07096,40.58319],[-74.07149,40.58218],[-74.07066,40.58163],[-74.07178,40.58188],[-74.075,40.57924],[-74.07336,40.57828],[-74.07508,40.57917],[-74.0758,40.57832],[-74.07535,40.5779],[-74.07602,40.57825],[-74.07926,40.57568],[-74.07868,40.57509],[-74.07934,40.57564],[-74.0805,40.57499],[-74.08595,40.57031],[-74.08691,40.56899],[-74.08622,40.56854],[-74.08725,40.56909],[-74.08925,40.56702],[-74.08998,40.56739],[-74.091,40.56675],[-74.09407,40.56274],[-74.09543,40.56316],[-74.09662,40.5621],[-74.0982,40.55984],[-74.09829,40.55934],[-74.09782,40.55906],[-74.09877,40.55943],[-74.1008,40.55833],[-74.10185,40.55623],[-74.10136,40.55559],[-74.10265,40.55614],[-74.1031,40.55591],[-74.10466,40.55413],[-74.10509,40.55324],[-74.10485,40.55303],[-74.10648,40.55417],[-74.10735,40.55416],[-74.11029,40.5515],[-74.11279,40.54789],[-74.11474,40.548],[-74.11546,40.54752],[-74.11655,40.54788],[-74.11804,40.54731],[-74.11978,40.54548],[-74.1225,40.54487],[-74.12638,40.54053],[-74.13071,40.53454],[-74.13357,40.53152],[-74.13619,40.52963],[-74.13691,40.52929],[-74.13729,40.52975],[-74.13883,40.5299],[-74.13915,40.53153],[-74.14061,40.53414],[-74.14048,40.53509],[-74.1401,40.53549],[-74.13801,40.53521],[-74.1341,40.5355],[-74.1312,40.53788],[-74.13153,40.53773],[-74.13129,40.53796],[-74.13182,40.53832],[-74.13211,40.53806],[-74.1317,40.53787],[-74.13243,40.53778],[-74.13191,40.53754],[-74.13245,40.53777],[-74.13276,40.53751],[-74.1324,40.53713],[-74.13278,40.53749],[-74.13308,40.53724],[-74.13256,40.537],[-74.13339,40.53697],[-74.13304,40.53658],[-74.13341,40.53695],[-74.13386,40.53661],[-74.12997,40.53998],[-74.13021,40.53971],[-74.12969,40.53948],[-74.13052,40.53943],[-74.13,40.53918],[-74.13054,40.53942],[-74.13084,40.53916],[-74.13049,40.53877],[-74.13086,40.53914],[-74.13115,40.53888],[-74.13066,40.53863],[-74.13118,40.53886],[-74.13148,40.53861],[-74.13098,40.53835],[-74.13179,40.53833],[-74.13117,40.53791],[-74.12813,40.54056],[-74.12743,40.54189],[-74.12754,40.54307],[-74.12793,40.54338],[-74.12757,40.54351],[-74.12799,40.54349],[-74.12854,40.54454],[-74.13026,40.54606],[-74.13292,40.54682],[-74.13498,40.54669],[-74.13713,40.54594],[-74.13612,40.54503],[-74.13639,40.54486],[-74.13719,40.54579],[-74.13751,40.54559],[-74.13659,40.54485],[-74.13687,40.54469],[-74.13795,40.54601],[-74.13887,40.54514],[-74.13763,40.54426],[-74.13876,40.54494],[-74.13902,40.54472],[-74.13804,40.54391],[-74.13903,40.54471],[-74.13954,40.5443],[-74.13915,40.54452],[-74.13942,40.54421],[-74.13898,40.54438],[-74.13922,40.54407],[-74.13888,40.54425],[-74.13884,40.5438],[-74.13859,40.54411],[-74.13882,40.54379],[-74.13828,40.54387],[-74.13834,40.54356],[-74.13957,40.54428],[-74.13984,40.54406],[-74.13871,40.5433],[-74.13891,40.54314],[-74.13987,40.54404],[-74.14039,40.54404],[-74.13922,40.54317],[-74.1403,40.54365],[-74.13936,40.54283],[-74.14031,40.54338],[-74.14063,40.54312],[-74.13963,40.54255],[-74.13986,40.54237],[-74.14065,40.5431],[-74.14133,40.5431],[-74.14034,40.54224],[-74.14141,40.54303],[-74.14108,40.5428],[-74.14134,40.5426],[-74.14026,40.54197],[-74.14068,40.54192],[-74.14135,40.54259],[-74.1418,40.54221],[-74.14064,40.5417],[-74.14096,40.54144],[-74.14187,40.54217],[-74.14169,40.54236],[-74.1423,40.54226],[-74.14248,40.54134],[-74.14173,40.53935],[-74.1423,40.53908],[-74.14177,40.53855],[-74.14227,40.53815],[-74.14187,40.53845],[-74.14217,40.53794],[-74.14104,40.53736],[-74.1413,40.53715],[-74.14219,40.53793],[-74.14239,40.53776],[-74.14158,40.5371],[-74.14384,40.53715],[-74.14474,40.53581],[-74.1467,40.53542],[-74.14922,40.53425],[-74.14992,40.53465],[-74.1493,40.53504],[-74.15473,40.53841],[-74.15795,40.54168],[-74.15866,40.54125],[-74.16021,40.54284],[-74.16095,40.54243],[-74.16239,40.54392],[-74.16427,40.54334],[-74.1654,40.54444],[-74.16574,40.54541],[-74.1646,40.54586],[-74.16524,40.54874],[-74.16117,40.5492],[-74.15064,40.55196],[-74.15051,40.55165],[-74.14421,40.55291],[-74.13978,40.5545],[-74.13094,40.56055],[-74.12741,40.56355],[-74.12309,40.56797],[-74.1249,40.56896],[-74.12419,40.56943],[-74.12761,40.57137],[-74.12681,40.57342],[-74.12772,40.57377],[-74.12785,40.57518],[-74.12707,40.57641],[-74.12725,40.57756],[-74.12887,40.57703],[-74.12922,40.57768],[-74.1349,40.57617],[-74.12946,40.57797],[-74.12972,40.57824],[-74.12712,40.57919],[-74.12749,40.5798],[-74.12614,40.58057],[-74.1264,40.58252],[-74.12714,40.58254],[-74.12914,40.58417],[-74.1291,40.5863],[-74.12777,40.58749],[-74.12782,40.58937],[-74.12627,40.59103],[-74.12629,40.59346],[-74.12259,40.5995],[-74.12071,40.60071],[-74.1206,40.60182],[-74.11778,40.60187],[-74.11835,40.60915],[-74.11743,40.6093],[-74.11788,40.60999],[-74.11667,40.61009],[-74.11677,40.61094],[-74.11488,40.61112],[-74.10857,40.61012]]],[[[-74.05977,40.61206],[-74.06034,40.61191],[-74.05986,40.61211],[-74.0602,40.61281],[-74.05977,40.61206]]],[[[-74.03407,40.64432],[-74.02906,40.64173],[-74.02885,40.64081],[-74.03032,40.63966],[-74.03089,40.63829],[-74.02567,40.63668],[-74.01825,40.63304],[-74.01698,40.63524],[-74.01648,40.63456],[-74.01637,40.63345],[-74.01806,40.62863],[-74.02479,40.63151],[-74.03019,40.6328],[-74.03196,40.62848],[-74.03464,40.62911],[-74.03784,40.62128],[-74.04018,40.62164],[-74.0405,40.62061],[-74.03699,40.61366],[-74.03487,40.61137],[-74.03509,40.60961],[-74.03604,40.6093],[-74.03686,40.61114],[-74.03903,40.61317],[-74.04038,40.61535],[-74.04162,40.62057],[-74.0419,40.62433],[-74.04103,40.63029],[-74.03571,40.64065],[-74.0367,40.64169],[-74.03407,40.64432]]]]}},{"type":"Feature","properties":{"id":62},"geometry":{"type":"Polygon","coordinates":[[[-74.1349,40.57617],[-74.12922,40.57768],[-74.12887,40.57703],[-74.12725,40.57756],[-74.12707,40.57641],[-74.12785,40.57518],[-74.12772,40.57377],[-74.12681,40.57342],[-74.12761,40.57137],[-74.12419,40.56943],[-74.1249,40.56896],[-74.12309,40.56797],[-74.12741,40.56355],[-74.13667,40.55634],[-74.1405,40.55418],[-74.14464,40.55282],[-74.15051,40.55165],[-74.15064,40.55196],[-74.16117,40.5492],[-74.16524,40.54874],[-74.1646,40.54586],[-74.16574,40.54541],[-74.1654,40.54444],[-74.16427,40.54334],[-74.16239,40.54392],[-74.16095,40.54243],[-74.16021,40.54284],[-74.15866,40.54125],[-74.15795,40.54168],[-74.15473,40.53841],[-74.1493,40.53504],[-74.14992,40.53465],[-74.14922,40.53425],[-74.15022,40.53291],[-74.15246,40.53208],[-74.15463,40.53036],[-74.15455,40.53007],[-74.15493,40.53023],[-74.15551,40.52945],[-74.15623,40.52923],[-74.15619,40.52862],[-74.15702,40.52899],[-74.15826,40.52831],[-74.15797,40.52808],[-74.15833,40.52829],[-74.1597,40.5273],[-74.16031,40.52756],[-74.16158,40.52702],[-74.16227,40.5272],[-74.17,40.52305],[-74.17129,40.52347],[-74.1727,40.52298],[-74.17601,40.52088],[-74.17758,40.51924],[-74.17832,40.51995],[-74.18105,40.52067],[-74.18483,40.51935],[-74.1885,40.51632],[-74.18927,40.51535],[-74.18884,40.5151],[-74.18971,40.51533],[-74.1941,40.51065],[-74.19521,40.50999],[-74.1965,40.50993],[-74.19967,40.51144],[-74.20006,40.51263],[-74.19893,40.51279],[-74.19907,40.51309],[-74.20821,40.51165],[-74.20969,40.51081],[-74.20932,40.51041],[-74.20972,40.51079],[-74.21014,40.51042],[-74.21353,40.50641],[-74.21434,40.50653],[-74.21566,40.50562],[-74.2176,40.50334],[-74.22305,40.50249],[-74.225,40.50178],[-74.2273,40.50231],[-74.23125,40.50184],[-74.23679,40.50001],[-74.23985,40.49759],[-74.24433,40.49755],[-74.24676,40.49614],[-74.24964,40.49685],[-74.25086,40.49801],[-74.25111,40.49894],[-74.2533,40.50032],[-74.25528,40.50406],[-74.25559,40.50772],[-74.25463,40.50868],[-74.25497,40.50881],[-74.254,40.50898],[-74.25432,40.50942],[-74.25369,40.50943],[-74.25453,40.50998],[-74.25365,40.50948],[-74.25332,40.50987],[-74.25301,40.5112],[-74.25353,40.51169],[-74.25304,40.51144],[-74.25309,40.51213],[-74.25195,40.51301],[-74.25213,40.51372],[-74.25011,40.51505],[-74.25056,40.51572],[-74.24989,40.51553],[-74.25056,40.51611],[-74.24922,40.51509],[-74.24994,40.51615],[-74.24943,40.5157],[-74.24865,40.51612],[-74.24876,40.51636],[-74.24855,40.51618],[-74.24829,40.5165],[-74.24895,40.5172],[-74.24941,40.51699],[-74.24852,40.51748],[-74.24892,40.51722],[-74.24752,40.51574],[-74.24644,40.51597],[-74.24613,40.51615],[-74.247,40.51719],[-74.24648,40.5167],[-74.24654,40.51697],[-74.24521,40.5173],[-74.24564,40.51808],[-74.2443,40.51852],[-74.24233,40.51833],[-74.24103,40.51955],[-74.24049,40.5192],[-74.23982,40.5201],[-74.24117,40.52107],[-74.24293,40.52124],[-74.24259,40.52221],[-74.2428,40.52402],[-74.24336,40.52483],[-74.24397,40.52491],[-74.24151,40.53105],[-74.24181,40.53257],[-74.24218,40.53258],[-74.24205,40.53435],[-74.24413,40.5362],[-74.24415,40.53689],[-74.24534,40.53691],[-74.24443,40.53802],[-74.2454,40.53956],[-74.2456,40.54096],[-74.24649,40.54222],[-74.24804,40.5431],[-74.24614,40.5457],[-74.24336,40.54787],[-74.24359,40.54763],[-74.2422,40.54696],[-74.24039,40.54767],[-74.23762,40.55013],[-74.23642,40.55052],[-74.2364,40.55234],[-74.2349,40.55301],[-74.23333,40.55252],[-74.23071,40.55557],[-74.22932,40.5555],[-74.22905,40.55612],[-74.22833,40.5564],[-74.22744,40.55605],[-74.22344,40.55605],[-74.22379,40.55589],[-74.22258,40.55541],[-74.22157,40.55566],[-74.2213,40.55537],[-74.22087,40.55595],[-74.21975,40.55462],[-74.21908,40.55486],[-74.21922,40.55581],[-74.21859,40.55468],[-74.21875,40.55604],[-74.21775,40.55501],[-74.21474,40.55625],[-74.21499,40.5568],[-74.21377,40.55641],[-74.21264,40.5573],[-74.21195,40.55849],[-74.21188,40.55962],[-74.21117,40.56048],[-74.21138,40.5635],[-74.20887,40.56892],[-74.20893,40.56963],[-74.20802,40.57053],[-74.20784,40.57262],[-74.20708,40.57427],[-74.20729,40.57526],[-74.20681,40.57593],[-74.20709,40.57631],[-74.20658,40.57666],[-74.20681,40.57719],[-74.20592,40.57862],[-74.20599,40.58042],[-74.20508,40.58161],[-74.2044,40.58372],[-74.20464,40.58433],[-74.20412,40.5859],[-74.20458,40.58823],[-74.20412,40.58889],[-74.20465,40.58929],[-74.20202,40.5909],[-74.20305,40.59115],[-74.20203,40.59101],[-74.20184,40.59164],[-74.20232,40.59153],[-74.19957,40.59378],[-74.19752,40.59681],[-74.19737,40.59867],[-74.19333,40.59762],[-74.19304,40.5965],[-74.1921,40.59673],[-74.19176,40.59764],[-74.19119,40.59722],[-74.1924,40.59407],[-74.19035,40.59334],[-74.18943,40.59244],[-74.18882,40.5928],[-74.1861,40.59139],[-74.1873,40.59005],[-74.18846,40.59067],[-74.192,40.58632],[-74.19132,40.58571],[-74.19174,40.58506],[-74.1904,40.57943],[-74.18976,40.57851],[-74.19051,40.57765],[-74.1902,40.57635],[-74.18682,40.57654],[-74.18688,40.57706],[-74.18492,40.57655],[-74.18289,40.57396],[-74.18013,40.57322],[-74.17871,40.57237],[-74.17832,40.57255],[-74.17826,40.57209],[-74.17661,40.57101],[-74.17559,40.56999],[-74.17553,40.56851],[-74.17447,40.56703],[-74.1716,40.5676],[-74.17032,40.56725],[-74.17052,40.56831],[-74.1702,40.56823],[-74.17024,40.56756],[-74.16966,40.56691],[-74.16983,40.5611],[-74.16592,40.5603],[-74.165,40.56146],[-74.16494,40.56368],[-74.16439,40.56563],[-74.16262,40.5667],[-74.15164,40.57076],[-74.152,40.57026],[-74.15177,40.56999],[-74.15145,40.57034],[-74.15092,40.56967],[-74.14984,40.56937],[-74.14724,40.57147],[-74.14656,40.57299],[-74.14711,40.57354],[-74.14684,40.57424],[-74.14796,40.57562],[-74.14344,40.57617],[-74.13917,40.57567],[-74.1349,40.57617]]]}},{"type":"Feature","properties":{"id":54},"geometry":{"type":"Polygon","coordinates":[[[-73.86335,40.67936],[-73.86328,40.67909],[-73.86235,40.67917],[-73.86171,40.67662],[-73.87192,40.67541],[-73.8713,40.67287],[-73.8852,40.67087],[-73.88552,40.67212],[-73.89554,40.67063],[-73.89724,40.67721],[-73.90002,40.67681],[-73.92365,40.69041],[-73.91927,40.69474],[-73.91626,40.69303],[-73.91181,40.69756],[-73.91105,40.69713],[-73.91027,40.69794],[-73.90951,40.69751],[-73.90878,40.69826],[-73.90426,40.69571],[-73.9058,40.69414],[-73.9014,40.6916],[-73.90189,40.69109],[-73.90043,40.68819],[-73.90116,40.68789],[-73.89647,40.68234],[-73.89418,40.68529],[-73.89258,40.6835],[-73.89016,40.68501],[-73.88963,40.68424],[-73.88808,40.6853],[-73.88452,40.68669],[-73.88378,40.68787],[-73.87951,40.69116],[-73.87402,40.6942],[-73.86892,40.69515],[-73.86841,40.69474],[-73.86869,40.69404],[-73.86602,40.68193],[-73.8641,40.68238],[-73.86335,40.67936]]]}},{"type":"Feature","properties":{"id":28},"geometry":{"type":"Polygon","coordinates":[[[-73.82372,40.71303],[-73.82014,40.70956],[-73.81831,40.70616],[-73.81898,40.70657],[-73.81847,40.70568],[-73.82008,40.70504],[-73.82063,40.70585],[-73.82202,40.70522],[-73.82405,40.70694],[-73.82344,40.70381],[-73.82576,40.70444],[-73.83392,40.70236],[-73.8346,40.70394],[-73.83662,40.70343],[-73.83696,40.70422],[-73.84157,40.70111],[-73.84503,40.69937],[-73.84701,40.69883],[-73.8475,40.70011],[-73.84993,40.70136],[-73.85026,40.70205],[-73.86281,40.70342],[-73.86982,40.70285],[-73.87144,40.70681],[-73.87408,40.70632],[-73.87424,40.70674],[-73.87528,40.7066],[-73.87492,40.70682],[-73.8809,40.70632],[-73.88431,40.70542],[-73.8846,40.70613],[-73.88653,40.70623],[-73.88912,40.70561],[-73.89272,40.70187],[-73.89344,40.7022],[-73.89313,40.70258],[-73.89449,40.70574],[-73.89633,40.70528],[-73.89845,40.70905],[-73.89616,40.70963],[-73.89646,40.71031],[-73.89863,40.71123],[-73.89971,40.71099],[-73.9006,40.71271],[-73.89507,40.71249],[-73.89554,40.71381],[-73.8975,40.71639],[-73.88244,40.72352],[-73.88092,40.72161],[-73.88131,40.72142],[-73.87647,40.7216],[-73.87456,40.72201],[-73.8684,40.72486],[-73.86387,40.73182],[-73.86343,40.73196],[-73.8626,40.73042],[-73.85938,40.72925],[-73.84701,40.73296],[-73.84576,40.7305],[-73.84571,40.72951],[-73.84469,40.72844],[-73.84053,40.72033],[-73.84085,40.72007],[-73.83585,40.71774],[-73.83126,40.71445],[-73.82546,40.71201],[-73.82372,40.71303]]]}},{"type":"Feature","properties":{"id":38},"geometry":{"type":"Polygon","coordinates":[[[-73.84157,40.70111],[-73.83912,40.70082],[-73.83172,40.68606],[-73.83342,40.68558],[-73.83273,40.68412],[-73.83698,40.682],[-73.83906,40.68625],[-73.86335,40.67936],[-73.8641,40.68238],[-73.86602,40.68193],[-73.86869,40.69404],[-73.86841,40.69474],[-73.86892,40.69515],[-73.87402,40.6942],[-73.87951,40.69116],[-73.88378,40.68787],[-73.88452,40.68669],[-73.88808,40.6853],[-73.88963,40.68424],[-73.89016,40.68501],[-73.89258,40.6835],[-73.89418,40.68529],[-73.89647,40.68234],[-73.90116,40.68789],[-73.90043,40.68819],[-73.90189,40.69109],[-73.9014,40.6916],[-73.9058,40.69414],[-73.90426,40.69571],[-73.91181,40.69996],[-73.91068,40.70105],[-73.91291,40.70237],[-73.91181,40.70344],[-73.91403,40.70476],[-73.91195,40.70679],[-73.90169,40.70072],[-73.89886,40.70155],[-73.89852,40.70088],[-73.89363,40.70229],[-73.89272,40.70187],[-73.88912,40.70561],[-73.88653,40.70623],[-73.8846,40.70613],[-73.88431,40.70542],[-73.8809,40.70632],[-73.87492,40.70682],[-73.87528,40.7066],[-73.87424,40.70674],[-73.87408,40.70632],[-73.87144,40.70681],[-73.86982,40.70285],[-73.86281,40.70342],[-73.85026,40.70205],[-73.84993,40.70136],[-73.8475,40.70011],[-73.84701,40.69883],[-73.84503,40.69937],[-73.84157,40.70111]]]}},{"type":"Feature","properties":{"id":42},"geometry":{"type":"Polygon","coordinates":[[[-73.9438,40.65111],[-73.94311,40.64464],[-73.94214,40.64469],[-73.94203,40.64367],[-73.94397,40.64355],[-73.94372,40.64125],[-73.94563,40.64113],[-73.94512,40.63646],[-73.94416,40.63652],[-73.94391,40.63424],[-73.94488,40.63419],[-73.94454,40.6309],[-73.94551,40.6308],[-73.94416,40.62952],[-73.9454,40.62939],[-73.94359,40.61982],[-73.95504,40.61857],[-73.95685,40.62813],[-73.96092,40.62768],[-73.96244,40.63317],[-73.96382,40.63302],[-73.96493,40.63886],[-73.96406,40.63927],[-73.96547,40.64671],[-73.97077,40.64612],[-73.97084,40.64639],[-73.97175,40.64601],[-73.97253,40.64712],[-73.97121,40.64763],[-73.97209,40.65067],[-73.97171,40.65112],[-73.96188,40.65489],[-73.96141,40.65218],[-73.95933,40.65294],[-73.95893,40.65122],[-73.94967,40.65171],[-73.94957,40.65082],[-73.9438,40.65111]]]}},{"type":"Feature","properties":{"id":44},"geometry":{"type":"Polygon","coordinates":[[[-73.96096,40.66329],[-73.96225,40.66321],[-73.96308,40.66222],[-73.96188,40.65489],[-73.97171,40.65112],[-73.97209,40.65067],[-73.97121,40.64763],[-73.97253,40.64712],[-73.97175,40.64601],[-73.97084,40.64639],[-73.97077,40.64612],[-73.96547,40.64671],[-73.96406,40.63927],[-73.96493,40.63886],[-73.96382,40.63302],[-73.96244,40.63317],[-73.96182,40.63001],[-73.97137,40.62894],[-73.97256,40.63372],[-73.97865,40.63305],[-73.97831,40.63128],[-73.9826,40.63384],[-73.97968,40.63665],[-73.9905,40.64317],[-73.98835,40.64457],[-73.98036,40.6477],[-73.9818,40.65525],[-73.98623,40.65793],[-73.98564,40.65849],[-73.98784,40.65983],[-73.98668,40.66094],[-73.98774,40.66161],[-73.98666,40.66345],[-73.98745,40.66383],[-73.98695,40.66443],[-73.99174,40.66674],[-73.98721,40.67217],[-73.98479,40.671],[-73.98278,40.67341],[-73.97332,40.66883],[-73.97041,40.67266],[-73.96894,40.6729],[-73.96872,40.67393],[-73.96694,40.67444],[-73.96598,40.67707],[-73.97351,40.67865],[-73.97746,40.68406],[-73.96135,40.68047],[-73.96223,40.67817],[-73.95912,40.67752],[-73.9622,40.66965],[-73.96096,40.66329]]]}},{"type":"Feature","properties":{"id":45},"geometry":{"type":"Polygon","coordinates":[[[-73.94255,40.58352],[-73.94202,40.58312],[-73.9427,40.58352],[-73.94305,40.5835],[-73.94256,40.58314],[-73.94355,40.58348],[-73.94323,40.58314],[-73.94369,40.58348],[-73.94407,40.58348],[-73.94377,40.58315],[-73.94462,40.5835],[-73.94432,40.58317],[-73.94518,40.58353],[-73.94485,40.58317],[-73.94573,40.58355],[-73.94538,40.58319],[-73.94629,40.58358],[-73.9458,40.5832],[-73.94644,40.58357],[-73.94679,40.58356],[-73.94632,40.58322],[-73.94692,40.58355],[-73.94727,40.58354],[-73.94682,40.5832],[-73.94747,40.58354],[-73.95349,40.583],[-73.9533,40.58201],[-73.9497,40.58233],[-73.94274,40.581],[-73.93258,40.58127],[-73.93106,40.57627],[-73.9315,40.57567],[-73.93486,40.57554],[-73.93489,40.57523],[-73.93647,40.57587],[-73.93672,40.57543],[-73.94251,40.57538],[-73.94425,40.57581],[-73.94463,40.5757],[-73.9446,40.57524],[-73.94572,40.57557],[-73.94619,40.57529],[-73.94593,40.57512],[-73.95258,40.57421],[-73.9557,40.57434],[-73.95635,40.57422],[-73.95635,40.57381],[-73.95657,40.57418],[-73.95844,40.5741],[-73.95897,40.57396],[-73.95899,40.57344],[-73.95939,40.57392],[-73.95942,40.57519],[-73.96103,40.57508],[-73.96114,40.57581],[-73.95948,40.57588],[-73.95994,40.58197],[-73.96103,40.58173],[-73.96143,40.58391],[-73.96207,40.58421],[-73.96513,40.58385],[-73.96539,40.58314],[-73.96692,40.58336],[-73.96695,40.58392],[-73.97704,40.58257],[-73.98271,40.58325],[-73.98281,40.5838],[-73.98388,40.58398],[-73.98423,40.58608],[-73.98327,40.5862],[-73.98421,40.59117],[-73.98132,40.59149],[-73.98221,40.596],[-73.97409,40.59689],[-73.97305,40.60429],[-73.97362,40.60657],[-73.97259,40.60668],[-73.97399,40.61404],[-73.96237,40.61532],[-73.96266,40.61692],[-73.95951,40.61807],[-73.95719,40.61833],[-73.95149,40.58829],[-73.94935,40.58852],[-73.94892,40.58627],[-73.94696,40.58648],[-73.94669,40.58508],[-73.94387,40.58531],[-73.94356,40.58366],[-73.94255,40.58352]]]}},{"type":"Feature","properties":{"id":46},"geometry":{"type":"Polygon","coordinates":[[[-74.01806,40.62863],[-74.02008,40.62425],[-74.01886,40.62428],[-74.01726,40.62528],[-74.01026,40.62104],[-74.01375,40.61768],[-74.00934,40.61502],[-74.01702,40.60766],[-74.0115,40.60477],[-74.01356,40.60259],[-74.01161,40.60212],[-74.00373,40.59737],[-74.00257,40.59705],[-74.00348,40.59683],[-74.00004,40.59595],[-73.99866,40.59728],[-73.99402,40.59365],[-73.98999,40.58847],[-73.98653,40.59168],[-73.98433,40.59035],[-73.9841,40.59057],[-73.98327,40.5862],[-73.98423,40.58608],[-73.98388,40.58398],[-73.98281,40.5838],[-73.98271,40.58325],[-73.97662,40.58258],[-73.96789,40.58385],[-73.96678,40.58392],[-73.96692,40.58336],[-73.96539,40.58314],[-73.96505,40.58387],[-73.96207,40.58421],[-73.96143,40.58391],[-73.96103,40.58173],[-73.95994,40.58197],[-73.95948,40.57588],[-73.96114,40.57581],[-73.96103,40.57508],[-73.95942,40.57519],[-73.95939,40.57392],[-73.96839,40.57316],[-73.96945,40.57287],[-73.96925,40.57231],[-73.96956,40.57282],[-73.97086,40.57278],[-73.97135,40.57261],[-73.97118,40.57195],[-73.97161,40.57264],[-73.9725,40.57258],[-73.97335,40.57233],[-73.97325,40.57163],[-73.97373,40.5723],[-73.97547,40.57198],[-73.97541,40.57143],[-73.97593,40.57203],[-73.97727,40.57187],[-73.97767,40.57174],[-73.97767,40.57118],[-73.97808,40.57124],[-73.97772,40.57126],[-73.97781,40.57176],[-73.97846,40.5719],[-73.97985,40.57155],[-73.97943,40.57123],[-73.98021,40.57173],[-73.98204,40.57149],[-73.98157,40.57126],[-73.98226,40.57158],[-73.98367,40.57142],[-73.98341,40.57017],[-73.98304,40.57015],[-73.98339,40.5701],[-73.98336,40.56954],[-73.98349,40.5701],[-73.98384,40.57012],[-73.98349,40.57016],[-73.98376,40.5714],[-73.99026,40.57072],[-73.99077,40.57061],[-73.99079,40.57026],[-73.99119,40.57062],[-73.99298,40.57021],[-73.99494,40.57036],[-73.99519,40.57003],[-73.99529,40.57033],[-74.00078,40.5705],[-74.00201,40.57022],[-74.00209,40.56959],[-74.00249,40.57175],[-74.0048,40.57289],[-74.01116,40.57417],[-74.01202,40.57489],[-74.01303,40.57781],[-74.01235,40.57923],[-74.0109,40.58045],[-74.00765,40.58177],[-74.00605,40.58199],[-74.00056,40.58131],[-73.99818,40.58173],[-73.99777,40.58146],[-73.99772,40.58072],[-73.99183,40.57926],[-73.99036,40.57943],[-73.98843,40.57882],[-73.98739,40.5791],[-73.9867,40.57982],[-73.98702,40.58003],[-73.98589,40.58115],[-73.98605,40.58173],[-73.98685,40.58124],[-73.98805,40.57964],[-73.99163,40.58109],[-73.99183,40.58175],[-73.99026,40.58463],[-73.99547,40.58222],[-74.00018,40.58308],[-74.00036,40.58419],[-73.99809,40.58537],[-73.99971,40.5857],[-73.99957,40.58625],[-73.99815,40.58654],[-73.99408,40.5887],[-73.99555,40.58827],[-73.9951,40.5886],[-73.99796,40.58728],[-73.99488,40.58878],[-73.99535,40.58934],[-74.00012,40.58696],[-74.00038,40.58648],[-74.00038,40.58714],[-73.99788,40.58835],[-73.99867,40.5892],[-73.99924,40.58894],[-73.99947,40.58924],[-73.99838,40.58978],[-73.99884,40.58963],[-73.99845,40.58987],[-73.99878,40.59032],[-73.99711,40.59129],[-73.9972,40.59162],[-73.99807,40.59122],[-73.99728,40.59172],[-73.99755,40.59193],[-73.99951,40.59111],[-74.00023,40.59151],[-73.99903,40.59232],[-73.99948,40.59298],[-73.99839,40.59354],[-74.0011,40.59253],[-74.00412,40.59646],[-74.01066,40.60061],[-74.01473,40.60207],[-74.01914,40.60262],[-74.02096,40.60355],[-74.03005,40.60477],[-74.03271,40.60634],[-74.03604,40.6093],[-74.03509,40.60961],[-74.03487,40.61137],[-74.03699,40.61366],[-74.0405,40.62061],[-74.04018,40.62164],[-74.03784,40.62128],[-74.03464,40.62911],[-74.03196,40.62848],[-74.03019,40.6328],[-74.02479,40.63151],[-74.01806,40.62863]]]}},{"type":"Feature","properties":{"id":61},"geometry":{"type":"MultiPolygon","coordinates":[[[[-74.06591,40.61932],[-74.06641,40.61887],[-74.06649,40.61891],[-74.06591,40.61932]]],[[[-74.03673,40.63915],[-74.03681,40.63899],[-74.03876,40.6396],[-74.03673,40.63915]]],[[[-74.15946,40.64146],[-74.16111,40.64184],[-74.16154,40.64416],[-74.1581,40.64377],[-74.15756,40.64325],[-74.15946,40.64146]]],[[[-74.02819,40.64442],[-74.02846,40.64416],[-74.0285,40.64419],[-74.02819,40.64442]]],[[[-74.02897,40.64451],[-74.02916,40.64459],[-74.02886,40.64487],[-74.02897,40.64451]]],[[[-74.08221,40.64829],[-74.08142,40.64851],[-74.079,40.64815],[-74.07651,40.64698],[-74.07445,40.64508],[-74.07359,40.64501],[-74.07386,40.64543],[-74.07334,40.64579],[-74.07369,40.64531],[-74.07303,40.64514],[-74.07306,40.64482],[-74.07343,40.64501],[-74.07312,40.64472],[-74.07259,40.6448],[-74.0727,40.64445],[-74.07166,40.64504],[-74.07229,40.64427],[-74.07113,40.64321],[-74.07211,40.64247],[-74.07033,40.64253],[-74.07324,40.64219],[-74.07315,40.64186],[-74.0702,40.64202],[-74.07309,40.64165],[-74.07289,40.64093],[-74.06999,40.64108],[-74.07308,40.64052],[-74.07309,40.63863],[-74.07238,40.63817],[-74.07349,40.6378],[-74.07337,40.63662],[-74.0721,40.63666],[-74.07336,40.63654],[-74.07291,40.63364],[-74.07333,40.63207],[-74.07299,40.63032],[-74.06802,40.6288],[-74.06813,40.62855],[-74.07291,40.63],[-74.0723,40.62715],[-74.07814,40.62652],[-74.07997,40.62449],[-74.0796,40.62461],[-74.07826,40.62199],[-74.08189,40.62084],[-74.08148,40.61976],[-74.08198,40.61879],[-74.07726,40.61477],[-74.07726,40.61432],[-74.08016,40.6092],[-74.08084,40.60946],[-74.08296,40.60738],[-74.08795,40.61033],[-74.08886,40.60942],[-74.08959,40.60986],[-74.089,40.61067],[-74.08951,40.61089],[-74.08886,40.61186],[-74.08977,40.61223],[-74.08869,40.61371],[-74.09049,40.6143],[-74.09017,40.61477],[-74.09258,40.6154],[-74.09268,40.616],[-74.0943,40.61666],[-74.09372,40.6186],[-74.09067,40.61872],[-74.08872,40.62094],[-74.08849,40.6237],[-74.08893,40.62772],[-74.08852,40.62893],[-74.08682,40.63033],[-74.08808,40.63109],[-74.08762,40.63166],[-74.09004,40.63278],[-74.09114,40.63271],[-74.09214,40.63336],[-74.09577,40.63317],[-74.09727,40.63401],[-74.10253,40.63467],[-74.1172,40.63458],[-74.11614,40.62871],[-74.11326,40.62306],[-74.11702,40.62453],[-74.11841,40.62377],[-74.11843,40.62261],[-74.11926,40.6219],[-74.12467,40.62081],[-74.1337,40.6203],[-74.13772,40.62101],[-74.14025,40.6115],[-74.14999,40.60955],[-74.15383,40.61247],[-74.15219,40.61755],[-74.15261,40.61756],[-74.14858,40.62171],[-74.15001,40.62244],[-74.15154,40.62121],[-74.15726,40.62161],[-74.15683,40.62204],[-74.16122,40.6227],[-74.16025,40.62651],[-74.1605,40.62654],[-74.16003,40.63874],[-74.15923,40.6378],[-74.15901,40.63883],[-74.15893,40.63827],[-74.15789,40.63797],[-74.15774,40.63889],[-74.15778,40.63797],[-74.1561,40.63795],[-74.15612,40.63754],[-74.1557,40.63753],[-74.15569,40.6378],[-74.15483,40.63773],[-74.15469,40.6392],[-74.1546,40.63735],[-74.1528,40.63714],[-74.1527,40.63765],[-74.15222,40.6377],[-74.1523,40.63828],[-74.15205,40.63768],[-74.1512,40.63774],[-74.15125,40.63942],[-74.15113,40.63851],[-74.15056,40.63857],[-74.14945,40.63741],[-74.14942,40.6383],[-74.14888,40.63871],[-74.14856,40.63745],[-74.14878,40.63888],[-74.14519,40.63939],[-74.14386,40.6389],[-74.14336,40.63972],[-74.14239,40.63965],[-74.1423,40.64031],[-74.14148,40.6401],[-74.14076,40.6406],[-74.13435,40.6419],[-74.13299,40.64143],[-74.13126,40.64161],[-74.13146,40.64132],[-74.13033,40.64079],[-74.13012,40.64102],[-74.13019,40.64073],[-74.12949,40.64136],[-74.12998,40.64074],[-74.12931,40.64035],[-74.12893,40.64042],[-74.12891,40.6412],[-74.12881,40.64024],[-74.12753,40.64016],[-74.12703,40.63933],[-74.12706,40.64025],[-74.12607,40.64026],[-74.12637,40.64134],[-74.12564,40.64143],[-74.12613,40.64127],[-74.126,40.64024],[-74.12416,40.64014],[-74.12286,40.64083],[-74.12261,40.64061],[-74.12283,40.6413],[-74.12199,40.64156],[-74.12117,40.64168],[-74.12071,40.64105],[-74.11994,40.64121],[-74.11961,40.64139],[-74.11996,40.64222],[-74.11953,40.64148],[-74.1191,40.64148],[-74.1194,40.64239],[-74.119,40.64147],[-74.11862,40.64154],[-74.11884,40.64255],[-74.1184,40.64154],[-74.11712,40.64168],[-74.11672,40.64204],[-74.11723,40.64304],[-74.11667,40.64212],[-74.1163,40.64221],[-74.11667,40.6432],[-74.11614,40.64222],[-74.11535,40.64248],[-74.1138,40.64362],[-74.11395,40.64414],[-74.11289,40.64454],[-74.11386,40.64408],[-74.11333,40.64373],[-74.11116,40.6451],[-74.11173,40.64467],[-74.10974,40.64547],[-74.10413,40.64575],[-74.0988,40.64506],[-74.0985,40.64538],[-74.09605,40.64538],[-74.09299,40.64598],[-74.08571,40.64889],[-74.08221,40.64829]]],[[[-74.02136,40.65101],[-74.02113,40.65095],[-74.02125,40.65084],[-74.02136,40.65101]]],[[[-74.02553,40.65149],[-74.02491,40.65111],[-74.02485,40.65061],[-74.02605,40.651],[-74.02553,40.65149]]],[[[-74.02418,40.6512],[-74.0255,40.65185],[-74.02542,40.65194],[-74.02418,40.6512]]],[[[-74.02098,40.65117],[-74.02234,40.65192],[-74.02225,40.65199],[-74.02098,40.65117]]],[[[-74.02273,40.65131],[-74.02285,40.65118],[-74.02537,40.65273],[-74.02273,40.65131]]],[[[-74.01775,40.67406],[-74.01801,40.67392],[-74.0178,40.6741],[-74.01775,40.67406]]],[[[-74.01841,40.67537],[-74.01817,40.6753],[-74.01839,40.67511],[-74.01841,40.67537]]],[[[-74.01093,40.6845],[-74.01193,40.6839],[-74.01218,40.6841],[-74.00836,40.68641],[-74.00817,40.68618],[-74.01093,40.6845]]],[[[-74.00501,40.68761],[-74.00563,40.68679],[-74.00783,40.68739],[-74.00742,40.68821],[-74.00501,40.68761]]],[[[-74.00382,40.68894],[-74.00459,40.68822],[-74.00679,40.68884],[-74.00637,40.68968],[-74.00382,40.68894]]],[[[-74.00298,40.69043],[-74.00341,40.68962],[-74.00576,40.69024],[-74.00534,40.6911],[-74.00298,40.69043]]],[[[-74.04388,40.6902],[-74.04351,40.6897],[-74.04256,40.68997],[-74.04347,40.68965],[-74.04364,40.68877],[-74.04439,40.68852],[-74.04628,40.68934],[-74.0468,40.68996],[-74.04748,40.68962],[-74.04773,40.68992],[-74.04689,40.69007],[-74.04717,40.691],[-74.04615,40.69113],[-74.04388,40.6902]]],[[[-74.00199,40.69234],[-74.0018,40.69228],[-74.00216,40.69225],[-74.00199,40.69234]]],[[[-74.00133,40.69147],[-74.0007,40.69062],[-74.0048,40.69177],[-74.00441,40.69254],[-74.00133,40.69147]]],[[[-74.01675,40.69335],[-74.01513,40.69325],[-74.01344,40.69212],[-74.01181,40.69249],[-74.0119,40.6921],[-74.01333,40.69203],[-74.01261,40.69137],[-74.01204,40.69151],[-74.01253,40.69115],[-74.01183,40.69107],[-74.0122,40.69104],[-74.01231,40.68929],[-74.01317,40.68816],[-74.01488,40.68726],[-74.01605,40.68735],[-74.01705,40.68688],[-74.01665,40.68642],[-74.01515,40.68645],[-74.01667,40.68631],[-74.01712,40.68685],[-74.02055,40.68528],[-74.02021,40.68484],[-74.0194,40.6851],[-74.02095,40.68439],[-74.02028,40.68482],[-74.02061,40.68525],[-74.0226,40.68437],[-74.02213,40.68378],[-74.02306,40.68293],[-74.02237,40.68379],[-74.02276,40.68429],[-74.02465,40.68399],[-74.02634,40.68481],[-74.02643,40.68618],[-74.02021,40.69204],[-74.01973,40.69312],[-74.01675,40.69335]]],[[[-74.00154,40.69279],[-74.00175,40.69242],[-74.00401,40.69322],[-74.00345,40.69406],[-74.00127,40.6933],[-74.00154,40.69279]]],[[[-74.00078,40.69429],[-74.00096,40.69408],[-74.00302,40.69479],[-74.0024,40.69572],[-74.00027,40.69497],[-74.00078,40.69429]]],[[[-73.99838,40.69807],[-73.99887,40.69717],[-74.00105,40.69792],[-74.00049,40.69877],[-73.99838,40.69807]]],[[[-74.04037,40.70013],[-74.03886,40.69963],[-74.03836,40.69868],[-74.03993,40.69855],[-74.04026,40.69881],[-74.03982,40.69901],[-74.04074,40.70008],[-74.04037,40.70013]]],[[[-73.998,40.69881],[-74.00002,40.69947],[-73.99948,40.70033],[-73.9975,40.69965],[-73.998,40.69881]]],[[[-74.01233,40.71888],[-74.01373,40.71369],[-74.01012,40.71209],[-74.01047,40.71154],[-74.00906,40.71089],[-74.01326,40.70588],[-74.01333,40.70504],[-74.00795,40.70555],[-74.00629,40.70424],[-74.00475,40.70524],[-74.00434,40.70497],[-74.0066,40.70369],[-74.0055,40.70244],[-74.00679,40.70358],[-74.00929,40.70194],[-74.0087,40.70115],[-74.00776,40.70156],[-74.00759,40.70134],[-74.00854,40.70093],[-74.00835,40.70068],[-74.00862,40.70056],[-74.00959,40.70185],[-74.01118,40.70146],[-74.0108,40.70022],[-74.01115,40.70091],[-74.01134,40.70058],[-74.01173,40.70078],[-74.01163,40.70047],[-74.01209,40.70069],[-74.01196,40.70005],[-74.01239,40.70063],[-74.01262,40.70012],[-74.01311,40.70052],[-74.01311,40.69978],[-74.01327,40.70051],[-74.01368,40.70013],[-74.01356,40.70095],[-74.01395,40.701],[-74.01422,40.70012],[-74.01429,40.70065],[-74.01467,40.70022],[-74.01433,40.70067],[-74.01464,40.70083],[-74.0151,40.70034],[-74.01468,40.70084],[-74.01579,40.70136],[-74.01788,40.70355],[-74.01757,40.70419],[-74.01782,40.70395],[-74.01866,40.70444],[-74.01748,40.70468],[-74.01889,40.70474],[-74.01934,40.7061],[-74.01912,40.70698],[-74.01854,40.70693],[-74.01819,40.70783],[-74.01886,40.70806],[-74.01777,40.71284],[-74.0178,40.71235],[-74.01663,40.71217],[-74.01632,40.71342],[-74.01758,40.7136],[-74.01773,40.71308],[-74.01671,40.71863],[-74.01321,40.71832],[-74.01303,40.71914],[-74.01233,40.71888]]]]}},{"type":"Feature","properties":{"id":63},"geometry":{"type":"MultiPolygon","coordinates":[[[[-74.20432,40.58914],[-74.20471,40.58878],[-74.20447,40.58919],[-74.20432,40.58914]]],[[[-74.2037,40.59021],[-74.2041,40.58985],[-74.20386,40.59026],[-74.2037,40.59021]]],[[[-74.1799,40.64528],[-74.17973,40.64439],[-74.17933,40.64441],[-74.17925,40.64505],[-74.17908,40.64465],[-74.17904,40.6434],[-74.17941,40.64314],[-74.17959,40.64193],[-74.17919,40.643],[-74.17826,40.64214],[-74.17834,40.6426],[-74.17721,40.64313],[-74.17636,40.64234],[-74.17669,40.64256],[-74.17667,40.6434],[-74.1756,40.64332],[-74.17569,40.64472],[-74.17437,40.64514],[-74.17294,40.64421],[-74.173,40.64359],[-74.17236,40.64326],[-74.17272,40.64296],[-74.17151,40.64314],[-74.17134,40.64286],[-74.17186,40.64253],[-74.17159,40.64104],[-74.17298,40.64049],[-74.17157,40.64102],[-74.17105,40.6426],[-74.17119,40.64175],[-74.16907,40.64214],[-74.16654,40.64143],[-74.16622,40.64243],[-74.16632,40.64144],[-74.1658,40.64123],[-74.16544,40.64229],[-74.16494,40.64222],[-74.16519,40.64065],[-74.16474,40.6404],[-74.16442,40.64141],[-74.1646,40.64032],[-74.16417,40.64],[-74.164,40.64107],[-74.16385,40.6399],[-74.16346,40.63986],[-74.16325,40.64097],[-74.16168,40.64062],[-74.16229,40.63877],[-74.16182,40.63865],[-74.16145,40.63944],[-74.16166,40.63867],[-74.16124,40.6386],[-74.16091,40.63939],[-74.16108,40.63858],[-74.16035,40.63845],[-74.15987,40.63994],[-74.16024,40.63842],[-74.1605,40.62654],[-74.16025,40.62651],[-74.16122,40.6227],[-74.15683,40.62204],[-74.15726,40.62161],[-74.15154,40.62121],[-74.15001,40.62244],[-74.14858,40.62171],[-74.15261,40.61756],[-74.15219,40.61755],[-74.15383,40.61247],[-74.14999,40.60955],[-74.14025,40.6115],[-74.13772,40.62101],[-74.1337,40.6203],[-74.12467,40.62081],[-74.11926,40.6219],[-74.11843,40.62261],[-74.11841,40.62377],[-74.11702,40.62453],[-74.11326,40.62306],[-74.11614,40.62871],[-74.1172,40.63458],[-74.11507,40.63477],[-74.10253,40.63467],[-74.09727,40.63401],[-74.09577,40.63317],[-74.09214,40.63336],[-74.09114,40.63271],[-74.09004,40.63278],[-74.08762,40.63166],[-74.08808,40.63109],[-74.08682,40.63033],[-74.08852,40.62893],[-74.08893,40.62772],[-74.08849,40.6237],[-74.08872,40.62094],[-74.09067,40.61872],[-74.09372,40.6186],[-74.0943,40.61666],[-74.09268,40.616],[-74.09258,40.6154],[-74.09017,40.61477],[-74.09049,40.6143],[-74.08869,40.61371],[-74.08977,40.61223],[-74.08886,40.61186],[-74.08951,40.61089],[-74.089,40.61067],[-74.08959,40.60986],[-74.08886,40.60942],[-74.08795,40.61033],[-74.08296,40.60738],[-74.08084,40.60946],[-74.08016,40.6092],[-74.07726,40.61477],[-74.08198,40.61879],[-74.08148,40.61976],[-74.08189,40.62084],[-74.07826,40.62199],[-74.0796,40.62461],[-74.07997,40.62449],[-74.07814,40.62652],[-74.07288,40.62694],[-74.07226,40.62462],[-74.07003,40.62146],[-74.0662,40.61873],[-74.06545,40.61921],[-74.06668,40.61808],[-74.06642,40.61788],[-74.06605,40.6182],[-74.06496,40.61778],[-74.06426,40.61818],[-74.0651,40.61752],[-74.06444,40.61707],[-74.06391,40.61734],[-74.06433,40.617],[-74.06144,40.61439],[-74.06051,40.61211],[-74.0589,40.61101],[-74.05909,40.61064],[-74.06265,40.60937],[-74.06373,40.60851],[-74.06807,40.60654],[-74.06911,40.60413],[-74.07304,40.6056],[-74.07655,40.60623],[-74.0771,40.60325],[-74.0767,40.60213],[-74.08008,40.6021],[-74.08025,40.60172],[-74.08219,40.60195],[-74.08381,40.60416],[-74.08498,40.60371],[-74.08521,40.6041],[-74.08594,40.60385],[-74.08598,40.60322],[-74.09041,40.60588],[-74.09094,40.60622],[-74.08944,40.6077],[-74.09151,40.60911],[-74.09363,40.60995],[-74.09619,40.61029],[-74.10544,40.60983],[-74.10547,40.61016],[-74.10964,40.61018],[-74.11381,40.61106],[-74.11677,40.61094],[-74.11667,40.61009],[-74.11788,40.60999],[-74.11743,40.6093],[-74.11835,40.60915],[-74.11778,40.60187],[-74.1206,40.60182],[-74.12071,40.60071],[-74.12259,40.5995],[-74.12629,40.59346],[-74.12627,40.59103],[-74.12782,40.58937],[-74.12777,40.58749],[-74.1291,40.5863],[-74.12914,40.58417],[-74.12714,40.58254],[-74.1264,40.58252],[-74.12614,40.58057],[-74.12749,40.5798],[-74.12712,40.57919],[-74.12972,40.57824],[-74.12946,40.57797],[-74.1349,40.57617],[-74.13917,40.57567],[-74.14344,40.57617],[-74.14796,40.57562],[-74.14684,40.57424],[-74.14711,40.57354],[-74.14656,40.57299],[-74.14724,40.57147],[-74.14984,40.56937],[-74.15092,40.56967],[-74.15145,40.57034],[-74.15177,40.56999],[-74.152,40.57026],[-74.15164,40.57076],[-74.16262,40.5667],[-74.16439,40.56563],[-74.16494,40.56368],[-74.165,40.56146],[-74.16592,40.5603],[-74.16983,40.5611],[-74.16966,40.56691],[-74.17024,40.56756],[-74.1702,40.56823],[-74.17052,40.56831],[-74.17032,40.56725],[-74.1716,40.5676],[-74.17447,40.56703],[-74.17553,40.56851],[-74.17559,40.56999],[-74.17661,40.57101],[-74.17826,40.57209],[-74.17832,40.57255],[-74.17871,40.57237],[-74.18013,40.57322],[-74.18289,40.57396],[-74.18492,40.57655],[-74.18688,40.57706],[-74.18682,40.57654],[-74.1902,40.57635],[-74.19051,40.57765],[-74.18976,40.57851],[-74.1904,40.57943],[-74.19174,40.58506],[-74.19132,40.58571],[-74.192,40.58632],[-74.18846,40.59067],[-74.1873,40.59005],[-74.1861,40.59139],[-74.18882,40.5928],[-74.18943,40.59244],[-74.19035,40.59334],[-74.1924,40.59407],[-74.19119,40.59722],[-74.19176,40.59764],[-74.1921,40.59673],[-74.19304,40.5965],[-74.19333,40.59762],[-74.19702,40.59877],[-74.19744,40.59847],[-74.19876,40.60172],[-74.20222,40.60598],[-74.20282,40.60828],[-74.20245,40.61329],[-74.20045,40.61634],[-74.20092,40.61781],[-74.20035,40.61835],[-74.20084,40.61881],[-74.20107,40.62039],[-74.20043,40.6205],[-74.20087,40.6206],[-74.20143,40.62162],[-74.20128,40.6227],[-74.20163,40.62324],[-74.20108,40.62409],[-74.20106,40.6259],[-74.20142,40.62608],[-74.20099,40.62935],[-74.20044,40.62977],[-74.20041,40.63026],[-74.2008,40.63029],[-74.2004,40.6303],[-74.20041,40.63146],[-74.19862,40.63275],[-74.19708,40.63314],[-74.19603,40.635],[-74.19533,40.63522],[-74.1945,40.63646],[-74.19462,40.6374],[-74.19358,40.63748],[-74.18653,40.6434],[-74.18623,40.6432],[-74.18484,40.64414],[-74.18411,40.64354],[-74.18437,40.64311],[-74.18365,40.64225],[-74.18403,40.64311],[-74.18324,40.64297],[-74.18367,40.64462],[-74.18087,40.64486],[-74.18048,40.64429],[-74.18004,40.6443],[-74.1799,40.64528]]]]}},{"type":"Feature","properties":{"id":27},"geometry":{"type":"MultiPolygon","coordinates":[[[[-73.86789,40.78737],[-73.86924,40.78598],[-73.8681,40.78747],[-73.86789,40.78737]]],[[[-73.8205,40.80102],[-73.82041,40.80065],[-73.81922,40.8006],[-73.81721,40.79922],[-73.81657,40.79942],[-73.81682,40.79911],[-73.81646,40.79935],[-73.81668,40.79907],[-73.81612,40.79862],[-73.81578,40.79903],[-73.81608,40.79858],[-73.81368,40.79755],[-73.8137,40.79709],[-73.81335,40.79768],[-73.8135,40.79695],[-73.81288,40.79719],[-73.81226,40.79814],[-73.81179,40.79803],[-73.81161,40.79738],[-73.80636,40.7964],[-73.80623,40.79683],[-73.80633,40.7964],[-73.8054,40.79618],[-73.80532,40.79651],[-73.80534,40.79617],[-73.80435,40.79622],[-73.80427,40.79665],[-73.80417,40.79624],[-73.80412,40.79669],[-73.80414,40.79624],[-73.80396,40.79666],[-73.80388,40.79632],[-73.80343,40.79692],[-73.80347,40.79648],[-73.80324,40.79709],[-73.80326,40.79671],[-73.80258,40.7963],[-73.80013,40.79646],[-73.80015,40.79558],[-73.80121,40.79566],[-73.80164,40.79258],[-73.79986,40.79244],[-73.80008,40.79102],[-73.79767,40.79084],[-73.79782,40.79133],[-73.79591,40.79152],[-73.79471,40.78704],[-73.79509,40.78586],[-73.79855,40.78364],[-73.80323,40.77971],[-73.82109,40.78112],[-73.82121,40.78025],[-73.82508,40.78072],[-73.82953,40.77398],[-73.83669,40.76891],[-73.83852,40.76682],[-73.84002,40.76424],[-73.83881,40.76077],[-73.83897,40.7582],[-73.83821,40.75526],[-73.83468,40.7493],[-73.835,40.7472],[-73.83711,40.74463],[-73.8376,40.74339],[-73.83593,40.74351],[-73.82622,40.7424],[-73.81408,40.73875],[-73.80467,40.73836],[-73.80522,40.72849],[-73.80453,40.72147],[-73.8188,40.71735],[-73.82045,40.7164],[-73.82195,40.7163],[-73.82163,40.71626],[-73.8205,40.71345],[-73.82232,40.71293],[-73.82216,40.71252],[-73.82304,40.71266],[-73.82343,40.71324],[-73.82546,40.71201],[-73.83126,40.71445],[-73.83585,40.71774],[-73.84085,40.72007],[-73.84053,40.72033],[-73.84188,40.72299],[-73.84469,40.72844],[-73.84571,40.72951],[-73.84576,40.7305],[-73.84701,40.73296],[-73.84475,40.73363],[-73.84497,40.73402],[-73.84439,40.73418],[-73.845,40.73589],[-73.8458,40.74155],[-73.84859,40.74729],[-73.84415,40.74858],[-73.84314,40.7509],[-73.84265,40.75099],[-73.84118,40.75269],[-73.8435,40.75207],[-73.84383,40.75247],[-73.8505,40.75013],[-73.8519,40.75276],[-73.84325,40.75535],[-73.84597,40.76071],[-73.84671,40.76135],[-73.8436,40.76338],[-73.84369,40.76362],[-73.84307,40.7636],[-73.84273,40.76464],[-73.84053,40.7654],[-73.83958,40.76526],[-73.83913,40.766],[-73.8397,40.7664],[-73.83959,40.76712],[-73.84031,40.7663],[-73.84449,40.76547],[-73.84781,40.76678],[-73.84862,40.76812],[-73.84819,40.76849],[-73.849,40.76916],[-73.84847,40.76973],[-73.84867,40.77077],[-73.84994,40.77194],[-73.8513,40.77181],[-73.84995,40.77197],[-73.84898,40.77357],[-73.84897,40.77803],[-73.84993,40.77878],[-73.84964,40.77949],[-73.85148,40.77897],[-73.84982,40.77964],[-73.85235,40.77949],[-73.85236,40.77918],[-73.85239,40.77954],[-73.84956,40.77989],[-73.85167,40.78004],[-73.8495,40.78007],[-73.84989,40.7811],[-73.85094,40.78113],[-73.84989,40.78113],[-73.84984,40.78161],[-73.84919,40.78165],[-73.84955,40.78185],[-73.84925,40.78226],[-73.85029,40.78247],[-73.85528,40.78198],[-73.85545,40.78315],[-73.85646,40.78336],[-73.85665,40.7829],[-73.85684,40.78338],[-73.85808,40.78373],[-73.85798,40.78468],[-73.85911,40.78547],[-73.85946,40.7855],[-73.85935,40.78504],[-73.85951,40.78554],[-73.85899,40.7855],[-73.85913,40.78586],[-73.85813,40.78706],[-73.85681,40.78668],[-73.85594,40.7877],[-73.85345,40.78783],[-73.85284,40.78822],[-73.8548,40.78863],[-73.85447,40.79027],[-73.85266,40.79111],[-73.85378,40.79243],[-73.85373,40.79394],[-73.85277,40.7944],[-73.85263,40.79495],[-73.85159,40.79409],[-73.84906,40.79337],[-73.84871,40.79542],[-73.84625,40.79617],[-73.84558,40.79603],[-73.8446,40.79492],[-73.84355,40.79492],[-73.84331,40.79551],[-73.84285,40.79522],[-73.84329,40.79618],[-73.84281,40.79543],[-73.84226,40.79559],[-73.84287,40.79693],[-73.84217,40.79562],[-73.84142,40.79516],[-73.8413,40.79623],[-73.84014,40.79689],[-73.84042,40.79769],[-73.8379,40.79852],[-73.84026,40.7976],[-73.83997,40.79691],[-73.8384,40.79676],[-73.83707,40.79386],[-73.83659,40.79209],[-73.83752,40.79102],[-73.8375,40.79047],[-73.83682,40.79048],[-73.83748,40.79044],[-73.83728,40.78902],[-73.83714,40.78957],[-73.83568,40.78958],[-73.83414,40.78907],[-73.8338,40.78853],[-73.83216,40.78876],[-73.83144,40.78919],[-73.83215,40.79004],[-73.83166,40.79111],[-73.82911,40.79191],[-73.82852,40.7925],[-73.82923,40.79301],[-73.8284,40.79256],[-73.82779,40.7933],[-73.82801,40.79492],[-73.82881,40.79619],[-73.82945,40.79667],[-73.83003,40.79614],[-73.82947,40.79668],[-73.82977,40.79684],[-73.83052,40.7964],[-73.82996,40.79692],[-73.82906,40.79647],[-73.82743,40.79676],[-73.82697,40.79714],[-73.82718,40.79762],[-73.82674,40.7978],[-73.82612,40.79728],[-73.82507,40.79738],[-73.82399,40.79802],[-73.82423,40.7987],[-73.82386,40.79816],[-73.82343,40.79841],[-73.82372,40.79891],[-73.82326,40.79848],[-73.82331,40.79897],[-73.823,40.79865],[-73.82261,40.7989],[-73.82268,40.79949],[-73.82239,40.79912],[-73.82043,40.80064],[-73.8205,40.80102]]]]}},{"type":"Feature","properties":{"id":85},"geometry":{"type":"MultiPolygon","coordinates":[[[[-73.89681,40.79582],[-73.89797,40.79565],[-73.8992,40.79651],[-73.89788,40.79712],[-73.89713,40.79681],[-73.89681,40.79582]]],[[[-73.88885,40.79871],[-73.88821,40.79867],[-73.88823,40.79825],[-73.88665,40.79805],[-73.88376,40.79572],[-73.88366,40.79598],[-73.8821,40.79517],[-73.87838,40.79453],[-73.87449,40.79207],[-73.87289,40.79146],[-73.87121,40.79004],[-73.87081,40.7879],[-73.87163,40.78681],[-73.87309,40.78586],[-73.87653,40.78584],[-73.87831,40.78536],[-73.88905,40.78738],[-73.8903,40.78989],[-73.89218,40.7904],[-73.89282,40.79283],[-73.89179,40.79678],[-73.89062,40.79776],[-73.8908,40.79803],[-73.88921,40.79781],[-73.88835,40.79815],[-73.88885,40.79871]]],[[[-73.90838,40.7995],[-73.90796,40.79929],[-73.90803,40.79925],[-73.90838,40.7995]]],[[[-73.90766,40.79943],[-73.9081,40.79955],[-73.90795,40.79955],[-73.90766,40.79943]]],[[[-73.90639,40.8011],[-73.90659,40.80112],[-73.90652,40.80118],[-73.90639,40.8011]]],[[[-73.88526,40.80231],[-73.8854,40.80231],[-73.88533,40.80236],[-73.88526,40.80231]]],[[[-73.89833,40.80242],[-73.89647,40.8008],[-73.89864,40.79911],[-73.90021,40.79927],[-73.89979,40.79952],[-73.89972,40.80081],[-73.90004,40.80092],[-73.89949,40.80091],[-73.89939,40.80194],[-73.89833,40.80242]]],[[[-73.90402,40.80348],[-73.90415,40.80346],[-73.90407,40.80353],[-73.90402,40.80348]]],[[[-73.90385,40.80358],[-73.90387,40.80357],[-73.90395,40.80363],[-73.90385,40.80358]]],[[[-73.90367,40.80371],[-73.90369,40.8037],[-73.90377,40.80376],[-73.90367,40.80371]]],[[[-73.90332,40.80378],[-73.90334,40.80378],[-73.90336,40.80387],[-73.90332,40.80378]]],[[[-73.90297,40.80395],[-73.903,40.80393],[-73.90309,40.80401],[-73.90297,40.80395]]],[[[-73.90271,40.80417],[-73.90291,40.80415],[-73.90288,40.80417],[-73.90271,40.80417]]],[[[-73.88998,40.80492],[-73.88938,40.80593],[-73.88923,40.80585],[-73.88998,40.80492]]],[[[-73.89787,40.80554],[-73.89816,40.80615],[-73.89801,40.80617],[-73.89787,40.80554]]],[[[-73.89773,40.80598],[-73.89788,40.80619],[-73.89776,40.8062],[-73.89773,40.80598]]],[[[-73.89742,40.80581],[-73.89764,40.80621],[-73.8975,40.80622],[-73.89742,40.80581]]],[[[-73.89473,40.80575],[-73.89484,40.80573],[-73.89497,40.80624],[-73.89473,40.80575]]],[[[-73.89458,40.80605],[-73.89473,40.80603],[-73.89478,40.80622],[-73.89458,40.80605]]],[[[-73.89271,40.80635],[-73.89217,40.80531],[-73.89129,40.80498],[-73.89257,40.80563],[-73.89271,40.80635]]],[[[-73.89144,40.80567],[-73.89179,40.80563],[-73.89198,40.80639],[-73.89144,40.80567]]],[[[-73.89579,40.80584],[-73.89611,40.8065],[-73.89598,40.80653],[-73.89579,40.80584]]],[[[-73.89567,40.8063],[-73.89584,40.80655],[-73.89572,40.80657],[-73.89567,40.8063]]],[[[-73.89531,40.80588],[-73.89559,40.80659],[-73.89551,40.8066],[-73.89531,40.80588]]],[[[-73.87233,40.81393],[-73.8725,40.8139],[-73.8724,40.81398],[-73.87233,40.81393]]],[[[-73.8807,40.83748],[-73.87747,40.83666],[-73.86999,40.83592],[-73.86822,40.82743],[-73.86067,40.82843],[-73.85879,40.82422],[-73.85827,40.82202],[-73.86298,40.82139],[-73.86247,40.81926],[-73.86061,40.81951],[-73.86012,40.8174],[-73.8592,40.81752],[-73.8587,40.81541],[-73.84388,40.8174],[-73.84525,40.81501],[-73.84401,40.81471],[-73.84418,40.81419],[-73.84617,40.81068],[-73.8472,40.81059],[-73.84822,40.81247],[-73.8506,40.81394],[-73.85301,40.81459],[-73.85262,40.81407],[-73.85337,40.8136],[-73.85538,40.8143],[-73.85347,40.81349],[-73.8512,40.81356],[-73.84921,40.81239],[-73.84917,40.81093],[-73.85004,40.80922],[-73.84995,40.80872],[-73.84955,40.80873],[-73.84997,40.80859],[-73.84961,40.80813],[-73.84876,40.80835],[-73.84952,40.80806],[-73.84842,40.80738],[-73.84838,40.80637],[-73.84754,40.80593],[-73.84767,40.80517],[-73.84865,40.80471],[-73.84934,40.80506],[-73.84932,40.80467],[-73.84943,40.80507],[-73.84998,40.80507],[-73.85015,40.80454],[-73.85065,40.80449],[-73.85605,40.8046],[-73.85658,40.80494],[-73.85569,40.80468],[-73.85572,40.80513],[-73.8572,40.80533],[-73.85684,40.80492],[-73.85889,40.8059],[-73.85832,40.80601],[-73.85861,40.80671],[-73.85909,40.80649],[-73.85888,40.806],[-73.8592,40.80628],[-73.8594,40.80754],[-73.85916,40.80689],[-73.85867,40.80684],[-73.85839,40.80827],[-73.85895,40.81028],[-73.86013,40.80961],[-73.85933,40.809],[-73.85939,40.80817],[-73.85982,40.80912],[-73.86066,40.80964],[-73.86766,40.81059],[-73.87078,40.8145],[-73.87652,40.81614],[-73.87673,40.81539],[-73.87842,40.81596],[-73.88127,40.81801],[-73.88176,40.81763],[-73.888,40.81667],[-73.89514,40.81613],[-73.89685,40.81447],[-73.89921,40.81587],[-73.89779,40.81725],[-73.90166,40.81956],[-73.8998,40.82407],[-73.89585,40.8239],[-73.89582,40.826],[-73.89622,40.82718],[-73.89336,40.83016],[-73.88991,40.83013],[-73.88795,40.83345],[-73.88624,40.83286],[-73.88425,40.83619],[-73.88511,40.83648],[-73.88352,40.83903],[-73.8807,40.83748]]]]}},{"type":"Feature","properties":{"id":72},"geometry":{"type":"MultiPolygon","coordinates":[[[[-73.9175,40.87453],[-73.91787,40.87391],[-73.91644,40.87452],[-73.91523,40.87449],[-73.91118,40.87299],[-73.91043,40.87149],[-73.91093,40.86944],[-73.91148,40.86946],[-73.91115,40.86889],[-73.91392,40.86475],[-73.91493,40.86459],[-73.91441,40.86418],[-73.91592,40.86429],[-73.9152,40.86395],[-73.91539,40.86309],[-73.9173,40.86169],[-73.9195,40.8588],[-73.92048,40.85911],[-73.92127,40.8602],[-73.92159,40.86008],[-73.92187,40.85919],[-73.92092,40.85823],[-73.92115,40.85756],[-73.92238,40.85659],[-73.92238,40.85599],[-73.92235,40.85569],[-73.92152,40.85661],[-73.92972,40.84524],[-73.93445,40.83599],[-73.93839,40.8331],[-73.94035,40.83047],[-73.94031,40.83173],[-73.93916,40.83329],[-73.94397,40.83532],[-73.93934,40.84169],[-73.93804,40.84757],[-73.93767,40.8484],[-73.93576,40.85018],[-73.93666,40.85046],[-73.93411,40.85603],[-73.93229,40.85946],[-73.93132,40.85934],[-73.93011,40.86176],[-73.93005,40.86335],[-73.92964,40.86404],[-73.92727,40.86554],[-73.92501,40.86634],[-73.92592,40.86778],[-73.92183,40.86929],[-73.91926,40.87102],[-73.9197,40.87207],[-73.91843,40.87302],[-73.91893,40.87332],[-73.91839,40.87322],[-73.9186,40.8735],[-73.9175,40.87453]]],[[[-73.90665,40.87576],[-73.90774,40.87285],[-73.90893,40.87217],[-73.91092,40.87415],[-73.91579,40.87573],[-73.91485,40.87668],[-73.91206,40.87813],[-73.91149,40.87903],[-73.91033,40.87905],[-73.90704,40.8769],[-73.90665,40.87576]]]]}},{"type":"Feature","properties":{"id":81},"geometry":{"type":"Polygon","coordinates":[[[-73.84708,40.90617],[-73.848,40.90326],[-73.84658,40.90316],[-73.84743,40.90028],[-73.84909,40.89965],[-73.84984,40.89986],[-73.85172,40.89758],[-73.85328,40.89468],[-73.85444,40.89508],[-73.85566,40.89286],[-73.85736,40.89342],[-73.85852,40.89135],[-73.8614,40.89226],[-73.86179,40.89156],[-73.86266,40.89182],[-73.86621,40.88539],[-73.86605,40.8843],[-73.86875,40.87883],[-73.86944,40.87814],[-73.87439,40.87906],[-73.87527,40.87715],[-73.87445,40.8768],[-73.87559,40.87526],[-73.87956,40.87574],[-73.87973,40.87687],[-73.88065,40.87649],[-73.88053,40.87802],[-73.88144,40.87819],[-73.88207,40.87919],[-73.88137,40.88137],[-73.88046,40.88223],[-73.88275,40.88341],[-73.88422,40.88321],[-73.88693,40.88436],[-73.88717,40.88258],[-73.88595,40.88052],[-73.8872,40.88007],[-73.88912,40.87843],[-73.88966,40.87698],[-73.89213,40.87807],[-73.89779,40.87086],[-73.8993,40.87125],[-73.89909,40.87198],[-73.90215,40.87251],[-73.90175,40.87368],[-73.90471,40.87462],[-73.90572,40.87315],[-73.90747,40.87356],[-73.90665,40.87576],[-73.90683,40.87664],[-73.90906,40.8785],[-73.91033,40.87905],[-73.91149,40.87903],[-73.91206,40.87813],[-73.91485,40.87668],[-73.91579,40.87573],[-73.91776,40.87567],[-73.91979,40.87643],[-73.92274,40.87891],[-73.9249,40.8789],[-73.92381,40.88033],[-73.92039,40.88766],[-73.91519,40.90159],[-73.91543,40.90182],[-73.91502,40.90309],[-73.91459,40.90413],[-73.91419,40.90415],[-73.91287,40.90754],[-73.91311,40.90785],[-73.91265,40.90808],[-73.91149,40.91224],[-73.91166,40.91343],[-73.91033,40.91554],[-73.85947,40.90053],[-73.85908,40.90102],[-73.85938,40.90157],[-73.85887,40.90172],[-73.85947,40.90194],[-73.85958,40.90245],[-73.85911,40.90265],[-73.8584,40.90222],[-73.85756,40.90293],[-73.85711,40.90366],[-73.85699,40.90459],[-73.85744,40.90485],[-73.85718,40.90529],[-73.85601,40.90531],[-73.85693,40.90598],[-73.85424,40.90704],[-73.85384,40.90798],[-73.85471,40.90801],[-73.85491,40.90836],[-73.85296,40.91036],[-73.85228,40.90986],[-73.85107,40.91038],[-73.85348,40.90754],[-73.85092,40.90662],[-73.85017,40.90752],[-73.84708,40.90617]]]}},{"type":"Feature","properties":{"id":80},"geometry":{"type":"Polygon","coordinates":[[[-73.86944,40.87814],[-73.86686,40.87751],[-73.86704,40.87522],[-73.86813,40.87531],[-73.86821,40.87324],[-73.86555,40.8735],[-73.86318,40.87218],[-73.86339,40.86965],[-73.85666,40.86953],[-73.85672,40.86771],[-73.84903,40.86756],[-73.84897,40.86938],[-73.84744,40.86935],[-73.84641,40.87056],[-73.84517,40.86992],[-73.84614,40.8688],[-73.84618,40.86751],[-73.84321,40.86745],[-73.84123,40.86787],[-73.8316,40.86265],[-73.82956,40.86217],[-73.82841,40.86096],[-73.83121,40.85751],[-73.83285,40.8561],[-73.83805,40.85688],[-73.83768,40.85665],[-73.84046,40.85564],[-73.84225,40.85427],[-73.84431,40.8512],[-73.84969,40.85107],[-73.85944,40.84667],[-73.85738,40.84372],[-73.85334,40.84248],[-73.86347,40.84131],[-73.86956,40.8396],[-73.8713,40.84122],[-73.8723,40.84159],[-73.87124,40.8468],[-73.87126,40.85088],[-73.87182,40.85404],[-73.87044,40.85481],[-73.86928,40.8567],[-73.86762,40.85663],[-73.86749,40.86135],[-73.87058,40.86141],[-73.87042,40.86537],[-73.87438,40.86689],[-73.87528,40.86573],[-73.87387,40.86321],[-73.87653,40.85989],[-73.87622,40.85908],[-73.87701,40.85709],[-73.87681,40.8555],[-73.87795,40.85561],[-73.88081,40.85721],[-73.88101,40.85828],[-73.88059,40.86089],[-73.8838,40.86418],[-73.88394,40.86496],[-73.88505,40.86551],[-73.8799,40.86838],[-73.88143,40.87144],[-73.8832,40.87651],[-73.8855,40.8774],[-73.88774,40.87704],[-73.88808,40.87628],[-73.88966,40.87698],[-73.88912,40.87843],[-73.8872,40.88007],[-73.88595,40.88052],[-73.88717,40.88258],[-73.88705,40.88436],[-73.88422,40.88321],[-73.88275,40.88341],[-73.88046,40.88223],[-73.88137,40.88137],[-73.88207,40.87919],[-73.88144,40.87819],[-73.88053,40.87802],[-73.88065,40.87649],[-73.87973,40.87687],[-73.87956,40.87574],[-73.87559,40.87526],[-73.87445,40.8768],[-73.87527,40.87715],[-73.87439,40.87906],[-73.86944,40.87814]]]}},{"type":"Feature","properties":{"id":82},"geometry":{"type":"MultiPolygon","coordinates":[[[[-73.78833,40.83468],[-73.78931,40.83447],[-73.78951,40.83537],[-73.78846,40.83532],[-73.78833,40.83468]]],[[[-73.80222,40.84164],[-73.80264,40.84109],[-73.80695,40.84147],[-73.80681,40.8425],[-73.80393,40.8426],[-73.80222,40.84164]]],[[[-73.78069,40.85494],[-73.78123,40.85541],[-73.78087,40.85554],[-73.78069,40.85494]]],[[[-73.78285,40.85549],[-73.7826,40.85483],[-73.78386,40.85484],[-73.78331,40.85586],[-73.78285,40.85549]]],[[[-73.78922,40.85875],[-73.78877,40.85841],[-73.78879,40.85743],[-73.78803,40.85752],[-73.78878,40.85741],[-73.78848,40.85441],[-73.78735,40.85439],[-73.78835,40.85414],[-73.78691,40.85407],[-73.788,40.85353],[-73.78588,40.8518],[-73.78338,40.8516],[-73.7846,40.8511],[-73.78384,40.8507],[-73.7842,40.85007],[-73.78304,40.84908],[-73.78155,40.84941],[-73.78214,40.84911],[-73.7815,40.84859],[-73.78268,40.84815],[-73.78098,40.84847],[-73.78264,40.84808],[-73.78149,40.84789],[-73.78143,40.84746],[-73.78208,40.84714],[-73.78217,40.84664],[-73.7804,40.84694],[-73.78106,40.84681],[-73.78115,40.84625],[-73.78111,40.84676],[-73.78174,40.84642],[-73.78109,40.84681],[-73.78251,40.84642],[-73.7825,40.84567],[-73.78315,40.84532],[-73.78182,40.84577],[-73.78305,40.84551],[-73.78306,40.84509],[-73.78182,40.84549],[-73.78315,40.8453],[-73.78298,40.84469],[-73.78337,40.84445],[-73.78301,40.84418],[-73.78349,40.84369],[-73.78053,40.84453],[-73.77993,40.84389],[-73.78053,40.84446],[-73.7804,40.84397],[-73.78059,40.84444],[-73.78106,40.84434],[-73.78088,40.84387],[-73.78109,40.84433],[-73.78155,40.84422],[-73.78138,40.84371],[-73.78158,40.84422],[-73.78201,40.84412],[-73.78183,40.84358],[-73.78204,40.84411],[-73.78244,40.84402],[-73.78225,40.84344],[-73.78247,40.84401],[-73.78282,40.84393],[-73.78257,40.8433],[-73.78309,40.84369],[-73.78288,40.84313],[-73.78313,40.84371],[-73.78284,40.8439],[-73.78348,40.84366],[-73.78289,40.8425],[-73.78282,40.84277],[-73.7823,40.84261],[-73.78245,40.84305],[-73.78227,40.84262],[-73.7818,40.8427],[-73.78193,40.84324],[-73.78177,40.84271],[-73.78125,40.84281],[-73.78143,40.84338],[-73.78122,40.84281],[-73.78068,40.84292],[-73.78083,40.84352],[-73.78065,40.84292],[-73.7803,40.84298],[-73.78023,40.84379],[-73.78023,40.84289],[-73.78287,40.84249],[-73.7806,40.84279],[-73.78237,40.84244],[-73.78162,40.84234],[-73.78233,40.84193],[-73.78144,40.84215],[-73.78232,40.84191],[-73.78217,40.8417],[-73.78035,40.84212],[-73.78043,40.8425],[-73.7802,40.84205],[-73.78185,40.84166],[-73.78166,40.84113],[-73.78084,40.84128],[-73.78089,40.84156],[-73.7808,40.84126],[-73.78165,40.84111],[-73.78114,40.8395],[-73.78189,40.83766],[-73.78291,40.83733],[-73.78282,40.83635],[-73.78338,40.83692],[-73.78498,40.83675],[-73.7845,40.83707],[-73.78485,40.83748],[-73.78583,40.83722],[-73.78517,40.83748],[-73.78558,40.83794],[-73.78574,40.83924],[-73.78653,40.83973],[-73.78741,40.83969],[-73.78749,40.84085],[-73.78816,40.8405],[-73.78826,40.84075],[-73.78753,40.84089],[-73.78787,40.84109],[-73.78761,40.84121],[-73.78837,40.84151],[-73.78802,40.84179],[-73.78839,40.84239],[-73.78884,40.84236],[-73.78853,40.84243],[-73.78906,40.84324],[-73.78993,40.84305],[-73.78981,40.84359],[-73.78934,40.84369],[-73.78947,40.8443],[-73.79067,40.84575],[-73.79099,40.84566],[-73.7907,40.84579],[-73.79097,40.84637],[-73.79149,40.84626],[-73.79118,40.84656],[-73.79179,40.84674],[-73.79137,40.8469],[-73.79144,40.84731],[-73.79192,40.84727],[-73.79127,40.84761],[-73.79162,40.84806],[-73.79102,40.84899],[-73.78976,40.84954],[-73.78986,40.84998],[-73.79099,40.84984],[-73.78987,40.85],[-73.79002,40.85032],[-73.79036,40.85015],[-73.78989,40.85047],[-73.79027,40.85097],[-73.78956,40.8515],[-73.79099,40.85127],[-73.78967,40.85151],[-73.79089,40.85156],[-73.7902,40.85176],[-73.79047,40.85178],[-73.79016,40.85226],[-73.79248,40.85153],[-73.79017,40.85229],[-73.79312,40.85159],[-73.79324,40.85194],[-73.79125,40.85231],[-73.79138,40.85261],[-73.79341,40.85203],[-73.79351,40.85227],[-73.79042,40.85303],[-73.79282,40.8525],[-73.79081,40.85321],[-73.79127,40.85372],[-73.79253,40.85342],[-73.79241,40.85306],[-73.79256,40.85341],[-73.79298,40.85331],[-73.79288,40.85295],[-73.79304,40.85338],[-73.79106,40.85393],[-73.79246,40.85361],[-73.79107,40.85395],[-73.79254,40.85386],[-73.79129,40.85459],[-73.7925,40.8558],[-73.79202,40.85619],[-73.79257,40.85626],[-73.79201,40.85623],[-73.7919,40.85656],[-73.7931,40.85669],[-73.7919,40.85658],[-73.79171,40.85686],[-73.79243,40.85694],[-73.79222,40.85716],[-73.79283,40.85744],[-73.79301,40.85701],[-73.79289,40.85749],[-73.79186,40.85701],[-73.79268,40.85743],[-73.79211,40.85718],[-73.7919,40.85745],[-73.79257,40.85765],[-73.7924,40.85785],[-73.79174,40.8574],[-73.79209,40.85717],[-73.79184,40.85704],[-73.79094,40.85756],[-73.79179,40.85778],[-73.79144,40.85816],[-73.79162,40.85791],[-73.79093,40.85758],[-73.7902,40.85861],[-73.78922,40.85875]]],[[[-73.76783,40.85445],[-73.76939,40.85254],[-73.76861,40.8508],[-73.7696,40.8476],[-73.7679,40.8453],[-73.76902,40.84511],[-73.77157,40.84751],[-73.77089,40.84976],[-73.77205,40.85163],[-73.77296,40.85217],[-73.77173,40.85249],[-73.77172,40.85301],[-73.7723,40.85309],[-73.77235,40.85386],[-73.77296,40.85381],[-73.77296,40.85415],[-73.77233,40.85391],[-73.77214,40.85442],[-73.77236,40.85968],[-73.77219,40.85999],[-73.77085,40.86011],[-73.76947,40.85934],[-73.76836,40.85837],[-73.76836,40.85766],[-73.76533,40.85505],[-73.76783,40.85445]]],[[[-73.78458,40.86054],[-73.78437,40.85986],[-73.78514,40.8588],[-73.78608,40.85928],[-73.7867,40.85869],[-73.78774,40.85878],[-73.787,40.86023],[-73.78458,40.86054]]],[[[-73.77322,40.8608],[-73.77326,40.86064],[-73.7734,40.86075],[-73.77322,40.8608]]],[[[-73.77514,40.86119],[-73.77527,40.86145],[-73.77493,40.86156],[-73.77514,40.86119]]],[[[-73.7746,40.86208],[-73.77464,40.86183],[-73.77485,40.86182],[-73.7746,40.86208]]],[[[-73.78313,40.86286],[-73.78288,40.86241],[-73.78315,40.86208],[-73.78313,40.86286]]],[[[-73.78401,40.86314],[-73.78354,40.8631],[-73.78377,40.86262],[-73.78469,40.86255],[-73.78401,40.86314]]],[[[-73.76964,40.86555],[-73.76994,40.86553],[-73.76945,40.86577],[-73.76964,40.86555]]],[[[-73.76692,40.86706],[-73.76723,40.86694],[-73.76713,40.86725],[-73.76668,40.86733],[-73.76692,40.86706]]],[[[-73.77172,40.87163],[-73.77264,40.87189],[-73.77116,40.87181],[-73.77085,40.87164],[-73.77172,40.87163]]],[[[-73.77483,40.87404],[-73.77514,40.87456],[-73.77468,40.8748],[-73.77483,40.87404]]],[[[-73.78194,40.87522],[-73.78213,40.87454],[-73.7826,40.8747],[-73.78244,40.87522],[-73.78194,40.87522]]],[[[-73.7819,40.87643],[-73.78172,40.8762],[-73.7822,40.87644],[-73.7819,40.87643]]],[[[-73.7813,40.87595],[-73.78151,40.87605],[-73.78121,40.8766],[-73.7813,40.87595]]],[[[-73.78353,40.87725],[-73.78384,40.87653],[-73.78401,40.87687],[-73.78364,40.87749],[-73.78353,40.87725]]],[[[-73.78525,40.87992],[-73.78508,40.87975],[-73.78568,40.87986],[-73.78525,40.87992]]],[[[-73.78484,40.88057],[-73.78382,40.88043],[-73.7837,40.87994],[-73.78407,40.87972],[-73.78433,40.88021],[-73.78509,40.88027],[-73.78535,40.88053],[-73.78484,40.88057]]],[[[-73.81941,40.89027],[-73.79301,40.88337],[-73.79492,40.88055],[-73.79555,40.8807],[-73.79503,40.87976],[-73.79744,40.87514],[-73.79855,40.87441],[-73.79891,40.87465],[-73.79982,40.87417],[-73.80081,40.8715],[-73.80267,40.87016],[-73.80298,40.86875],[-73.80393,40.86904],[-73.80448,40.86872],[-73.80499,40.86915],[-73.80595,40.86894],[-73.80569,40.86956],[-73.80671,40.87043],[-73.80786,40.87114],[-73.80925,40.87123],[-73.80841,40.87094],[-73.80873,40.87044],[-73.80754,40.87039],[-73.80871,40.8691],[-73.80786,40.86974],[-73.80673,40.86954],[-73.80695,40.86887],[-73.80487,40.86824],[-73.80474,40.86666],[-73.80385,40.86717],[-73.80292,40.86699],[-73.80301,40.86576],[-73.80177,40.86589],[-73.8007,40.86815],[-73.79774,40.87235],[-73.79479,40.87321],[-73.79398,40.87457],[-73.7936,40.87673],[-73.79317,40.87706],[-73.7944,40.87765],[-73.7929,40.87959],[-73.79095,40.88008],[-73.79076,40.88085],[-73.78914,40.88127],[-73.78912,40.88009],[-73.79006,40.8796],[-73.78952,40.87901],[-73.78612,40.87907],[-73.78422,40.87829],[-73.7845,40.87692],[-73.78481,40.87687],[-73.78468,40.87607],[-73.78596,40.87515],[-73.78611,40.87436],[-73.78691,40.874],[-73.78714,40.87277],[-73.78625,40.87239],[-73.78508,40.8736],[-73.78554,40.87255],[-73.78522,40.87164],[-73.78402,40.87378],[-73.78341,40.87373],[-73.78336,40.87326],[-73.78395,40.8729],[-73.78307,40.87216],[-73.78329,40.87071],[-73.78489,40.86952],[-73.7856,40.86835],[-73.78558,40.86918],[-73.78595,40.86933],[-73.78858,40.86918],[-73.79026,40.8685],[-73.79153,40.86733],[-73.79223,40.86527],[-73.79146,40.86228],[-73.79189,40.86108],[-73.7936,40.86053],[-73.79412,40.8597],[-73.79488,40.85808],[-73.79435,40.85654],[-73.79686,40.85627],[-73.79799,40.85486],[-73.79872,40.85492],[-73.79903,40.85397],[-73.79796,40.853],[-73.79781,40.85196],[-73.7982,40.8506],[-73.79932,40.84992],[-73.80029,40.84815],[-73.80147,40.84878],[-73.80197,40.85039],[-73.80418,40.85335],[-73.80453,40.85486],[-73.80352,40.85556],[-73.80479,40.86155],[-73.80601,40.86178],[-73.80625,40.86144],[-73.80582,40.86004],[-73.80656,40.85983],[-73.80742,40.86012],[-73.80818,40.8595],[-73.81085,40.86234],[-73.81328,40.86323],[-73.81396,40.86411],[-73.81438,40.86326],[-73.8151,40.86307],[-73.81642,40.86119],[-73.8148,40.86114],[-73.81382,40.86056],[-73.81273,40.85889],[-73.81231,40.85417],[-73.81641,40.85409],[-73.81715,40.85231],[-73.81713,40.85128],[-73.81572,40.85082],[-73.81629,40.8502],[-73.81513,40.84918],[-73.8159,40.84802],[-73.81561,40.84767],[-73.8161,40.84752],[-73.81611,40.84646],[-73.81572,40.8463],[-73.81465,40.84723],[-73.81566,40.8463],[-73.81357,40.84716],[-73.81491,40.84648],[-73.81442,40.8462],[-73.81503,40.84551],[-73.81319,40.84624],[-73.81403,40.8456],[-73.81369,40.84567],[-73.81394,40.84552],[-73.81363,40.84529],[-73.81321,40.84593],[-73.81362,40.84528],[-73.81326,40.84524],[-73.81285,40.84633],[-73.81324,40.84524],[-73.81288,40.84514],[-73.81316,40.84522],[-73.81286,40.84519],[-73.81228,40.84655],[-73.81286,40.84514],[-73.81255,40.84499],[-73.81189,40.8466],[-73.81244,40.84675],[-73.8117,40.84669],[-73.81266,40.84422],[-73.81299,40.84453],[-73.81265,40.84467],[-73.81312,40.8448],[-73.81255,40.84496],[-73.81417,40.84479],[-73.8137,40.84486],[-73.81418,40.84469],[-73.81347,40.84427],[-73.81348,40.84366],[-73.815,40.84351],[-73.81567,40.84444],[-73.81644,40.84407],[-73.81824,40.84435],[-73.81663,40.84395],[-73.81572,40.84254],[-73.81517,40.84259],[-73.8157,40.84253],[-73.81526,40.84127],[-73.81473,40.84138],[-73.81524,40.84102],[-73.81481,40.83981],[-73.81437,40.83987],[-73.81472,40.8396],[-73.81431,40.83963],[-73.81602,40.83853],[-73.81648,40.83771],[-73.81606,40.83604],[-73.8155,40.83596],[-73.81606,40.83578],[-73.81558,40.83553],[-73.81608,40.83537],[-73.81609,40.8346],[-73.81566,40.8345],[-73.81604,40.83418],[-73.81488,40.83104],[-73.81449,40.83118],[-73.81484,40.83099],[-73.81452,40.83063],[-73.8139,40.83092],[-73.81451,40.83062],[-73.81386,40.83057],[-73.8143,40.83036],[-73.81367,40.8299],[-73.81339,40.82903],[-73.8129,40.82896],[-73.81318,40.82881],[-73.81276,40.82826],[-73.80993,40.8282],[-73.8101,40.82783],[-73.81106,40.82799],[-73.81004,40.82779],[-73.81264,40.82784],[-73.81385,40.82681],[-73.81372,40.82628],[-73.81292,40.82636],[-73.81399,40.82608],[-73.81395,40.82574],[-73.81342,40.82593],[-73.81394,40.82573],[-73.8138,40.82531],[-73.81211,40.82556],[-73.81328,40.82517],[-73.81308,40.82495],[-73.81404,40.82449],[-73.81397,40.8242],[-73.81328,40.82397],[-73.81273,40.82479],[-73.81177,40.82435],[-73.80909,40.82588],[-73.80767,40.82591],[-73.80698,40.8254],[-73.80657,40.82461],[-73.80666,40.82343],[-73.80624,40.82332],[-73.80638,40.8229],[-73.80595,40.82289],[-73.80622,40.82275],[-73.80583,40.82178],[-73.80599,40.82083],[-73.80462,40.81904],[-73.80348,40.81829],[-73.80208,40.81857],[-73.80071,40.81805],[-73.80033,40.81757],[-73.79759,40.81652],[-73.79738,40.81577],[-73.79903,40.81555],[-73.80011,40.81403],[-73.80092,40.81377],[-73.80175,40.81287],[-73.80134,40.8124],[-73.80176,40.81287],[-73.80306,40.81246],[-73.80362,40.81253],[-73.80352,40.81293],[-73.80378,40.81282],[-73.80362,40.81305],[-73.80436,40.81362],[-73.80352,40.81294],[-73.80323,40.81337],[-73.80444,40.81433],[-73.8032,40.81351],[-73.80472,40.81524],[-73.80658,40.8166],[-73.80466,40.81455],[-73.80661,40.81667],[-73.80693,40.81658],[-73.80654,40.8159],[-73.80705,40.81654],[-73.8064,40.81571],[-73.80663,40.8156],[-73.80546,40.81469],[-73.805,40.81221],[-73.80391,40.81212],[-73.80235,40.81005],[-73.80101,40.81072],[-73.80147,40.81015],[-73.79854,40.8096],[-73.79229,40.80686],[-73.7914,40.80701],[-73.79152,40.8075],[-73.79087,40.80735],[-73.79006,40.80542],[-73.79104,40.80427],[-73.79339,40.80421],[-73.79578,40.80617],[-73.79621,40.80598],[-73.79792,40.80672],[-73.80167,40.80902],[-73.80278,40.80913],[-73.80393,40.80854],[-73.80992,40.81294],[-73.81079,40.81278],[-73.814,40.81356],[-73.81443,40.81353],[-73.8145,40.81292],[-73.81448,40.81353],[-73.8162,40.81386],[-73.82056,40.81303],[-73.82025,40.81244],[-73.82107,40.81221],[-73.82032,40.81245],[-73.82113,40.81246],[-73.82044,40.81267],[-73.82059,40.81303],[-73.82228,40.81267],[-73.82217,40.81236],[-73.82231,40.81267],[-73.82409,40.81217],[-73.82506,40.81184],[-73.82481,40.81145],[-73.82524,40.81177],[-73.82488,40.81128],[-73.82527,40.81176],[-73.82523,40.81122],[-73.82565,40.8116],[-73.82536,40.81104],[-73.82567,40.81159],[-73.82554,40.81102],[-73.82581,40.81154],[-73.8258,40.81121],[-73.82803,40.81146],[-73.83018,40.81085],[-73.83162,40.80958],[-73.83218,40.80817],[-73.83162,40.80665],[-73.83162,40.80495],[-73.83432,40.80517],[-73.83736,40.80616],[-73.84026,40.81145],[-73.84043,40.81255],[-73.83957,40.8145],[-73.84009,40.81781],[-73.83868,40.8196],[-73.83907,40.81981],[-73.83888,40.82215],[-73.84233,40.82908],[-73.84189,40.83072],[-73.83885,40.8337],[-73.83919,40.83872],[-73.83959,40.83881],[-73.83972,40.83957],[-73.8403,40.83953],[-73.83942,40.83466],[-73.83992,40.83333],[-73.84276,40.83083],[-73.84441,40.83061],[-73.84458,40.83131],[-73.83996,40.83491],[-73.84027,40.83627],[-73.84198,40.83892],[-73.84306,40.83981],[-73.84458,40.83854],[-73.85052,40.8428],[-73.85334,40.84248],[-73.85738,40.84372],[-73.85944,40.84667],[-73.84969,40.85107],[-73.84431,40.8512],[-73.84225,40.85427],[-73.84046,40.85564],[-73.83768,40.85665],[-73.83805,40.85688],[-73.83285,40.8561],[-73.83121,40.85751],[-73.82841,40.86096],[-73.82956,40.86217],[-73.83434,40.87204],[-73.83488,40.87441],[-73.83459,40.87692],[-73.83289,40.87949],[-73.83014,40.88181],[-73.82562,40.88408],[-73.81987,40.88573],[-73.8205,40.88704],[-73.82392,40.88783],[-73.82409,40.88908],[-73.82367,40.88991],[-73.82241,40.88957],[-73.82336,40.88988],[-73.82337,40.89098],[-73.82285,40.89122],[-73.81941,40.89027]]]]}},{"type":"Feature","properties":{"id":83},"geometry":{"type":"Polygon","coordinates":[[[-73.82367,40.88991],[-73.82409,40.88908],[-73.82392,40.88783],[-73.8205,40.88704],[-73.81987,40.88573],[-73.82562,40.88408],[-73.83014,40.88181],[-73.83333,40.87899],[-73.83478,40.87618],[-73.83485,40.87407],[-73.83434,40.87204],[-73.82956,40.86217],[-73.8316,40.86265],[-73.84123,40.86787],[-73.84321,40.86745],[-73.84618,40.86751],[-73.84614,40.8688],[-73.84517,40.86992],[-73.84641,40.87056],[-73.84744,40.86935],[-73.84897,40.86938],[-73.84903,40.86756],[-73.85672,40.86771],[-73.85666,40.86953],[-73.86339,40.86965],[-73.86318,40.87218],[-73.86555,40.8735],[-73.86821,40.87324],[-73.86813,40.87531],[-73.86704,40.87522],[-73.86686,40.87751],[-73.86944,40.87814],[-73.86875,40.87883],[-73.86605,40.8843],[-73.86621,40.88539],[-73.86266,40.89182],[-73.86179,40.89156],[-73.8614,40.89226],[-73.85852,40.89135],[-73.85736,40.89342],[-73.85566,40.89286],[-73.85444,40.89508],[-73.85328,40.89468],[-73.85172,40.89758],[-73.84984,40.89986],[-73.84909,40.89965],[-73.84743,40.90028],[-73.84658,40.90316],[-73.848,40.90326],[-73.84708,40.90617],[-73.84482,40.90554],[-73.84489,40.9042],[-73.84139,40.90418],[-73.84078,40.90164],[-73.83921,40.89941],[-73.83965,40.89734],[-73.83839,40.89408],[-73.82367,40.88991]]]}},{"type":"Feature","properties":{"id":77},"geometry":{"type":"Polygon","coordinates":[[[-73.90502,40.84241],[-73.90533,40.84044],[-73.90649,40.83867],[-73.90598,40.83851],[-73.91217,40.82791],[-73.91461,40.8263],[-73.9202,40.82811],[-73.92228,40.82498],[-73.92348,40.82542],[-73.92046,40.83092],[-73.92166,40.83134],[-73.91991,40.83433],[-73.91859,40.83389],[-73.91442,40.83819],[-73.91289,40.84099],[-73.91447,40.84163],[-73.91594,40.83956],[-73.91769,40.84023],[-73.91618,40.84234],[-73.91795,40.84224],[-73.91781,40.84331],[-73.91979,40.84088],[-73.9212,40.83816],[-73.9219,40.83848],[-73.92225,40.83786],[-73.92323,40.83817],[-73.9233,40.83732],[-73.92527,40.83478],[-73.92439,40.83449],[-73.92538,40.83264],[-73.92659,40.83306],[-73.92857,40.83015],[-73.93196,40.83097],[-73.93086,40.82805],[-73.9308,40.82656],[-73.92634,40.82059],[-73.92688,40.81949],[-73.9307,40.82053],[-73.93062,40.81936],[-73.93239,40.81951],[-73.93361,40.8328],[-73.933,40.83569],[-73.93052,40.83994],[-73.92862,40.84469],[-73.92466,40.84979],[-73.92256,40.8532],[-73.9208,40.85539],[-73.9203,40.85525],[-73.92053,40.85569],[-73.91903,40.8574],[-73.91789,40.85701],[-73.91694,40.85822],[-73.91586,40.85803],[-73.91651,40.85539],[-73.91779,40.85372],[-73.91799,40.85288],[-73.91884,40.85278],[-73.91833,40.85155],[-73.91964,40.85066],[-73.92231,40.84739],[-73.92061,40.84689],[-73.91844,40.84832],[-73.91765,40.84774],[-73.91614,40.84889],[-73.91606,40.85006],[-73.91543,40.85049],[-73.91416,40.84998],[-73.91288,40.85013],[-73.91143,40.85174],[-73.90922,40.85181],[-73.90733,40.85382],[-73.9056,40.85316],[-73.90682,40.85182],[-73.90605,40.85141],[-73.90699,40.85039],[-73.90765,40.85087],[-73.90884,40.84727],[-73.91024,40.84756],[-73.91145,40.84587],[-73.91062,40.84554],[-73.91199,40.84307],[-73.90502,40.84241]]]}},{"type":"Feature","properties":{"id":84},"geometry":{"type":"Polygon","coordinates":[[[-73.92228,40.82498],[-73.92462,40.82101],[-73.91488,40.81847],[-73.91503,40.81803],[-73.91447,40.81852],[-73.91138,40.81738],[-73.91194,40.81606],[-73.90991,40.81594],[-73.90743,40.82195],[-73.90379,40.8211],[-73.90529,40.81794],[-73.90258,40.81738],[-73.90166,40.81956],[-73.89779,40.81725],[-73.89921,40.81587],[-73.89685,40.81447],[-73.89514,40.81613],[-73.888,40.81667],[-73.88176,40.81763],[-73.88127,40.81801],[-73.87889,40.81613],[-73.8721,40.81375],[-73.87057,40.8121],[-73.87055,40.81125],[-73.86811,40.80676],[-73.87175,40.80156],[-73.87355,40.80086],[-73.87527,40.80141],[-73.87586,40.80146],[-73.87593,40.80109],[-73.87814,40.80133],[-73.87817,40.80256],[-73.87893,40.80278],[-73.8837,40.80217],[-73.88372,40.80187],[-73.88505,40.80214],[-73.88727,40.80396],[-73.88796,40.80501],[-73.88907,40.80503],[-73.88938,40.80593],[-73.8915,40.80594],[-73.89171,40.8064],[-73.89497,40.80624],[-73.89529,40.80685],[-73.89623,40.80622],[-73.8983,40.80611],[-73.89812,40.80567],[-73.89853,40.80544],[-73.90222,40.80496],[-73.90838,40.7995],[-73.9083,40.79897],[-73.91089,40.79703],[-73.91169,40.79663],[-73.91372,40.7968],[-73.92024,40.79962],[-73.92133,40.80129],[-73.92293,40.80238],[-73.92763,40.8027],[-73.92728,40.80352],[-73.92765,40.804],[-73.92873,40.80411],[-73.93253,40.80883],[-73.93288,40.81042],[-73.93234,40.81469],[-73.93239,40.81951],[-73.93062,40.81936],[-73.9307,40.82053],[-73.92688,40.81949],[-73.92634,40.82059],[-73.9308,40.82656],[-73.93086,40.82805],[-73.93196,40.83097],[-73.92857,40.83015],[-73.92659,40.83306],[-73.92538,40.83264],[-73.92439,40.83449],[-73.92527,40.83478],[-73.9233,40.83732],[-73.92323,40.83817],[-73.92225,40.83786],[-73.9219,40.83848],[-73.9212,40.83816],[-73.91979,40.84088],[-73.91781,40.84331],[-73.91795,40.84224],[-73.91618,40.84234],[-73.91769,40.84023],[-73.91594,40.83956],[-73.91447,40.84163],[-73.91289,40.84099],[-73.91442,40.83819],[-73.91859,40.83389],[-73.91991,40.83433],[-73.92166,40.83134],[-73.92046,40.83092],[-73.92348,40.82542],[-73.92228,40.82498]]]}}]}