{"type":"FeatureCollection","features":[{"type":"Feature","properties":{"id":16},"geometry":{"type":"Polygon","coordinates":[[[-73.82392,40.88998],[-73.82462,40.88866],[-73.8238,40.88744],[-73.82188,40.88694],[-73.82065,40.88539],[-73.82024,40.8855],[-73.82006,40.88212],[-73.8233,40.87311],[-73.82127,40.86908],[-73.82164,40.86878],[-73.82028,40.86749],[-73.81993,40.86511],[-73.82016,40.86326],[-73.81896,40.86248],[-73.8213,40.86114],[-73.82706,40.85927],[-73.83275,40.86846],[-73.83446,40.87237],[-73.83488,40.87545],[-73.83402,40.87847],[-73.83482,40.87806],[-73.83573,40.87971],[-73.83754,40.87913],[-73.83951,40.88264],[-73.84338,40.88166],[-73.84381,40.88106],[-73.8452,40.88163],[-73.84507,40.88204],[-73.84603,40.88243],[-73.84658,40.88222],[-73.84974,40.88356],[-73.84591,40.88975],[-73.84633,40.88989],[-73.84806,40.89445],[-73.84894,40.89422],[-73.8505,40.89828],[-73.84786,40.89886],[-73.84822,40.89984],[-73.84743,40.90028],[-73.84694,40.90153],[-73.84547,40.90185],[-73.84599,40.90317],[-73.84418,40.90357],[-73.84441,40.90418],[-73.84139,40.90418],[-73.84078,40.90164],[-73.83921,40.89941],[-73.83965,40.89734],[-73.83839,40.89408],[-73.82392,40.88998]]]}},{"type":"Feature","properties":{"id":5},"geometry":{"type":"MultiPolygon","coordinates":[[[[-73.82645,40.59054],[-73.8269,40.58994],[-73.8276,40.58998],[-73.82769,40.59058],[-73.82706,40.59099],[-73.8273,40.59147],[-73.82548,40.59198],[-73.82633,40.59147],[-73.82645,40.59054]]],[[[-73.83193,40.59346],[-73.83117,40.5915],[-73.83358,40.58904],[-73.83459,40.58913],[-73.83688,40.58953],[-73.8388,40.59121],[-73.83842,40.5904],[-73.8418,40.59202],[-73.84279,40.59334],[-73.84337,40.59348],[-73.8435,40.59509],[-73.84057,40.59731],[-73.83746,40.59687],[-73.83476,40.59395],[-73.83193,40.59346]]],[[[-73.80997,40.60008],[-73.81049,40.59879],[-73.81158,40.59815],[-73.81222,40.59856],[-73.81502,40.60206],[-73.8148,40.60409],[-73.81429,40.60446],[-73.81321,40.60436],[-73.81017,40.60281],[-73.80997,40.60008]]],[[[-73.80032,40.60707],[-73.79793,40.60659],[-73.79841,40.60602],[-73.79827,40.6055],[-73.79868,40.60571],[-73.80011,40.60533],[-73.79871,40.60563],[-73.79781,40.60517],[-73.79804,40.60485],[-73.80049,40.60477],[-73.7979,40.60473],[-73.79766,40.60532],[-73.79822,40.60594],[-73.79766,40.60637],[-73.79635,40.6058],[-73.7967,40.60511],[-73.79612,40.6047],[-73.79732,40.60407],[-73.80038,40.60438],[-73.80172,40.60412],[-73.80322,40.60457],[-73.80373,40.60431],[-73.80338,40.60471],[-73.80394,40.60565],[-73.80314,40.60638],[-73.80182,40.60643],[-73.80077,40.60708],[-73.80058,40.60685],[-73.801,40.6066],[-73.80065,40.60634],[-73.80108,40.60642],[-73.80034,40.60629],[-73.80086,40.60664],[-73.80032,40.60707]]],[[[-73.82953,40.60725],[-73.82961,40.60726],[-73.82957,40.60735],[-73.82953,40.60725]]],[[[-73.79666,40.60897],[-73.79601,40.60823],[-73.79648,40.60801],[-73.79626,40.60763],[-73.79655,40.6073],[-73.79611,40.60742],[-73.79582,40.60814],[-73.79552,40.60736],[-73.79528,40.60582],[-73.79573,40.60524],[-73.79603,40.60531],[-73.7957,40.60647],[-73.79675,40.60623],[-73.7979,40.60688],[-73.80053,40.60723],[-73.80402,40.60614],[-73.80309,40.60747],[-73.801,40.60868],[-73.79666,40.60897]]],[[[-73.8273,40.60949],[-73.82581,40.60893],[-73.82605,40.6083],[-73.82577,40.60786],[-73.82679,40.60792],[-73.82567,40.60779],[-73.82461,40.60474],[-73.82909,40.60583],[-73.8294,40.60659],[-73.82904,40.60736],[-73.82708,40.60834],[-73.8276,40.60931],[-73.8273,40.60949]]],[[[-73.83213,40.60952],[-73.83122,40.60884],[-73.83131,40.60842],[-73.83006,40.60793],[-73.82988,40.60633],[-73.83178,40.6051],[-73.83552,40.60547],[-73.83574,40.60579],[-73.83446,40.6072],[-73.83423,40.60806],[-73.83213,40.60952]]],[[[-73.76669,40.61426],[-73.76517,40.61376],[-73.76506,40.61204],[-73.7623,40.61137],[-73.76173,40.61186],[-73.76024,40.61083],[-73.76178,40.60916],[-73.76155,40.60904],[-73.75999,40.61089],[-73.75949,40.61082],[-73.75972,40.61016],[-73.75561,40.61009],[-73.75588,40.61039],[-73.755,40.61014],[-73.74799,40.61232],[-73.74722,40.61219],[-73.74686,40.61158],[-73.74576,40.612],[-73.74311,40.60772],[-73.7434,40.60748],[-73.73841,40.60313],[-73.73836,40.59761],[-73.73872,40.59696],[-73.73863,40.59727],[-73.73879,40.59698],[-73.73993,40.59706],[-73.7401,40.59622],[-73.74039,40.59619],[-73.74065,40.59701],[-73.74183,40.5967],[-73.74052,40.59658],[-73.74055,40.59613],[-73.73993,40.59607],[-73.73947,40.59689],[-73.73988,40.59678],[-73.73975,40.59655],[-73.7398,40.59689],[-73.73895,40.59677],[-73.73838,40.59713],[-73.73799,40.59456],[-73.7409,40.5945],[-73.74223,40.59491],[-73.74666,40.5943],[-73.74913,40.59322],[-73.7517,40.59132],[-73.75345,40.59097],[-73.75596,40.59088],[-73.76134,40.59173],[-73.76797,40.59074],[-73.77584,40.59033],[-73.78043,40.5896],[-73.78879,40.58746],[-73.79201,40.58723],[-73.80799,40.58401],[-73.81353,40.58348],[-73.83387,40.57766],[-73.83779,40.57593],[-73.8572,40.56911],[-73.86287,40.56684],[-73.86269,40.56651],[-73.86356,40.56704],[-73.86661,40.5661],[-73.86631,40.56555],[-73.86686,40.56609],[-73.86849,40.56554],[-73.86825,40.56508],[-73.86853,40.56555],[-73.86925,40.56539],[-73.87062,40.56482],[-73.87028,40.56418],[-73.87091,40.56477],[-73.87264,40.56409],[-73.87238,40.56358],[-73.87275,40.56411],[-73.87321,40.56407],[-73.88029,40.56138],[-73.88325,40.56086],[-73.88698,40.55941],[-73.88789,40.55952],[-73.89214,40.55788],[-73.89347,40.55795],[-73.89492,40.55709],[-73.89551,40.55742],[-73.89708,40.55667],[-73.898,40.55711],[-73.90059,40.55643],[-73.9028,40.55674],[-73.90692,40.55561],[-73.94047,40.54287],[-73.94074,40.54184],[-73.94013,40.54801],[-73.94027,40.55242],[-73.93926,40.55499],[-73.93647,40.55694],[-73.93314,40.55737],[-73.93178,40.55791],[-73.92616,40.56156],[-73.91766,40.56283],[-73.91455,40.56436],[-73.91188,40.565],[-73.91197,40.56588],[-73.91186,40.565],[-73.91004,40.5648],[-73.90972,40.5653],[-73.91002,40.56479],[-73.90976,40.56429],[-73.90873,40.56394],[-73.90792,40.56416],[-73.90799,40.56345],[-73.90665,40.56279],[-73.9047,40.56284],[-73.90287,40.56352],[-73.90245,40.56291],[-73.90161,40.56276],[-73.90001,40.56322],[-73.89613,40.56537],[-73.89534,40.56634],[-73.89567,40.56704],[-73.89519,40.56692],[-73.89261,40.5686],[-73.88911,40.56792],[-73.88431,40.5687],[-73.88489,40.56848],[-73.8843,40.56845],[-73.88474,40.56828],[-73.88446,40.5679],[-73.88379,40.56813],[-73.88402,40.56851],[-73.88358,40.56822],[-73.88391,40.56891],[-73.88337,40.56834],[-73.88192,40.56874],[-73.87761,40.56887],[-73.86554,40.57465],[-73.85306,40.58126],[-73.85045,40.58214],[-73.84521,40.58159],[-73.83936,40.58187],[-73.83855,40.5828],[-73.83584,40.58289],[-73.82853,40.58486],[-73.82804,40.58606],[-73.82481,40.58716],[-73.82294,40.5875],[-73.82146,40.58678],[-73.81742,40.58893],[-73.81764,40.58929],[-73.81674,40.58933],[-73.8147,40.59062],[-73.81363,40.5908],[-73.81326,40.59105],[-73.81359,40.59171],[-73.81324,40.59108],[-73.8117,40.5916],[-73.8115,40.59291],[-73.81134,40.59175],[-73.81082,40.5921],[-73.81095,40.59251],[-73.81139,40.59245],[-73.81107,40.59303],[-73.81137,40.59271],[-73.81075,40.5928],[-73.81136,40.59247],[-73.81094,40.59256],[-73.81081,40.5921],[-73.8099,40.59228],[-73.81004,40.59309],[-73.80963,40.5925],[-73.80961,40.59359],[-73.80603,40.59202],[-73.80575,40.59077],[-73.80583,40.5919],[-73.80434,40.59132],[-73.80417,40.59186],[-73.80784,40.59339],[-73.80798,40.59417],[-73.80711,40.59529],[-73.80606,40.59557],[-73.80491,40.5951],[-73.80404,40.5942],[-73.80381,40.5929],[-73.80244,40.59265],[-73.80251,40.59396],[-73.80318,40.59395],[-73.80251,40.59398],[-73.80257,40.59428],[-73.80329,40.59429],[-73.80235,40.5945],[-73.80344,40.59444],[-73.8032,40.59469],[-73.80373,40.59483],[-73.80322,40.59515],[-73.80391,40.59501],[-73.80332,40.59519],[-73.80369,40.59521],[-73.80509,40.59711],[-73.80469,40.5977],[-73.80292,40.59888],[-73.80167,40.5989],[-73.80092,40.5994],[-73.79457,40.59943],[-73.79233,40.59998],[-73.78779,40.60314],[-73.78617,40.60306],[-73.78716,40.60233],[-73.78807,40.60086],[-73.7903,40.59928],[-73.79124,40.5968],[-73.79086,40.59502],[-73.79042,40.59476],[-73.7906,40.59612],[-73.79054,40.59499],[-73.79015,40.59478],[-73.79018,40.59608],[-73.79013,40.59483],[-73.78976,40.59475],[-73.79,40.59622],[-73.7897,40.59624],[-73.78968,40.59487],[-73.78917,40.5952],[-73.78907,40.59803],[-73.78597,40.60032],[-73.7858,40.60058],[-73.78614,40.60066],[-73.78578,40.6006],[-73.78598,40.60093],[-73.78563,40.60082],[-73.78539,40.60153],[-73.78351,40.60257],[-73.78313,40.60377],[-73.78395,40.60483],[-73.78367,40.60533],[-73.78041,40.60843],[-73.77857,40.60965],[-73.77535,40.60975],[-73.77422,40.6089],[-73.77482,40.60841],[-73.77422,40.60764],[-73.7746,40.60743],[-73.77601,40.6092],[-73.77459,40.60731],[-73.77519,40.60451],[-73.77469,40.60433],[-73.77538,40.60417],[-73.77588,40.60348],[-73.77606,40.60276],[-73.77569,40.60282],[-73.77837,40.60085],[-73.77818,40.60039],[-73.78011,40.60074],[-73.78191,40.59912],[-73.78194,40.59854],[-73.78133,40.59776],[-73.78006,40.59689],[-73.77742,40.59882],[-73.776,40.6014],[-73.77497,40.60175],[-73.77412,40.59989],[-73.77422,40.59901],[-73.77359,40.59813],[-73.77249,40.5979],[-73.76948,40.59827],[-73.76812,40.59783],[-73.76794,40.59815],[-73.76827,40.59834],[-73.77093,40.59887],[-73.77116,40.59943],[-73.77084,40.60182],[-73.77019,40.60276],[-73.77057,40.60485],[-73.77001,40.60534],[-73.77001,40.60724],[-73.769,40.6094],[-73.76982,40.6101],[-73.77125,40.6104],[-73.77224,40.61151],[-73.77341,40.6111],[-73.77296,40.61016],[-73.77393,40.61212],[-73.77417,40.61184],[-73.77339,40.61368],[-73.76669,40.61426]]],[[[-73.76672,40.61501],[-73.77088,40.61587],[-73.76855,40.62057],[-73.76746,40.62052],[-73.76672,40.61501]]],[[[-73.81252,40.62021],[-73.81269,40.62047],[-73.81261,40.62066],[-73.81252,40.62021]]],[[[-73.83191,40.62418],[-73.83242,40.62293],[-73.8331,40.62242],[-73.83311,40.62169],[-73.83368,40.62139],[-73.83362,40.62261],[-73.83309,40.62277],[-73.83323,40.62336],[-73.83268,40.62392],[-73.83341,40.62356],[-73.83356,40.62394],[-73.83216,40.6247],[-73.83191,40.62418]]],[[[-73.81224,40.62531],[-73.81244,40.6244],[-73.81168,40.62366],[-73.81252,40.62355],[-73.81301,40.62227],[-73.81303,40.62387],[-73.81448,40.62548],[-73.81249,40.62655],[-73.81199,40.62603],[-73.81224,40.62531]]],[[[-73.79882,40.62534],[-73.79782,40.62446],[-73.79876,40.62509],[-73.80037,40.62412],[-73.79923,40.6242],[-73.79868,40.62344],[-73.80016,40.61964],[-73.80112,40.61971],[-73.80207,40.6208],[-73.80131,40.61855],[-73.80187,40.61678],[-73.80348,40.61441],[-73.80362,40.61603],[-73.80454,40.61699],[-73.80493,40.6186],[-73.8059,40.61963],[-73.80564,40.6199],[-73.80641,40.62112],[-73.80615,40.62183],[-73.80641,40.62235],[-73.80542,40.6238],[-73.80466,40.62385],[-73.80163,40.6256],[-73.79906,40.62659],[-73.79759,40.62611],[-73.79882,40.62534]]],[[[-73.8143,40.62915],[-73.81467,40.62751],[-73.81532,40.62777],[-73.81645,40.62984],[-73.81597,40.63039],[-73.81528,40.63024],[-73.81468,40.62999],[-73.8143,40.62915]]],[[[-73.83598,40.63222],[-73.83507,40.63173],[-73.83594,40.63136],[-73.83598,40.63222]]],[[[-73.82338,40.639],[-73.82185,40.63205],[-73.82067,40.62892],[-73.8201,40.62783],[-73.81826,40.627],[-73.81789,40.62592],[-73.81623,40.6247],[-73.81675,40.62396],[-73.81795,40.6241],[-73.81866,40.62289],[-73.81755,40.6221],[-73.81758,40.62176],[-73.81672,40.62158],[-73.81621,40.6221],[-73.81539,40.62151],[-73.81543,40.62012],[-73.81718,40.61928],[-73.81778,40.61751],[-73.81643,40.61429],[-73.81408,40.61457],[-73.81468,40.61398],[-73.81486,40.61431],[-73.8155,40.61405],[-73.8148,40.6132],[-73.81504,40.61298],[-73.81547,40.61335],[-73.81616,40.61295],[-73.81541,40.61039],[-73.8145,40.61107],[-73.81521,40.60982],[-73.81476,40.60847],[-73.81574,40.60647],[-73.81553,40.60617],[-73.81596,40.60627],[-73.81643,40.60523],[-73.81739,40.60517],[-73.81726,40.60395],[-73.81831,40.60135],[-73.81849,40.5994],[-73.8212,40.59472],[-73.82414,40.59464],[-73.82548,40.59509],[-73.83322,40.59423],[-73.83425,40.59467],[-73.83485,40.59555],[-73.8342,40.59667],[-73.8324,40.59781],[-73.83154,40.59796],[-73.83063,40.59744],[-73.82948,40.59814],[-73.82806,40.59769],[-73.82598,40.59948],[-73.82557,40.59856],[-73.82466,40.59816],[-73.82396,40.59889],[-73.82452,40.59896],[-73.82477,40.5984],[-73.82453,40.59914],[-73.82408,40.59892],[-73.82377,40.60005],[-73.82147,40.6],[-73.82444,40.60035],[-73.82445,40.60081],[-73.82354,40.60157],[-73.82362,40.60229],[-73.82295,40.60259],[-73.8229,40.6047],[-73.82247,40.60553],[-73.82291,40.60586],[-73.82127,40.60701],[-73.82003,40.60893],[-73.81962,40.61049],[-73.82058,40.61224],[-73.82088,40.61227],[-73.82129,40.61111],[-73.82055,40.61044],[-73.82056,40.60996],[-73.82162,40.60849],[-73.82186,40.60988],[-73.82289,40.61035],[-73.82401,40.61164],[-73.8241,40.61233],[-73.82468,40.61243],[-73.82469,40.61308],[-73.82556,40.61414],[-73.82726,40.61339],[-73.82788,40.61371],[-73.82724,40.61407],[-73.8275,40.61421],[-73.83092,40.61501],[-73.83402,40.61439],[-73.8337,40.62099],[-73.83159,40.62204],[-73.83268,40.62187],[-73.83259,40.62269],[-73.83141,40.62241],[-73.83102,40.62278],[-73.83039,40.6224],[-73.83021,40.62341],[-73.82919,40.62421],[-73.83011,40.62384],[-73.83042,40.62264],[-73.83088,40.62287],[-73.83046,40.62408],[-73.8311,40.62294],[-73.83214,40.62319],[-73.83097,40.62458],[-73.83135,40.62501],[-73.83077,40.62531],[-73.83063,40.62619],[-73.83083,40.62682],[-73.8323,40.62709],[-73.83229,40.62814],[-73.83178,40.62818],[-73.83162,40.62876],[-73.83188,40.62889],[-73.83189,40.62819],[-73.83263,40.62827],[-73.83301,40.62793],[-73.83304,40.62827],[-73.8329,40.62891],[-73.83196,40.62966],[-73.83115,40.63285],[-73.83341,40.63851],[-73.83222,40.63894],[-73.82809,40.63589],[-73.82592,40.63576],[-73.82443,40.63622],[-73.82414,40.6388],[-73.82458,40.63936],[-73.82419,40.63996],[-73.82338,40.639]]],[[[-73.85722,40.65029],[-73.86099,40.65522],[-73.85979,40.65448],[-73.85898,40.65268],[-73.85732,40.65125],[-73.85696,40.6506],[-73.85722,40.65029]]],[[[-73.83033,40.65514],[-73.83027,40.65544],[-73.82989,40.65553],[-73.83033,40.65514]]],[[[-73.77673,40.72844],[-73.77524,40.72525],[-73.77804,40.72329],[-73.77788,40.72304],[-73.77606,40.72336],[-73.7714,40.72536],[-73.76617,40.72642],[-73.75994,40.72573],[-73.75671,40.72619],[-73.75664,40.72549],[-73.75525,40.72479],[-73.75497,40.72417],[-73.75409,40.7247],[-73.75263,40.72352],[-73.75346,40.72294],[-73.74991,40.72005],[-73.74913,40.7206],[-73.74888,40.72015],[-73.74803,40.72041],[-73.74839,40.72103],[-73.74475,40.72299],[-73.74357,40.72188],[-73.74433,40.72145],[-73.74282,40.72004],[-73.74196,40.72036],[-73.73984,40.71732],[-73.73643,40.71807],[-73.73438,40.71894],[-73.73315,40.71959],[-73.73033,40.72217],[-73.72918,40.71918],[-73.7269,40.70999],[-73.72563,40.6796],[-73.72756,40.67417],[-73.72824,40.66803],[-73.72782,40.66313],[-73.72833,40.66305],[-73.72557,40.65673],[-73.72499,40.65426],[-73.7251,40.65235],[-73.72523,40.65201],[-73.73029,40.65038],[-73.73514,40.64974],[-73.74144,40.6469],[-73.74166,40.64221],[-73.74205,40.64148],[-73.74142,40.64051],[-73.74228,40.64013],[-73.73947,40.63571],[-73.73996,40.63515],[-73.74177,40.63489],[-73.74254,40.63518],[-73.74097,40.63731],[-73.74189,40.63813],[-73.74397,40.63789],[-73.74374,40.63903],[-73.7448,40.63708],[-73.7452,40.6372],[-73.74629,40.63645],[-73.74679,40.63679],[-73.74527,40.63792],[-73.7453,40.63834],[-73.74702,40.63692],[-73.74617,40.6404],[-73.74729,40.64319],[-73.74875,40.64448],[-73.74885,40.64518],[-73.74945,40.64494],[-73.75171,40.64651],[-73.75354,40.6472],[-73.75329,40.64735],[-73.75428,40.64789],[-73.75476,40.64782],[-73.75461,40.64721],[-73.7534,40.64682],[-73.75376,40.64669],[-73.74871,40.64335],[-73.74742,40.64142],[-73.74753,40.63933],[-73.74856,40.63542],[-73.76309,40.62967],[-73.76453,40.62923],[-73.76501,40.62942],[-73.76475,40.62917],[-73.7665,40.62826],[-73.76861,40.62474],[-73.76867,40.62274],[-73.76972,40.62177],[-73.77019,40.6198],[-73.77166,40.62042],[-73.77081,40.62296],[-73.77086,40.62334],[-73.77173,40.62359],[-73.77518,40.61927],[-73.77174,40.62361],[-73.77324,40.625],[-73.77381,40.62493],[-73.7735,40.62515],[-73.77408,40.62579],[-73.77654,40.62766],[-73.77947,40.62732],[-73.7842,40.6209],[-73.78522,40.62007],[-73.78516,40.61866],[-73.78436,40.61777],[-73.78446,40.61704],[-73.78323,40.61559],[-73.78249,40.61558],[-73.7808,40.6146],[-73.78071,40.61404],[-73.78115,40.61401],[-73.78088,40.61365],[-73.78355,40.61193],[-73.78498,40.61194],[-73.78578,40.611],[-73.78866,40.6101],[-73.78902,40.60923],[-73.78996,40.60899],[-73.79088,40.6077],[-73.7914,40.60762],[-73.79117,40.60848],[-73.79365,40.60899],[-73.79481,40.61039],[-73.79899,40.61149],[-73.79917,40.61203],[-73.80026,40.61161],[-73.8008,40.61194],[-73.80024,40.61209],[-73.79994,40.61315],[-73.79932,40.61337],[-73.79969,40.61379],[-73.79904,40.61556],[-73.79816,40.61572],[-73.79806,40.61634],[-73.79728,40.61667],[-73.79724,40.6176],[-73.79678,40.61771],[-73.79701,40.61839],[-73.79636,40.61846],[-73.79619,40.61962],[-73.79502,40.6213],[-73.79524,40.62161],[-73.79447,40.62179],[-73.79458,40.62253],[-73.79076,40.62234],[-73.78916,40.62301],[-73.78536,40.62671],[-73.78488,40.62664],[-73.78363,40.62815],[-73.78329,40.62896],[-73.78349,40.63017],[-73.78435,40.63138],[-73.78691,40.63227],[-73.7895,40.63428],[-73.79077,40.63386],[-73.79079,40.63429],[-73.79812,40.63105],[-73.79828,40.63126],[-73.79081,40.63432],[-73.79131,40.63441],[-73.79123,40.63487],[-73.79222,40.6359],[-73.79475,40.63664],[-73.79726,40.63802],[-73.79924,40.63843],[-73.81203,40.64431],[-73.8183,40.64628],[-73.82123,40.64898],[-73.82215,40.65014],[-73.82347,40.65532],[-73.82247,40.65917],[-73.82154,40.65998],[-73.82175,40.66013],[-73.8187,40.66111],[-73.81262,40.66017],[-73.8115,40.66023],[-73.8113,40.66064],[-73.81867,40.66214],[-73.82348,40.66007],[-73.82493,40.65545],[-73.82311,40.64801],[-73.82396,40.6492],[-73.82534,40.64967],[-73.82589,40.64949],[-73.82615,40.65009],[-73.82622,40.64837],[-73.82846,40.64913],[-73.8296,40.64984],[-73.83001,40.65091],[-73.83094,40.65163],[-73.83161,40.65376],[-73.82902,40.65612],[-73.83044,40.65553],[-73.8306,40.65482],[-73.83171,40.65394],[-73.83222,40.65447],[-73.83149,40.65499],[-73.83116,40.65593],[-73.83003,40.65658],[-73.82938,40.65651],[-73.82897,40.65721],[-73.82918,40.65781],[-73.83013,40.65841],[-73.8296,40.65867],[-73.83016,40.65981],[-73.8297,40.65866],[-73.83025,40.65836],[-73.8291,40.65734],[-73.8295,40.65666],[-73.83009,40.65674],[-73.83127,40.65601],[-73.83185,40.65489],[-73.83218,40.6549],[-73.8329,40.65749],[-73.83195,40.65618],[-73.8326,40.65783],[-73.83113,40.65833],[-73.83339,40.65806],[-73.8308,40.64898],[-73.83149,40.6479],[-73.83454,40.64803],[-73.83557,40.64844],[-73.83597,40.64936],[-73.83893,40.66128],[-73.83808,40.6616],[-73.83814,40.66208],[-73.83872,40.66242],[-73.8397,40.66225],[-73.83998,40.66191],[-73.83592,40.64551],[-73.8458,40.64411],[-73.84951,40.64414],[-73.85227,40.64649],[-73.85242,40.6474],[-73.8519,40.64865],[-73.85157,40.64912],[-73.85091,40.64918],[-73.85058,40.65036],[-73.84926,40.65104],[-73.84943,40.65147],[-73.8509,40.65151],[-73.85251,40.65056],[-73.85592,40.65132],[-73.85671,40.65281],[-73.85828,40.653],[-73.85933,40.65495],[-73.86137,40.65642],[-73.85984,40.65699],[-73.85964,40.65847],[-73.86023,40.65891],[-73.86098,40.65839],[-73.86061,40.65933],[-73.86125,40.65873],[-73.86096,40.65807],[-73.85977,40.65829],[-73.86058,40.65784],[-73.86034,40.65726],[-73.86088,40.65692],[-73.86162,40.657],[-73.8617,40.65803],[-73.8627,40.65763],[-73.86317,40.65828],[-73.86031,40.65964],[-73.85762,40.66013],[-73.85843,40.66346],[-73.85569,40.66388],[-73.85729,40.67033],[-73.85113,40.67109],[-73.85097,40.67173],[-73.85284,40.67229],[-73.85185,40.6725],[-73.85225,40.67404],[-73.8513,40.67417],[-73.85147,40.67507],[-73.85045,40.67481],[-73.85154,40.67776],[-73.85064,40.67788],[-73.8516,40.67984],[-73.85066,40.6799],[-73.85198,40.68257],[-73.84942,40.6833],[-73.85025,40.68499],[-73.84937,40.68524],[-73.85053,40.6876],[-73.84898,40.68804],[-73.84938,40.68852],[-73.84868,40.68888],[-73.84823,40.689],[-73.84789,40.68834],[-73.84587,40.68891],[-73.84624,40.6897],[-73.84743,40.68938],[-73.84769,40.6899],[-73.84651,40.69023],[-73.84749,40.69223],[-73.84836,40.69196],[-73.84956,40.69443],[-73.84913,40.69451],[-73.84959,40.69657],[-73.85155,40.69632],[-73.85184,40.69769],[-73.85275,40.69757],[-73.85283,40.69842],[-73.85514,40.70127],[-73.85529,40.7026],[-73.85998,40.70312],[-73.85915,40.70349],[-73.85962,40.70408],[-73.85743,40.70504],[-73.85823,40.7056],[-73.85594,40.7064],[-73.85668,40.7077],[-73.85276,40.70741],[-73.84915,40.70843],[-73.84491,40.70857],[-73.83672,40.71148],[-73.83256,40.7138],[-73.83315,40.71444],[-73.83223,40.71513],[-73.83098,40.71432],[-73.82558,40.71577],[-73.82395,40.71287],[-73.82071,40.70991],[-73.81943,40.70923],[-73.81918,40.71025],[-73.81668,40.70881],[-73.81243,40.7091],[-73.81201,40.70595],[-73.80935,40.70669],[-73.80998,40.70808],[-73.80484,40.70935],[-73.80425,40.7104],[-73.80243,40.71205],[-73.80259,40.71255],[-73.80124,40.71251],[-73.79902,40.71352],[-73.79831,40.71288],[-73.79561,40.71381],[-73.79476,40.71208],[-73.7939,40.71238],[-73.79583,40.71627],[-73.79495,40.71653],[-73.79462,40.71586],[-73.79374,40.71611],[-73.79315,40.71494],[-73.79187,40.7138],[-73.79167,40.71463],[-73.78997,40.71594],[-73.78962,40.71701],[-73.78855,40.71727],[-73.79144,40.71895],[-73.79805,40.71742],[-73.79901,40.72017],[-73.79723,40.72062],[-73.79847,40.72354],[-73.78116,40.72922],[-73.78034,40.72745],[-73.77941,40.7277],[-73.78025,40.72947],[-73.77758,40.7302],[-73.77673,40.72844]]]]}},{"type":"Feature","properties":{"id":6},"geometry":{"type":"Polygon","coordinates":[[[-73.75671,40.72619],[-73.75994,40.72573],[-73.76617,40.72642],[-73.7714,40.72536],[-73.77606,40.72336],[-73.77788,40.72304],[-73.77804,40.72329],[-73.77524,40.72525],[-73.77758,40.7302],[-73.78025,40.72947],[-73.77941,40.7277],[-73.78034,40.72745],[-73.78116,40.72922],[-73.79847,40.72354],[-73.79723,40.72062],[-73.79901,40.72017],[-73.79805,40.71742],[-73.79151,40.71895],[-73.7909,40.71888],[-73.79126,40.71868],[-73.79087,40.71837],[-73.78922,40.71794],[-73.78855,40.71727],[-73.78962,40.71701],[-73.78997,40.71594],[-73.79167,40.71463],[-73.79187,40.7138],[-73.79315,40.71494],[-73.79374,40.71611],[-73.79462,40.71586],[-73.79495,40.71653],[-73.79583,40.71627],[-73.7939,40.71238],[-73.79476,40.71208],[-73.79561,40.71381],[-73.79831,40.71288],[-73.79902,40.71352],[-73.80124,40.71251],[-73.80259,40.71255],[-73.80243,40.71205],[-73.80425,40.7104],[-73.80484,40.70935],[-73.80998,40.70808],[-73.80935,40.70669],[-73.81201,40.70595],[-73.81243,40.7091],[-73.81684,40.70883],[-73.81918,40.71025],[-73.81943,40.70923],[-73.82071,40.70991],[-73.82382,40.71272],[-73.82558,40.71577],[-73.83098,40.71432],[-73.83223,40.71513],[-73.83315,40.71444],[-73.83256,40.7138],[-73.83672,40.71148],[-73.84491,40.70857],[-73.84915,40.70843],[-73.85276,40.70741],[-73.85553,40.70779],[-73.8622,40.70729],[-73.86501,40.71079],[-73.86208,40.71221],[-73.86964,40.71331],[-73.87359,40.71324],[-73.87349,40.71183],[-73.87539,40.71172],[-73.87543,40.71242],[-73.87922,40.71203],[-73.88003,40.71366],[-73.88426,40.71331],[-73.88435,40.71224],[-73.88508,40.71217],[-73.90538,40.71288],[-73.90574,40.71452],[-73.90749,40.71532],[-73.9087,40.71647],[-73.91385,40.72291],[-73.91257,40.72325],[-73.90518,40.72896],[-73.90108,40.73392],[-73.90084,40.73847],[-73.90181,40.73857],[-73.9008,40.73917],[-73.90366,40.73815],[-73.90326,40.73989],[-73.9038,40.73991],[-73.90323,40.74118],[-73.91295,40.74232],[-73.9128,40.74268],[-73.91588,40.74301],[-73.91523,40.74625],[-73.91337,40.74604],[-73.91281,40.74883],[-73.91164,40.74869],[-73.91193,40.748],[-73.90992,40.74777],[-73.90955,40.7474],[-73.9089,40.74884],[-73.90802,40.7486],[-73.9076,40.74954],[-73.90832,40.75013],[-73.90751,40.74977],[-73.907,40.75086],[-73.90611,40.75063],[-73.90525,40.75257],[-73.90608,40.75292],[-73.90513,40.75472],[-73.9053,40.75564],[-73.90619,40.75554],[-73.90647,40.75709],[-73.89626,40.75817],[-73.89598,40.75662],[-73.89505,40.75672],[-73.89361,40.74878],[-73.88898,40.74927],[-73.88868,40.74714],[-73.87237,40.74886],[-73.8716,40.74533],[-73.86963,40.74592],[-73.86929,40.74525],[-73.8637,40.74691],[-73.8631,40.74764],[-73.86253,40.74654],[-73.85087,40.75],[-73.8545,40.75829],[-73.85281,40.75755],[-73.85106,40.75787],[-73.8479,40.75914],[-73.8437,40.76207],[-73.84195,40.76268],[-73.83963,40.7626],[-73.84002,40.76424],[-73.83821,40.76766],[-73.83627,40.76962],[-73.83022,40.77377],[-73.82624,40.7799],[-73.82567,40.77974],[-73.82602,40.7791],[-73.82489,40.77872],[-73.82148,40.77832],[-73.82187,40.77236],[-73.81735,40.77236],[-73.81732,40.7703],[-73.81573,40.77026],[-73.81558,40.76897],[-73.81047,40.76856],[-73.81082,40.76604],[-73.80704,40.76574],[-73.80734,40.76351],[-73.80421,40.76246],[-73.80288,40.76146],[-73.80307,40.76013],[-73.80084,40.75998],[-73.80119,40.76019],[-73.80101,40.76146],[-73.79344,40.76119],[-73.77897,40.76239],[-73.78001,40.76428],[-73.78067,40.76663],[-73.78029,40.76589],[-73.77418,40.76777],[-73.77192,40.76352],[-73.77097,40.76361],[-73.77077,40.7632],[-73.75863,40.76439],[-73.75716,40.76236],[-73.75812,40.76206],[-73.75738,40.76114],[-73.75128,40.75968],[-73.74847,40.75808],[-73.74252,40.75135],[-73.73504,40.74553],[-73.73436,40.74364],[-73.73913,40.74003],[-73.74236,40.73615],[-73.75005,40.72968],[-73.75249,40.72786],[-73.75671,40.72619]]]}},{"type":"Feature","properties":{"id":9},"geometry":{"type":"Polygon","coordinates":[[[-73.97651,40.59662],[-73.97783,40.60359],[-73.97983,40.60338],[-73.98017,40.60519],[-73.98307,40.60551],[-73.98348,40.60767],[-73.98163,40.60787],[-73.98266,40.6127],[-73.98216,40.61316],[-73.98249,40.61443],[-73.98807,40.61786],[-73.98714,40.61875],[-73.99155,40.6214],[-73.99126,40.62168],[-73.99591,40.62451],[-73.9965,40.62393],[-73.99749,40.62453],[-73.99612,40.62924],[-73.99516,40.62866],[-73.99225,40.63146],[-73.99005,40.63013],[-73.9848,40.63517],[-73.987,40.6365],[-73.98292,40.64042],[-73.98329,40.64123],[-73.98123,40.64205],[-73.98189,40.64303],[-73.98063,40.64352],[-73.98133,40.64719],[-73.97466,40.64777],[-73.97284,40.64873],[-73.97156,40.64883],[-73.9714,40.64827],[-73.96526,40.65065],[-73.96466,40.6509],[-73.96621,40.6532],[-73.96188,40.65489],[-73.96308,40.66214],[-73.96239,40.6631],[-73.9692,40.6728],[-73.96749,40.67287],[-73.96257,40.67163],[-73.96314,40.67458],[-73.96661,40.67531],[-73.9663,40.67619],[-73.96333,40.67557],[-73.96407,40.67939],[-73.95548,40.67758],[-73.95531,40.67928],[-73.9497,40.67837],[-73.92478,40.67717],[-73.92539,40.67477],[-73.925,40.67474],[-73.92508,40.67385],[-73.91677,40.6734],[-73.91696,40.67072],[-73.92263,40.66838],[-73.92275,40.66711],[-73.92005,40.66828],[-73.9187,40.6627],[-73.91963,40.66256],[-73.9196,40.662],[-73.90856,40.6521],[-73.91325,40.64907],[-73.91176,40.64723],[-73.9084,40.6494],[-73.9066,40.64776],[-73.91112,40.64486],[-73.91472,40.64317],[-73.9157,40.64405],[-73.91758,40.64284],[-73.91795,40.64317],[-73.91966,40.64209],[-73.91824,40.62878],[-73.92019,40.62865],[-73.91994,40.62632],[-73.92761,40.62583],[-73.92737,40.62357],[-73.93028,40.62339],[-73.93005,40.62119],[-73.93102,40.62112],[-73.9306,40.61693],[-73.93173,40.61794],[-73.94116,40.61183],[-73.93935,40.6102],[-73.94231,40.60828],[-73.94177,40.60519],[-73.94562,40.60477],[-73.94517,40.60238],[-73.95398,40.60141],[-73.95443,40.6038],[-73.95728,40.60348],[-73.95683,40.6011],[-73.96591,40.60009],[-73.96549,40.59784],[-73.97651,40.59662]]]}},{"type":"Feature","properties":{"id":7},"geometry":{"type":"MultiPolygon","coordinates":[[[[-73.97893,40.70594],[-73.97906,40.70595],[-73.97906,40.70596],[-73.97893,40.70594]]],[[[-73.93615,40.76385],[-73.93542,40.76351],[-73.93419,40.76546],[-73.93087,40.76388],[-73.93134,40.76328],[-73.92944,40.76239],[-73.93055,40.76123],[-73.92486,40.75856],[-73.9261,40.75701],[-73.9253,40.75664],[-73.92406,40.75818],[-73.92087,40.75669],[-73.919,40.75898],[-73.91581,40.75748],[-73.9139,40.75983],[-73.91149,40.7587],[-73.90939,40.76127],[-73.90632,40.75985],[-73.90749,40.75771],[-73.90737,40.757],[-73.90647,40.75709],[-73.90619,40.75554],[-73.9053,40.75564],[-73.90513,40.75472],[-73.90608,40.75292],[-73.90525,40.75257],[-73.90611,40.75063],[-73.907,40.75086],[-73.90751,40.74977],[-73.90832,40.75013],[-73.9076,40.74954],[-73.90802,40.7486],[-73.9089,40.74884],[-73.90955,40.7474],[-73.90992,40.74777],[-73.91193,40.748],[-73.91164,40.74869],[-73.91281,40.74883],[-73.91337,40.74604],[-73.91523,40.74625],[-73.91588,40.74301],[-73.9128,40.74268],[-73.91295,40.74232],[-73.90323,40.74118],[-73.9038,40.73991],[-73.90326,40.73989],[-73.90366,40.73815],[-73.9008,40.73917],[-73.90181,40.73857],[-73.90084,40.73847],[-73.90108,40.73392],[-73.90518,40.72896],[-73.91257,40.72325],[-73.91385,40.72291],[-73.9087,40.71647],[-73.90749,40.71532],[-73.90574,40.71452],[-73.90538,40.71288],[-73.88508,40.71217],[-73.88435,40.71224],[-73.88426,40.71331],[-73.88003,40.71366],[-73.87922,40.71203],[-73.87543,40.71242],[-73.87539,40.71172],[-73.87349,40.71183],[-73.87359,40.71324],[-73.86964,40.71331],[-73.86208,40.71221],[-73.86501,40.71079],[-73.8622,40.70729],[-73.85668,40.7077],[-73.85594,40.7064],[-73.85823,40.7056],[-73.85743,40.70504],[-73.85962,40.70408],[-73.85915,40.70349],[-73.85998,40.70312],[-73.85529,40.7026],[-73.85514,40.70127],[-73.85283,40.69842],[-73.85275,40.69757],[-73.85184,40.69769],[-73.85155,40.69632],[-73.84959,40.69657],[-73.84913,40.69451],[-73.84956,40.69443],[-73.84836,40.69196],[-73.84749,40.69223],[-73.84651,40.69023],[-73.84769,40.6899],[-73.84743,40.68938],[-73.84624,40.6897],[-73.84587,40.68891],[-73.84789,40.68834],[-73.84823,40.689],[-73.84868,40.68888],[-73.84938,40.68852],[-73.84898,40.68804],[-73.85053,40.6876],[-73.84937,40.68524],[-73.85025,40.68499],[-73.84942,40.6833],[-73.85198,40.68257],[-73.85066,40.6799],[-73.8516,40.67984],[-73.85064,40.67788],[-73.85154,40.67776],[-73.85045,40.67481],[-73.85147,40.67507],[-73.8513,40.67417],[-73.85225,40.67404],[-73.85185,40.6725],[-73.85284,40.67229],[-73.85097,40.67173],[-73.85113,40.67109],[-73.85729,40.67033],[-73.85763,40.67166],[-73.86039,40.67126],[-73.86107,40.67403],[-73.8631,40.67466],[-73.86299,40.67408],[-73.87037,40.67302],[-73.87148,40.67751],[-73.87267,40.67791],[-73.90023,40.67386],[-73.90084,40.67637],[-73.90005,40.6769],[-73.93818,40.69865],[-73.93779,40.6967],[-73.95431,40.6948],[-73.95357,40.69113],[-73.96808,40.68946],[-73.9761,40.68974],[-73.97559,40.68709],[-73.97936,40.68669],[-73.97984,40.68735],[-73.9814,40.68795],[-73.98084,40.68887],[-73.98206,40.69132],[-73.98179,40.69203],[-73.99097,40.69256],[-73.99045,40.69373],[-73.99074,40.69504],[-73.99009,40.69508],[-73.98975,40.70041],[-73.99026,40.70076],[-73.9868,40.70064],[-73.98675,40.70153],[-73.98085,40.7013],[-73.98091,40.70187],[-73.98003,40.70215],[-73.98028,40.70305],[-73.97912,40.70554],[-73.97887,40.70588],[-73.97893,40.7055],[-73.97864,40.70584],[-73.9787,40.70546],[-73.97847,40.70557],[-73.9784,40.70599],[-73.97885,40.70607],[-73.97835,40.70601],[-73.97859,40.70499],[-73.97802,40.7043],[-73.97721,40.70422],[-73.97751,40.70321],[-73.97714,40.70301],[-73.97624,40.70478],[-73.97596,40.70472],[-73.97693,40.70281],[-73.97616,40.70218],[-73.97533,40.70296],[-73.97601,40.70195],[-73.97455,40.7016],[-73.97572,40.69958],[-73.97536,40.69959],[-73.97412,40.70131],[-73.97239,40.70017],[-73.97376,40.70154],[-73.97319,40.70168],[-73.97114,40.69993],[-73.97078,40.69999],[-73.97333,40.70242],[-73.97284,40.70274],[-73.96983,40.70025],[-73.96949,40.70053],[-73.97284,40.70335],[-73.96925,40.70137],[-73.96899,40.70176],[-73.97231,40.70385],[-73.9711,40.70347],[-73.97102,40.70382],[-73.97466,40.70608],[-73.97439,40.70633],[-73.97339,40.70574],[-73.97255,40.70621],[-73.97463,40.70769],[-73.97424,40.70803],[-73.9711,40.70586],[-73.97106,40.70695],[-73.97276,40.70884],[-73.97232,40.70909],[-73.97026,40.7069],[-73.97049,40.70541],[-73.97018,40.70494],[-73.96752,40.70345],[-73.96748,40.70396],[-73.9693,40.7051],[-73.96929,40.7071],[-73.96985,40.70801],[-73.96994,40.70931],[-73.96961,40.71028],[-73.97007,40.71046],[-73.96938,40.71103],[-73.96991,40.71128],[-73.96924,40.71125],[-73.96844,40.71295],[-73.96885,40.71322],[-73.96725,40.71699],[-73.96512,40.71924],[-73.96528,40.72013],[-73.96503,40.72039],[-73.96448,40.72004],[-73.96276,40.72241],[-73.96166,40.72487],[-73.96212,40.72516],[-73.96117,40.72527],[-73.95804,40.72444],[-73.95795,40.72504],[-73.95843,40.72541],[-73.96013,40.72533],[-73.96029,40.72596],[-73.96162,40.72587],[-73.96102,40.72871],[-73.96233,40.73376],[-73.96191,40.73476],[-73.95983,40.73707],[-73.95693,40.7389],[-73.95292,40.73894],[-73.94652,40.73694],[-73.9472,40.73536],[-73.94707,40.73441],[-73.9466,40.73445],[-73.94674,40.73529],[-73.94557,40.73662],[-73.945,40.73644],[-73.94519,40.73549],[-73.94452,40.73629],[-73.94321,40.7358],[-73.94155,40.73474],[-73.93981,40.73116],[-73.9381,40.72974],[-73.93493,40.72855],[-73.92958,40.72762],[-73.9285,40.72662],[-73.92787,40.72586],[-73.9278,40.72493],[-73.92562,40.72007],[-73.92482,40.72027],[-73.92454,40.71935],[-73.92493,40.71841],[-73.92888,40.71773],[-73.92971,40.71706],[-73.92947,40.71573],[-73.93223,40.71494],[-73.93143,40.71439],[-73.93124,40.71373],[-73.93265,40.71305],[-73.93203,40.7116],[-73.93339,40.71124],[-73.93328,40.71099],[-73.9319,40.71135],[-73.9305,40.70869],[-73.93025,40.70894],[-73.93155,40.71186],[-73.93078,40.71217],[-73.93161,40.71205],[-73.93184,40.71264],[-73.93042,40.71318],[-73.93105,40.71462],[-73.93085,40.71491],[-73.92844,40.71554],[-73.92871,40.71686],[-73.92477,40.71795],[-73.92422,40.71776],[-73.92306,40.71635],[-73.92489,40.71528],[-73.92434,40.71413],[-73.92368,40.71409],[-73.92412,40.71515],[-73.92353,40.71562],[-73.92233,40.71608],[-73.92064,40.71578],[-73.92058,40.71604],[-73.92224,40.71639],[-73.92347,40.71814],[-73.92394,40.71907],[-73.92425,40.72144],[-73.9252,40.72245],[-73.92442,40.7236],[-73.92214,40.72372],[-73.92073,40.72332],[-73.92037,40.72369],[-73.9249,40.72451],[-73.92924,40.72827],[-73.93453,40.72911],[-73.93805,40.73052],[-73.93911,40.73139],[-73.94007,40.73377],[-73.94163,40.73585],[-73.94594,40.73751],[-73.94146,40.73926],[-73.93859,40.74294],[-73.94002,40.74322],[-73.94015,40.74284],[-73.93965,40.74274],[-73.94119,40.7403],[-73.94271,40.73912],[-73.94715,40.73791],[-73.9538,40.73983],[-73.95742,40.73956],[-73.96073,40.73809],[-73.96217,40.73828],[-73.96261,40.7388],[-73.96221,40.74001],[-73.96125,40.74043],[-73.96194,40.7408],[-73.96122,40.74112],[-73.96108,40.7417],[-73.96137,40.74185],[-73.96111,40.74184],[-73.96155,40.742],[-73.96119,40.74265],[-73.96054,40.74347],[-73.95978,40.74351],[-73.95971,40.74387],[-73.96057,40.74404],[-73.95963,40.74394],[-73.95939,40.74429],[-73.96013,40.74445],[-73.95878,40.74456],[-73.95944,40.74461],[-73.95876,40.74495],[-73.95967,40.74518],[-73.9585,40.745],[-73.95934,40.74552],[-73.9585,40.74577],[-73.95915,40.74601],[-73.95704,40.74893],[-73.95319,40.74774],[-73.95306,40.7481],[-73.95632,40.74909],[-73.95622,40.74953],[-73.95576,40.7496],[-73.9562,40.74969],[-73.95547,40.74968],[-73.95535,40.75002],[-73.95507,40.74964],[-73.9545,40.75123],[-73.95132,40.75459],[-73.94131,40.76693],[-73.94046,40.76754],[-73.93859,40.76683],[-73.9397,40.76642],[-73.94027,40.76554],[-73.93615,40.76385]]]]}},{"type":"Feature","properties":{"id":3},"geometry":{"type":"MultiPolygon","coordinates":[[[[-73.74462,40.77896],[-73.74429,40.77876],[-73.74481,40.77857],[-73.74506,40.77915],[-73.74462,40.77896]]],[[[-73.74673,40.78031],[-73.74559,40.77959],[-73.74682,40.77938],[-73.74725,40.78008],[-73.74673,40.78031]]],[[[-73.8205,40.80102],[-73.82041,40.80065],[-73.81922,40.8006],[-73.81721,40.79922],[-73.81657,40.79942],[-73.81682,40.79911],[-73.81646,40.79935],[-73.81668,40.79907],[-73.81612,40.79862],[-73.81578,40.79903],[-73.81608,40.79858],[-73.81368,40.79755],[-73.8137,40.79709],[-73.81335,40.79768],[-73.8135,40.79695],[-73.81288,40.79719],[-73.81224,40.79813],[-73.81179,40.79803],[-73.81161,40.79738],[-73.80636,40.7964],[-73.80623,40.79683],[-73.80633,40.7964],[-73.8054,40.79618],[-73.80532,40.79651],[-73.80534,40.79617],[-73.80435,40.79622],[-73.80427,40.79665],[-73.80417,40.79624],[-73.80412,40.79669],[-73.80414,40.79624],[-73.80396,40.79666],[-73.80388,40.79632],[-73.80343,40.79692],[-73.80347,40.79648],[-73.80321,40.79708],[-73.80326,40.79671],[-73.80258,40.7963],[-73.80013,40.79646],[-73.7979,40.79557],[-73.79758,40.79598],[-73.79787,40.79556],[-73.79674,40.79522],[-73.79649,40.79565],[-73.7965,40.79513],[-73.7946,40.79495],[-73.79432,40.79359],[-73.79495,40.79176],[-73.79375,40.78907],[-73.79338,40.78959],[-73.79362,40.789],[-73.79281,40.78879],[-73.79028,40.79033],[-73.78568,40.79035],[-73.78318,40.79087],[-73.78252,40.79136],[-73.78434,40.79176],[-73.78175,40.79114],[-73.78108,40.79169],[-73.78078,40.793],[-73.78166,40.79349],[-73.78073,40.79334],[-73.78079,40.79404],[-73.78191,40.79491],[-73.78322,40.79497],[-73.782,40.79498],[-73.78154,40.79567],[-73.77936,40.79669],[-73.77752,40.79665],[-73.77618,40.7961],[-73.77402,40.79405],[-73.77363,40.79276],[-73.77236,40.79155],[-73.77213,40.79019],[-73.77063,40.78847],[-73.77174,40.78747],[-73.77427,40.78676],[-73.77423,40.78707],[-73.77634,40.7885],[-73.77427,40.78666],[-73.77408,40.78593],[-73.7682,40.77945],[-73.76703,40.78009],[-73.76678,40.77982],[-73.76816,40.77941],[-73.76709,40.77685],[-73.76511,40.77381],[-73.75894,40.76834],[-73.75864,40.76737],[-73.75787,40.76695],[-73.75739,40.76717],[-73.75651,40.76635],[-73.75494,40.7661],[-73.75219,40.76384],[-73.75108,40.76177],[-73.74861,40.76094],[-73.74656,40.75935],[-73.7462,40.75771],[-73.74578,40.75786],[-73.74454,40.75664],[-73.74631,40.75806],[-73.74606,40.75877],[-73.74636,40.7593],[-73.7475,40.75998],[-73.74887,40.76168],[-73.74918,40.76139],[-73.75004,40.76158],[-73.75111,40.76241],[-73.7517,40.76366],[-73.75305,40.76483],[-73.75507,40.76754],[-73.7544,40.76876],[-73.75472,40.7688],[-73.75471,40.76975],[-73.75557,40.77154],[-73.75438,40.77205],[-73.75337,40.77322],[-73.75519,40.77651],[-73.75481,40.77763],[-73.75552,40.77771],[-73.7547,40.77774],[-73.75403,40.77961],[-73.75232,40.78201],[-73.75062,40.78261],[-73.74825,40.78077],[-73.74736,40.77939],[-73.74778,40.77912],[-73.7468,40.77904],[-73.74535,40.77716],[-73.74611,40.77846],[-73.74601,40.77888],[-73.74529,40.77887],[-73.74462,40.77793],[-73.74524,40.77741],[-73.74502,40.77661],[-73.74508,40.77746],[-73.74443,40.77746],[-73.74404,40.7786],[-73.73938,40.77602],[-73.70163,40.7525],[-73.70002,40.73924],[-73.70766,40.72784],[-73.71693,40.72639],[-73.72567,40.72405],[-73.73005,40.72233],[-73.73315,40.71959],[-73.7352,40.71854],[-73.73984,40.71732],[-73.74196,40.72036],[-73.74282,40.72004],[-73.74433,40.72145],[-73.74357,40.72188],[-73.74475,40.72299],[-73.74839,40.72103],[-73.74803,40.72041],[-73.74888,40.72015],[-73.74913,40.7206],[-73.74991,40.72005],[-73.75346,40.72294],[-73.75263,40.72352],[-73.75409,40.7247],[-73.75497,40.72417],[-73.75525,40.72479],[-73.75664,40.72549],[-73.75671,40.72619],[-73.75249,40.72786],[-73.74306,40.73549],[-73.73913,40.74003],[-73.73436,40.74364],[-73.73504,40.74553],[-73.74252,40.75135],[-73.749,40.75849],[-73.75165,40.7598],[-73.75757,40.76127],[-73.75812,40.76206],[-73.75716,40.76236],[-73.75863,40.76439],[-73.77077,40.7632],[-73.77097,40.76361],[-73.77192,40.76352],[-73.77418,40.76777],[-73.78029,40.76589],[-73.78067,40.76663],[-73.78001,40.76428],[-73.77897,40.76239],[-73.79344,40.76119],[-73.80101,40.76146],[-73.80119,40.76019],[-73.80084,40.75998],[-73.80307,40.76013],[-73.80288,40.76146],[-73.80421,40.76246],[-73.80734,40.76351],[-73.80704,40.76574],[-73.81082,40.76604],[-73.81047,40.76856],[-73.81558,40.76897],[-73.81573,40.77026],[-73.81732,40.7703],[-73.81735,40.77236],[-73.82187,40.77236],[-73.82148,40.77832],[-73.82382,40.77837],[-73.82602,40.7791],[-73.82567,40.77974],[-73.82624,40.7799],[-73.82502,40.78249],[-73.82325,40.79054],[-73.82369,40.79273],[-73.82569,40.79563],[-73.82297,40.79622],[-73.82423,40.7987],[-73.82386,40.79816],[-73.82343,40.79841],[-73.82372,40.79891],[-73.82326,40.79848],[-73.82331,40.79897],[-73.823,40.79865],[-73.82261,40.7989],[-73.82268,40.79949],[-73.82239,40.79912],[-73.82043,40.80064],[-73.8205,40.80102]]]]}},{"type":"Feature","properties":{"id":14},"geometry":{"type":"MultiPolygon","coordinates":[[[[-73.90647,40.79019],[-73.90033,40.78902],[-73.89593,40.78566],[-73.89583,40.78523],[-73.89876,40.78276],[-73.90115,40.78272],[-73.90218,40.78179],[-73.90258,40.7803],[-73.90218,40.78037],[-73.90204,40.78121],[-73.90129,40.78187],[-73.90035,40.78217],[-73.89866,40.782],[-73.89438,40.78425],[-73.89607,40.78317],[-73.89478,40.78226],[-73.89536,40.78167],[-73.8946,40.78226],[-73.89535,40.78159],[-73.89417,40.78248],[-73.89306,40.78186],[-73.89231,40.78247],[-73.89275,40.78297],[-73.89166,40.7822],[-73.89224,40.78242],[-73.89301,40.78181],[-73.89167,40.78086],[-73.89254,40.77956],[-73.89167,40.7795],[-73.8912,40.77857],[-73.89252,40.77741],[-73.89142,40.77635],[-73.89183,40.77489],[-73.89112,40.77713],[-73.89009,40.77779],[-73.88947,40.77554],[-73.89019,40.77366],[-73.88946,40.77354],[-73.88581,40.77403],[-73.88567,40.77444],[-73.88579,40.77403],[-73.88392,40.77414],[-73.88455,40.77437],[-73.88484,40.77496],[-73.88429,40.77549],[-73.88541,40.77967],[-73.88385,40.78027],[-73.87961,40.78086],[-73.87871,40.78059],[-73.87931,40.78186],[-73.87886,40.78241],[-73.8797,40.78289],[-73.87883,40.78244],[-73.87834,40.78303],[-73.87516,40.78152],[-73.87125,40.78605],[-73.86978,40.78535],[-73.8681,40.78747],[-73.86987,40.78509],[-73.86944,40.78365],[-73.8685,40.78368],[-73.86942,40.7836],[-73.87048,40.78231],[-73.87146,40.78213],[-73.87232,40.78111],[-73.87022,40.78126],[-73.87256,40.78083],[-73.85505,40.7722],[-73.85646,40.77028],[-73.85788,40.77067],[-73.85804,40.77021],[-73.85735,40.77019],[-73.85625,40.76889],[-73.85705,40.76915],[-73.85938,40.76708],[-73.86086,40.76694],[-73.8611,40.76728],[-73.86132,40.76695],[-73.86276,40.76677],[-73.85941,40.76249],[-73.85892,40.76213],[-73.85865,40.76252],[-73.85889,40.76214],[-73.85862,40.76194],[-73.85766,40.76309],[-73.8585,40.76338],[-73.85764,40.76311],[-73.85696,40.76408],[-73.85668,40.76394],[-73.85758,40.76308],[-73.85659,40.76273],[-73.85678,40.76252],[-73.85761,40.76306],[-73.85818,40.7624],[-73.85661,40.76166],[-73.8582,40.76238],[-73.85859,40.76193],[-73.85467,40.76018],[-73.85298,40.76023],[-73.85159,40.75936],[-73.85069,40.75946],[-73.8493,40.76025],[-73.84988,40.76111],[-73.85207,40.7604],[-73.84981,40.76128],[-73.84917,40.7603],[-73.84859,40.76019],[-73.8436,40.76338],[-73.84369,40.76362],[-73.84307,40.7636],[-73.84273,40.76464],[-73.84053,40.7654],[-73.83958,40.76526],[-73.83913,40.766],[-73.84002,40.76424],[-73.83963,40.7626],[-73.84195,40.76268],[-73.8437,40.76207],[-73.8479,40.75914],[-73.85125,40.75782],[-73.85284,40.75755],[-73.8545,40.75829],[-73.85087,40.75],[-73.86253,40.74654],[-73.8631,40.74764],[-73.8637,40.74691],[-73.86929,40.74525],[-73.86963,40.74592],[-73.8716,40.74533],[-73.87237,40.74886],[-73.88868,40.74714],[-73.88898,40.74927],[-73.89361,40.74878],[-73.89505,40.75672],[-73.89598,40.75662],[-73.89626,40.75817],[-73.90737,40.757],[-73.90749,40.75812],[-73.90632,40.75985],[-73.90939,40.76127],[-73.91149,40.7587],[-73.9139,40.75983],[-73.91581,40.75748],[-73.919,40.75898],[-73.92087,40.75669],[-73.92406,40.75818],[-73.9253,40.75664],[-73.9261,40.75701],[-73.92486,40.75856],[-73.93055,40.76123],[-73.92944,40.76239],[-73.93134,40.76328],[-73.93087,40.76388],[-73.93419,40.76546],[-73.93542,40.76351],[-73.94027,40.76554],[-73.9397,40.76642],[-73.93859,40.76683],[-73.94035,40.76766],[-73.93937,40.76817],[-73.93896,40.76797],[-73.93796,40.76879],[-73.93682,40.76891],[-73.93641,40.76948],[-73.93574,40.76938],[-73.9347,40.77043],[-73.93515,40.77055],[-73.93501,40.77117],[-73.93444,40.77147],[-73.93747,40.77254],[-73.93786,40.7741],[-73.93766,40.77509],[-73.93638,40.77693],[-73.93474,40.77808],[-73.93179,40.77788],[-73.92988,40.77623],[-73.92861,40.7766],[-73.92632,40.77825],[-73.92487,40.77863],[-73.91909,40.78338],[-73.91717,40.7842],[-73.91683,40.7852],[-73.91526,40.7862],[-73.91559,40.78644],[-73.9126,40.78938],[-73.91267,40.78901],[-73.91184,40.78969],[-73.91094,40.78976],[-73.90986,40.79095],[-73.90647,40.79019]]],[[[-73.89681,40.79582],[-73.89797,40.79565],[-73.8992,40.79651],[-73.89788,40.79712],[-73.89713,40.79681],[-73.89681,40.79582]]],[[[-73.83839,40.79831],[-73.84026,40.7976],[-73.83997,40.79691],[-73.8384,40.79676],[-73.83707,40.79386],[-73.83659,40.79209],[-73.83752,40.79102],[-73.8375,40.79047],[-73.83682,40.79048],[-73.83748,40.79044],[-73.83728,40.78902],[-73.83714,40.78957],[-73.83566,40.78958],[-73.83347,40.78847],[-73.83145,40.78918],[-73.83215,40.79004],[-73.83169,40.79108],[-73.83099,40.79158],[-73.82911,40.79191],[-73.82852,40.7925],[-73.82923,40.79301],[-73.8284,40.79256],[-73.82779,40.7933],[-73.82801,40.79492],[-73.82881,40.79619],[-73.82945,40.79667],[-73.83003,40.79614],[-73.82947,40.79668],[-73.82977,40.79684],[-73.83052,40.7964],[-73.82996,40.79692],[-73.82906,40.79647],[-73.82743,40.79676],[-73.82697,40.79714],[-73.82718,40.79762],[-73.82676,40.7978],[-73.82612,40.79728],[-73.82527,40.7973],[-73.8241,40.79795],[-73.82297,40.79622],[-73.82569,40.79563],[-73.82348,40.79216],[-73.82339,40.78944],[-73.82529,40.78171],[-73.83016,40.77383],[-73.83627,40.76962],[-73.83926,40.76604],[-73.8397,40.7664],[-73.83976,40.76713],[-73.84031,40.7663],[-73.84491,40.76554],[-73.84781,40.76678],[-73.84862,40.76812],[-73.84819,40.76849],[-73.849,40.76916],[-73.84847,40.76973],[-73.84867,40.77077],[-73.84994,40.77194],[-73.8513,40.77181],[-73.84995,40.77197],[-73.84898,40.77357],[-73.84896,40.77797],[-73.84993,40.77878],[-73.84964,40.77949],[-73.85148,40.77897],[-73.84982,40.77964],[-73.85235,40.77949],[-73.85232,40.77918],[-73.85239,40.77954],[-73.84982,40.77966],[-73.84964,40.78],[-73.85167,40.78004],[-73.8495,40.78007],[-73.84989,40.7811],[-73.85094,40.78113],[-73.84989,40.78113],[-73.84984,40.78161],[-73.84919,40.78165],[-73.84955,40.78185],[-73.84925,40.78227],[-73.85528,40.78198],[-73.85545,40.78315],[-73.85646,40.78336],[-73.85665,40.7829],[-73.85684,40.78338],[-73.85808,40.78373],[-73.85798,40.78468],[-73.85911,40.78547],[-73.85946,40.7855],[-73.85935,40.78504],[-73.85951,40.78554],[-73.85899,40.7855],[-73.85913,40.78586],[-73.85813,40.78706],[-73.85681,40.78668],[-73.85594,40.7877],[-73.85345,40.78783],[-73.85284,40.78822],[-73.8548,40.78863],[-73.85447,40.79027],[-73.85266,40.79111],[-73.85378,40.79243],[-73.85373,40.79394],[-73.85277,40.7944],[-73.85263,40.79495],[-73.85159,40.79409],[-73.84906,40.79337],[-73.84871,40.79542],[-73.84625,40.79617],[-73.84558,40.79603],[-73.8446,40.79492],[-73.84355,40.79492],[-73.84331,40.79551],[-73.84285,40.79522],[-73.84329,40.79618],[-73.84281,40.79543],[-73.84226,40.79559],[-73.84287,40.79693],[-73.84217,40.79562],[-73.84142,40.79516],[-73.8413,40.79623],[-73.84014,40.79689],[-73.84042,40.79769],[-73.83839,40.79831]]],[[[-73.88885,40.79871],[-73.88821,40.79867],[-73.88823,40.79825],[-73.88665,40.79805],[-73.88376,40.79572],[-73.88366,40.79598],[-73.8821,40.79517],[-73.87838,40.79453],[-73.87449,40.79207],[-73.87289,40.79146],[-73.87121,40.79004],[-73.87081,40.7879],[-73.87281,40.78591],[-73.87653,40.78584],[-73.87831,40.78536],[-73.88905,40.78738],[-73.8903,40.78989],[-73.89218,40.7904],[-73.89282,40.79283],[-73.89179,40.79678],[-73.89062,40.79776],[-73.8908,40.79803],[-73.88921,40.79781],[-73.88835,40.79815],[-73.88885,40.79871]]],[[[-73.89833,40.80242],[-73.89647,40.8008],[-73.89864,40.79911],[-73.90021,40.79927],[-73.89979,40.79952],[-73.89972,40.80081],[-73.90004,40.80092],[-73.89949,40.80091],[-73.89939,40.80194],[-73.89833,40.80242]]],[[[-73.78833,40.83468],[-73.78931,40.83447],[-73.78951,40.83537],[-73.78846,40.83532],[-73.78833,40.83468]]],[[[-73.80222,40.84164],[-73.80264,40.84109],[-73.80695,40.84147],[-73.80681,40.8425],[-73.80393,40.8426],[-73.80222,40.84164]]],[[[-73.78069,40.85494],[-73.78123,40.85541],[-73.78087,40.85554],[-73.78069,40.85494]]],[[[-73.78285,40.85549],[-73.7826,40.85483],[-73.78386,40.85484],[-73.78331,40.85586],[-73.78285,40.85549]]],[[[-73.78922,40.85875],[-73.78877,40.85841],[-73.78879,40.85743],[-73.78803,40.85752],[-73.78878,40.85741],[-73.78848,40.85441],[-73.78735,40.85439],[-73.78835,40.85414],[-73.78691,40.85407],[-73.788,40.85353],[-73.78588,40.8518],[-73.78338,40.8516],[-73.7846,40.8511],[-73.78384,40.8507],[-73.7842,40.85007],[-73.78304,40.84908],[-73.78155,40.84941],[-73.78214,40.84911],[-73.7815,40.84859],[-73.78268,40.84815],[-73.78098,40.84847],[-73.78264,40.84808],[-73.78149,40.84789],[-73.78143,40.84746],[-73.78208,40.84714],[-73.78217,40.84664],[-73.7804,40.84694],[-73.78106,40.84681],[-73.78115,40.84625],[-73.78111,40.84676],[-73.78174,40.84642],[-73.78109,40.84681],[-73.78251,40.84642],[-73.7825,40.84567],[-73.78315,40.84532],[-73.78182,40.84577],[-73.78305,40.84551],[-73.78306,40.84509],[-73.78182,40.84549],[-73.78315,40.8453],[-73.78298,40.84469],[-73.78337,40.84445],[-73.78301,40.84418],[-73.78349,40.84369],[-73.78053,40.84453],[-73.77993,40.84389],[-73.78053,40.84446],[-73.7804,40.84397],[-73.78059,40.84444],[-73.78106,40.84434],[-73.78088,40.84387],[-73.78109,40.84433],[-73.78155,40.84422],[-73.78138,40.84371],[-73.78158,40.84422],[-73.78201,40.84412],[-73.78183,40.84358],[-73.78204,40.84411],[-73.78244,40.84402],[-73.78225,40.84344],[-73.78247,40.84401],[-73.78282,40.84393],[-73.78257,40.8433],[-73.78309,40.84369],[-73.78288,40.84313],[-73.78313,40.84371],[-73.78284,40.8439],[-73.78348,40.84366],[-73.78289,40.8425],[-73.78282,40.84277],[-73.7823,40.84261],[-73.78245,40.84305],[-73.78227,40.84262],[-73.7818,40.8427],[-73.78193,40.84324],[-73.78177,40.84271],[-73.78125,40.84281],[-73.78143,40.84338],[-73.78122,40.84281],[-73.78068,40.84292],[-73.78083,40.84352],[-73.78065,40.84292],[-73.7803,40.84298],[-73.78023,40.84379],[-73.78023,40.84289],[-73.78287,40.84249],[-73.7806,40.84279],[-73.78237,40.84244],[-73.78162,40.84234],[-73.78233,40.84193],[-73.78144,40.84215],[-73.78232,40.84191],[-73.78217,40.8417],[-73.78035,40.84212],[-73.78043,40.8425],[-73.7802,40.84205],[-73.78185,40.84166],[-73.78166,40.84113],[-73.78084,40.84128],[-73.78089,40.84156],[-73.7808,40.84126],[-73.78165,40.84111],[-73.78114,40.8395],[-73.78189,40.83766],[-73.78291,40.83733],[-73.78282,40.83635],[-73.78338,40.83692],[-73.78498,40.83675],[-73.7845,40.83707],[-73.78485,40.83748],[-73.78583,40.83722],[-73.78517,40.83748],[-73.78558,40.83794],[-73.78574,40.83924],[-73.78653,40.83973],[-73.78741,40.83969],[-73.78749,40.84085],[-73.78816,40.8405],[-73.78826,40.84075],[-73.78753,40.84089],[-73.78787,40.84109],[-73.78761,40.84121],[-73.78837,40.84151],[-73.78802,40.84179],[-73.78839,40.84239],[-73.78884,40.84236],[-73.78853,40.84243],[-73.78906,40.84324],[-73.78993,40.84305],[-73.78981,40.84359],[-73.78934,40.84369],[-73.78947,40.8443],[-73.79067,40.84575],[-73.79099,40.84566],[-73.7907,40.84579],[-73.79097,40.84637],[-73.79149,40.84626],[-73.79118,40.84656],[-73.79179,40.84674],[-73.79137,40.8469],[-73.79144,40.84731],[-73.79192,40.84727],[-73.79127,40.84761],[-73.79162,40.84806],[-73.79102,40.84899],[-73.78976,40.84954],[-73.78986,40.84998],[-73.79099,40.84984],[-73.78987,40.85],[-73.79002,40.85032],[-73.79036,40.85015],[-73.78989,40.85047],[-73.79027,40.85097],[-73.78956,40.8515],[-73.79099,40.85127],[-73.78967,40.85151],[-73.79089,40.85156],[-73.7902,40.85176],[-73.79047,40.85178],[-73.79016,40.85226],[-73.79248,40.85153],[-73.79017,40.85229],[-73.79312,40.85159],[-73.79324,40.85194],[-73.79125,40.85231],[-73.79138,40.85261],[-73.79341,40.85203],[-73.79351,40.85227],[-73.79042,40.85303],[-73.79282,40.8525],[-73.79081,40.85321],[-73.79127,40.85372],[-73.79253,40.85342],[-73.79241,40.85306],[-73.79256,40.85341],[-73.79298,40.85331],[-73.79288,40.85295],[-73.79304,40.85338],[-73.79106,40.85393],[-73.79246,40.85361],[-73.79107,40.85395],[-73.79254,40.85386],[-73.79129,40.85459],[-73.7925,40.8558],[-73.79202,40.85619],[-73.79257,40.85626],[-73.79201,40.85623],[-73.7919,40.85656],[-73.7931,40.85669],[-73.7919,40.85658],[-73.79171,40.85686],[-73.79243,40.85694],[-73.79222,40.85716],[-73.79283,40.85744],[-73.79301,40.85701],[-73.79289,40.85749],[-73.79186,40.85701],[-73.79268,40.85743],[-73.79211,40.85718],[-73.7919,40.85745],[-73.79257,40.85765],[-73.7924,40.85785],[-73.79174,40.8574],[-73.79209,40.85717],[-73.79184,40.85704],[-73.79094,40.85756],[-73.79179,40.85778],[-73.79144,40.85816],[-73.79162,40.85791],[-73.79093,40.85758],[-73.7902,40.85861],[-73.78922,40.85875]]],[[[-73.76783,40.85445],[-73.76939,40.85254],[-73.76861,40.8508],[-73.7696,40.8476],[-73.7679,40.8453],[-73.76902,40.84511],[-73.77157,40.84751],[-73.77089,40.84976],[-73.77205,40.85163],[-73.77296,40.85217],[-73.77173,40.85249],[-73.77172,40.85301],[-73.7723,40.85309],[-73.77235,40.85386],[-73.77296,40.85381],[-73.77296,40.85415],[-73.77233,40.85391],[-73.77214,40.85442],[-73.77236,40.85968],[-73.77219,40.85999],[-73.77085,40.86011],[-73.76947,40.85934],[-73.76836,40.85837],[-73.76836,40.85766],[-73.76533,40.85505],[-73.76783,40.85445]]],[[[-73.78458,40.86054],[-73.78437,40.85986],[-73.78514,40.8588],[-73.78608,40.85928],[-73.7867,40.85869],[-73.78774,40.85878],[-73.787,40.86023],[-73.78458,40.86054]]],[[[-73.77322,40.8608],[-73.77326,40.86064],[-73.7734,40.86075],[-73.77322,40.8608]]],[[[-73.77514,40.86119],[-73.77527,40.86145],[-73.77493,40.86156],[-73.77514,40.86119]]],[[[-73.7746,40.86208],[-73.77464,40.86183],[-73.77485,40.86182],[-73.7746,40.86208]]],[[[-73.78313,40.86286],[-73.78288,40.86241],[-73.78315,40.86208],[-73.78313,40.86286]]],[[[-73.78401,40.86314],[-73.78354,40.8631],[-73.78377,40.86262],[-73.78469,40.86255],[-73.78401,40.86314]]],[[[-73.76964,40.86555],[-73.76994,40.86553],[-73.76945,40.86577],[-73.76964,40.86555]]],[[[-73.76692,40.86706],[-73.76723,40.86694],[-73.76713,40.86725],[-73.76668,40.86733],[-73.76692,40.86706]]],[[[-73.77172,40.87163],[-73.77264,40.87189],[-73.77116,40.87181],[-73.77085,40.87164],[-73.77172,40.87163]]],[[[-73.77483,40.87404],[-73.77514,40.87456],[-73.77468,40.8748],[-73.77483,40.87404]]],[[[-73.78194,40.87522],[-73.78213,40.87454],[-73.7826,40.8747],[-73.78244,40.87522],[-73.78194,40.87522]]],[[[-73.7819,40.87643],[-73.78172,40.8762],[-73.7822,40.87644],[-73.7819,40.87643]]],[[[-73.7813,40.87595],[-73.78151,40.87605],[-73.78121,40.8766],[-73.7813,40.87595]]],[[[-73.78353,40.87725],[-73.78384,40.87653],[-73.78401,40.87687],[-73.78364,40.87749],[-73.78353,40.87725]]],[[[-73.78525,40.87992],[-73.78508,40.87975],[-73.78568,40.87986],[-73.78525,40.87992]]],[[[-73.78484,40.88057],[-73.78382,40.88043],[-73.7837,40.87994],[-73.78407,40.87972],[-73.78433,40.88021],[-73.78509,40.88027],[-73.78535,40.88053],[-73.78484,40.88057]]],[[[-73.81941,40.89027],[-73.79301,40.88337],[-73.79492,40.88055],[-73.79555,40.8807],[-73.79503,40.87976],[-73.79744,40.87514],[-73.79855,40.87441],[-73.79891,40.87465],[-73.79982,40.87417],[-73.80081,40.8715],[-73.80267,40.87016],[-73.80298,40.86875],[-73.80393,40.86904],[-73.80448,40.86872],[-73.80499,40.86915],[-73.80595,40.86894],[-73.80569,40.86956],[-73.80671,40.87043],[-73.80786,40.87114],[-73.80925,40.87123],[-73.80841,40.87094],[-73.80873,40.87044],[-73.80754,40.87039],[-73.80871,40.8691],[-73.80786,40.86974],[-73.80673,40.86954],[-73.80695,40.86887],[-73.80487,40.86824],[-73.80474,40.86666],[-73.80385,40.86717],[-73.80292,40.86699],[-73.80301,40.86576],[-73.80177,40.86589],[-73.8007,40.86815],[-73.79774,40.87235],[-73.79479,40.87321],[-73.79398,40.87457],[-73.7936,40.87673],[-73.79317,40.87706],[-73.7944,40.87765],[-73.7929,40.87959],[-73.79095,40.88008],[-73.79076,40.88085],[-73.78914,40.88127],[-73.78912,40.88009],[-73.79006,40.8796],[-73.78952,40.87901],[-73.78612,40.87907],[-73.78422,40.87829],[-73.7845,40.87692],[-73.78481,40.87687],[-73.78468,40.87607],[-73.78596,40.87515],[-73.78611,40.87436],[-73.78691,40.874],[-73.78714,40.87277],[-73.78625,40.87239],[-73.78508,40.8736],[-73.78554,40.87255],[-73.78522,40.87164],[-73.78402,40.87378],[-73.78341,40.87373],[-73.78336,40.87326],[-73.78395,40.8729],[-73.78307,40.87216],[-73.78329,40.87071],[-73.78489,40.86952],[-73.7856,40.86835],[-73.78558,40.86918],[-73.78595,40.86933],[-73.78858,40.86918],[-73.79026,40.8685],[-73.79153,40.86733],[-73.79223,40.86527],[-73.79146,40.86228],[-73.79189,40.86108],[-73.7936,40.86053],[-73.79412,40.8597],[-73.79488,40.85808],[-73.79435,40.85654],[-73.79686,40.85627],[-73.79799,40.85486],[-73.79872,40.85492],[-73.79903,40.85397],[-73.79796,40.853],[-73.79781,40.85196],[-73.7982,40.8506],[-73.79932,40.84992],[-73.80029,40.84815],[-73.80147,40.84878],[-73.80197,40.85039],[-73.80418,40.85335],[-73.80453,40.85486],[-73.80352,40.85556],[-73.80479,40.86155],[-73.80601,40.86178],[-73.80625,40.86144],[-73.80582,40.86004],[-73.80656,40.85983],[-73.80742,40.86012],[-73.80818,40.8595],[-73.81085,40.86234],[-73.81328,40.86323],[-73.81396,40.86411],[-73.81438,40.86326],[-73.8151,40.86307],[-73.81642,40.86119],[-73.8148,40.86114],[-73.81382,40.86056],[-73.81273,40.85889],[-73.81231,40.85417],[-73.81641,40.85409],[-73.81715,40.85231],[-73.81713,40.85128],[-73.81572,40.85082],[-73.81629,40.8502],[-73.81513,40.84918],[-73.8159,40.84802],[-73.81561,40.84767],[-73.8161,40.84752],[-73.81611,40.84646],[-73.81572,40.8463],[-73.81465,40.84723],[-73.81566,40.8463],[-73.81357,40.84716],[-73.81491,40.84648],[-73.81442,40.8462],[-73.81503,40.84551],[-73.81319,40.84624],[-73.81403,40.8456],[-73.81369,40.84567],[-73.81394,40.84552],[-73.81363,40.84529],[-73.81321,40.84593],[-73.81362,40.84528],[-73.81326,40.84524],[-73.81285,40.84633],[-73.81324,40.84524],[-73.81288,40.84514],[-73.81316,40.84522],[-73.81286,40.84519],[-73.81228,40.84655],[-73.81286,40.84514],[-73.81255,40.84499],[-73.81189,40.8466],[-73.81244,40.84675],[-73.8117,40.84669],[-73.81266,40.84422],[-73.81299,40.84453],[-73.81265,40.84467],[-73.81312,40.8448],[-73.81255,40.84496],[-73.81417,40.84479],[-73.8137,40.84486],[-73.81418,40.84469],[-73.81347,40.84427],[-73.81348,40.84366],[-73.815,40.84351],[-73.81567,40.84444],[-73.81644,40.84407],[-73.81824,40.84435],[-73.81663,40.84395],[-73.81572,40.84254],[-73.81517,40.84259],[-73.8157,40.84253],[-73.81526,40.84127],[-73.81473,40.84138],[-73.81524,40.84102],[-73.81481,40.83981],[-73.81437,40.83987],[-73.81472,40.8396],[-73.81431,40.83963],[-73.81602,40.83853],[-73.81648,40.83771],[-73.81606,40.83604],[-73.8155,40.83596],[-73.81606,40.83578],[-73.81558,40.83553],[-73.81608,40.83537],[-73.81609,40.8346],[-73.81566,40.8345],[-73.81604,40.83418],[-73.81488,40.83104],[-73.81449,40.83118],[-73.81484,40.83099],[-73.81452,40.83063],[-73.8139,40.83092],[-73.81451,40.83062],[-73.81386,40.83057],[-73.8143,40.83036],[-73.81367,40.8299],[-73.81339,40.82903],[-73.8129,40.82896],[-73.81318,40.82881],[-73.81276,40.82826],[-73.80993,40.8282],[-73.8101,40.82783],[-73.81106,40.82799],[-73.81004,40.82779],[-73.81264,40.82784],[-73.81385,40.82681],[-73.81372,40.82628],[-73.81292,40.82636],[-73.81399,40.82608],[-73.81395,40.82574],[-73.81342,40.82593],[-73.81394,40.82573],[-73.8138,40.82531],[-73.81211,40.82556],[-73.81328,40.82517],[-73.81308,40.82495],[-73.81404,40.82449],[-73.81397,40.8242],[-73.81328,40.82397],[-73.81273,40.82479],[-73.81177,40.82435],[-73.80909,40.82588],[-73.80767,40.82591],[-73.80698,40.8254],[-73.80657,40.82461],[-73.80666,40.82343],[-73.80624,40.82332],[-73.80638,40.8229],[-73.80595,40.82289],[-73.80622,40.82275],[-73.80583,40.82178],[-73.80599,40.82083],[-73.80462,40.81904],[-73.80348,40.81829],[-73.80208,40.81857],[-73.80071,40.81805],[-73.80033,40.81757],[-73.79759,40.81652],[-73.79738,40.81577],[-73.79903,40.81555],[-73.80011,40.81403],[-73.80092,40.81377],[-73.80175,40.81287],[-73.80134,40.8124],[-73.80176,40.81287],[-73.80306,40.81246],[-73.80362,40.81253],[-73.80352,40.81293],[-73.80378,40.81282],[-73.80362,40.81305],[-73.80436,40.81362],[-73.80352,40.81294],[-73.80323,40.81337],[-73.80444,40.81433],[-73.8032,40.81351],[-73.80472,40.81524],[-73.80658,40.8166],[-73.80466,40.81455],[-73.80661,40.81667],[-73.80693,40.81658],[-73.80654,40.8159],[-73.80705,40.81654],[-73.8064,40.81571],[-73.80663,40.8156],[-73.80546,40.81469],[-73.805,40.81221],[-73.80391,40.81212],[-73.80235,40.81005],[-73.80101,40.81072],[-73.80147,40.81015],[-73.79854,40.8096],[-73.79229,40.80686],[-73.7914,40.80701],[-73.79152,40.8075],[-73.79087,40.80735],[-73.79006,40.80542],[-73.79066,40.80449],[-73.79225,40.804],[-73.79339,40.80421],[-73.79578,40.80617],[-73.79621,40.80598],[-73.79792,40.80672],[-73.80175,40.80905],[-73.80278,40.80913],[-73.80393,40.80854],[-73.80992,40.81294],[-73.81079,40.81278],[-73.814,40.81356],[-73.81443,40.81353],[-73.8145,40.81292],[-73.81448,40.81353],[-73.8162,40.81386],[-73.82056,40.81303],[-73.82025,40.81244],[-73.82107,40.81221],[-73.82032,40.81245],[-73.82113,40.81246],[-73.82044,40.81267],[-73.82059,40.81303],[-73.82228,40.81267],[-73.82217,40.81236],[-73.82231,40.81267],[-73.82409,40.81217],[-73.82506,40.81184],[-73.82481,40.81145],[-73.82524,40.81177],[-73.82488,40.81128],[-73.82527,40.81176],[-73.82523,40.81122],[-73.82565,40.8116],[-73.82536,40.81104],[-73.82567,40.81159],[-73.82554,40.81102],[-73.82581,40.81154],[-73.8258,40.81121],[-73.82803,40.81146],[-73.83018,40.81085],[-73.83162,40.80958],[-73.83218,40.80817],[-73.83162,40.80665],[-73.83162,40.80495],[-73.83432,40.80517],[-73.83744,40.80621],[-73.84026,40.81145],[-73.84043,40.81255],[-73.83957,40.8145],[-73.84009,40.81781],[-73.83868,40.8196],[-73.83907,40.81981],[-73.83888,40.82215],[-73.84233,40.82908],[-73.84189,40.83072],[-73.83885,40.8337],[-73.83919,40.83872],[-73.83959,40.83881],[-73.83972,40.83957],[-73.8403,40.83953],[-73.83946,40.83504],[-73.83959,40.83405],[-73.84018,40.83305],[-73.84221,40.83156],[-73.84311,40.8298],[-73.84253,40.82754],[-73.84002,40.8222],[-73.84,40.81994],[-73.84199,40.81878],[-73.84521,40.8119],[-73.84617,40.81068],[-73.8472,40.81059],[-73.84822,40.81247],[-73.8506,40.81394],[-73.85301,40.81459],[-73.85262,40.81407],[-73.85337,40.8136],[-73.85538,40.8143],[-73.85347,40.81349],[-73.8512,40.81356],[-73.84915,40.81231],[-73.84917,40.81093],[-73.85004,40.80922],[-73.84995,40.80872],[-73.84955,40.80873],[-73.84997,40.80859],[-73.84961,40.80813],[-73.84876,40.80835],[-73.84952,40.80806],[-73.84842,40.80738],[-73.84838,40.80637],[-73.84754,40.80593],[-73.84749,40.80546],[-73.84865,40.80471],[-73.84934,40.80506],[-73.84941,40.80468],[-73.84943,40.80507],[-73.84982,40.8051],[-73.85015,40.80454],[-73.85065,40.80449],[-73.85625,40.80467],[-73.85658,40.80494],[-73.85569,40.80468],[-73.85561,40.80507],[-73.8572,40.80533],[-73.85684,40.80492],[-73.85874,40.8058],[-73.85832,40.80601],[-73.85861,40.80671],[-73.85909,40.80649],[-73.85888,40.806],[-73.8592,40.80628],[-73.8594,40.80754],[-73.85916,40.80689],[-73.85867,40.80684],[-73.85839,40.80827],[-73.85895,40.81028],[-73.86013,40.80961],[-73.85933,40.809],[-73.85939,40.80817],[-73.85982,40.80912],[-73.86066,40.80964],[-73.86766,40.81059],[-73.87078,40.8145],[-73.87652,40.81614],[-73.87673,40.81539],[-73.8724,40.81398],[-73.87057,40.8121],[-73.87055,40.81125],[-73.86811,40.80676],[-73.87175,40.80156],[-73.87355,40.80086],[-73.87527,40.80141],[-73.87586,40.80146],[-73.87593,40.80109],[-73.87814,40.80133],[-73.87824,40.80266],[-73.87921,40.8028],[-73.8837,40.80217],[-73.88372,40.80187],[-73.88505,40.80214],[-73.88727,40.80396],[-73.88796,40.80501],[-73.88907,40.80503],[-73.88923,40.80585],[-73.89015,40.80497],[-73.88938,40.80593],[-73.8915,40.80594],[-73.89179,40.80563],[-73.89198,40.80639],[-73.89271,40.80635],[-73.89217,40.80531],[-73.89129,40.80498],[-73.89257,40.80563],[-73.89275,40.80635],[-73.89486,40.80622],[-73.89484,40.80573],[-73.89529,40.80685],[-73.89528,40.80577],[-73.89559,40.80659],[-73.89567,40.8063],[-73.89598,40.80653],[-73.89588,40.80582],[-73.89611,40.8065],[-73.89623,40.80622],[-73.8975,40.80622],[-73.89742,40.80581],[-73.89801,40.80617],[-73.89787,40.80554],[-73.89816,40.80615],[-73.89813,40.80566],[-73.89853,40.80544],[-73.90222,40.80496],[-73.90271,40.80417],[-73.90453,40.80318],[-73.90682,40.8009],[-73.90808,40.79958],[-73.90768,40.7994],[-73.90842,40.79945],[-73.9083,40.79897],[-73.91169,40.79663],[-73.91372,40.7968],[-73.91903,40.79899],[-73.92024,40.79962],[-73.92133,40.80129],[-73.92293,40.80238],[-73.92763,40.8027],[-73.92728,40.80352],[-73.92765,40.804],[-73.92873,40.80411],[-73.93185,40.80786],[-73.92931,40.80949],[-73.92725,40.80804],[-73.92445,40.80689],[-73.92104,40.81166],[-73.9176,40.81036],[-73.91684,40.81166],[-73.91485,40.811],[-73.91296,40.81428],[-73.91002,40.81344],[-73.90913,40.81595],[-73.90529,40.81794],[-73.90258,40.81738],[-73.9016,40.8197],[-73.89688,40.82213],[-73.89684,40.826],[-73.89582,40.826],[-73.89622,40.82718],[-73.89506,40.8284],[-73.88994,40.82871],[-73.88991,40.83013],[-73.88597,40.83678],[-73.88511,40.83648],[-73.88347,40.83907],[-73.88405,40.83939],[-73.88033,40.84013],[-73.87739,40.84001],[-73.87609,40.84207],[-73.87282,40.84087],[-73.871,40.84312],[-73.86779,40.84488],[-73.86171,40.84615],[-73.86119,40.84469],[-73.85866,40.84529],[-73.85944,40.84667],[-73.84969,40.85107],[-73.85011,40.85161],[-73.84874,40.85265],[-73.84811,40.85262],[-73.84799,40.85407],[-73.8489,40.8553],[-73.85018,40.85448],[-73.85064,40.85508],[-73.84948,40.85582],[-73.8501,40.85636],[-73.84939,40.85686],[-73.84931,40.85873],[-73.84834,40.85871],[-73.8483,40.85982],[-73.843,40.85951],[-73.84344,40.86278],[-73.84082,40.86273],[-73.84065,40.86756],[-73.8316,40.86265],[-73.82956,40.86217],[-73.83056,40.86475],[-73.82706,40.85927],[-73.82157,40.86103],[-73.81934,40.86217],[-73.81896,40.86248],[-73.82016,40.86326],[-73.81993,40.86511],[-73.82028,40.86749],[-73.82164,40.86878],[-73.82127,40.86908],[-73.8233,40.87311],[-73.82006,40.88212],[-73.82024,40.8855],[-73.82065,40.88539],[-73.82188,40.88694],[-73.8238,40.88744],[-73.82462,40.88866],[-73.82392,40.88998],[-73.82242,40.88952],[-73.82337,40.88991],[-73.82337,40.89098],[-73.82285,40.89122],[-73.81941,40.89027]]]]}},{"type":"Feature","properties":{"id":15},"geometry":{"type":"Polygon","coordinates":[[[-73.84441,40.90418],[-73.84418,40.90357],[-73.84599,40.90317],[-73.84547,40.90185],[-73.84694,40.90153],[-73.84743,40.90028],[-73.84822,40.89984],[-73.84786,40.89886],[-73.8505,40.89828],[-73.84894,40.89422],[-73.84806,40.89445],[-73.84633,40.88989],[-73.84591,40.88975],[-73.84974,40.88356],[-73.84658,40.88222],[-73.84603,40.88243],[-73.84507,40.88204],[-73.8452,40.88163],[-73.84381,40.88106],[-73.84338,40.88166],[-73.83951,40.88264],[-73.83754,40.87913],[-73.83573,40.87971],[-73.83482,40.87806],[-73.83402,40.87847],[-73.83484,40.8758],[-73.83466,40.87305],[-73.82956,40.86217],[-73.8316,40.86265],[-73.84065,40.86756],[-73.84082,40.86273],[-73.84344,40.86278],[-73.843,40.85951],[-73.8483,40.85982],[-73.84834,40.85871],[-73.84931,40.85873],[-73.84939,40.85686],[-73.8501,40.85636],[-73.84948,40.85582],[-73.85064,40.85508],[-73.85018,40.85448],[-73.8489,40.8553],[-73.84799,40.85407],[-73.84811,40.85262],[-73.84874,40.85265],[-73.85011,40.85161],[-73.84969,40.85107],[-73.85944,40.84667],[-73.85866,40.84529],[-73.86119,40.84469],[-73.86171,40.84615],[-73.86779,40.84488],[-73.871,40.84312],[-73.87282,40.84087],[-73.87609,40.84207],[-73.87739,40.84001],[-73.88033,40.84013],[-73.88405,40.83939],[-73.88347,40.83907],[-73.88511,40.83648],[-73.88597,40.83678],[-73.88991,40.83013],[-73.88994,40.82871],[-73.89506,40.8284],[-73.89622,40.82718],[-73.89582,40.826],[-73.89684,40.826],[-73.89688,40.82213],[-73.9016,40.8197],[-73.90258,40.81738],[-73.90529,40.81794],[-73.90913,40.81595],[-73.91002,40.81344],[-73.91296,40.81428],[-73.91485,40.811],[-73.91684,40.81166],[-73.9176,40.81036],[-73.92104,40.81166],[-73.92445,40.80689],[-73.92725,40.80804],[-73.92931,40.80949],[-73.93185,40.80786],[-73.93287,40.81013],[-73.93234,40.81469],[-73.9324,40.82115],[-73.93355,40.83152],[-73.93346,40.83365],[-73.93266,40.83648],[-73.93052,40.83994],[-73.92862,40.84469],[-73.92423,40.85058],[-73.92242,40.85013],[-73.92213,40.85049],[-73.92032,40.84981],[-73.9213,40.84864],[-73.91968,40.84791],[-73.91841,40.84945],[-73.91733,40.84916],[-73.91606,40.85006],[-73.91617,40.8483],[-73.91443,40.84797],[-73.91184,40.85145],[-73.91078,40.85195],[-73.90922,40.85181],[-73.90522,40.85621],[-73.90431,40.8559],[-73.90362,40.85703],[-73.90176,40.8564],[-73.90094,40.85777],[-73.89731,40.85652],[-73.89638,40.85681],[-73.89404,40.86029],[-73.89322,40.85988],[-73.88683,40.8654],[-73.88036,40.86921],[-73.88176,40.87236],[-73.88247,40.87214],[-73.88328,40.87358],[-73.88346,40.87606],[-73.8847,40.87828],[-73.8841,40.87825],[-73.88443,40.87955],[-73.88466,40.87976],[-73.88568,40.87888],[-73.88595,40.88052],[-73.88713,40.88282],[-73.89038,40.88252],[-73.8889,40.88451],[-73.89448,40.88561],[-73.89634,40.88513],[-73.89797,40.88404],[-73.8985,40.88435],[-73.89652,40.88595],[-73.89738,40.8861],[-73.89969,40.88397],[-73.90104,40.88438],[-73.90065,40.88511],[-73.9018,40.88562],[-73.90331,40.88431],[-73.90472,40.88525],[-73.9105,40.88053],[-73.90968,40.87952],[-73.91033,40.87905],[-73.91149,40.87903],[-73.91206,40.87813],[-73.91485,40.87668],[-73.91579,40.87573],[-73.91776,40.87567],[-73.91908,40.87607],[-73.92274,40.87891],[-73.9249,40.8789],[-73.92381,40.88033],[-73.92039,40.88766],[-73.91519,40.90159],[-73.91543,40.90182],[-73.91502,40.90309],[-73.91459,40.90413],[-73.91419,40.90415],[-73.91287,40.90754],[-73.91311,40.90785],[-73.91265,40.90808],[-73.91149,40.91224],[-73.91166,40.91343],[-73.91033,40.91554],[-73.85947,40.90053],[-73.85908,40.90102],[-73.85938,40.90157],[-73.85887,40.90172],[-73.85947,40.90194],[-73.85958,40.90245],[-73.85911,40.90265],[-73.8584,40.90222],[-73.85756,40.90293],[-73.85711,40.90366],[-73.85699,40.90459],[-73.85744,40.90485],[-73.85718,40.90529],[-73.85601,40.90531],[-73.85681,40.90616],[-73.85424,40.90704],[-73.85384,40.90798],[-73.85471,40.90801],[-73.85491,40.90836],[-73.85277,40.91041],[-73.85228,40.90986],[-73.85107,40.91038],[-73.85348,40.90754],[-73.85092,40.90662],[-73.85017,40.90752],[-73.84482,40.90554],[-73.84489,40.9042],[-73.84441,40.90418]]]}},{"type":"Feature","properties":{"id":12},"geometry":{"type":"MultiPolygon","coordinates":[[[[-73.96237,40.72422],[-73.96207,40.72389],[-73.96247,40.72414],[-73.96237,40.72422]]],[[[-73.96129,40.73017],[-73.96255,40.72975],[-73.96225,40.72999],[-73.96129,40.73017]]],[[[-73.96197,40.73159],[-73.96366,40.73126],[-73.9637,40.73144],[-73.96197,40.73159]]],[[[-73.96052,40.74411],[-73.96067,40.74406],[-73.96065,40.74414],[-73.96052,40.74411]]],[[[-73.96421,40.74661],[-73.96458,40.74646],[-73.96416,40.74687],[-73.96421,40.74661]]],[[[-73.95764,40.74841],[-73.95784,40.74835],[-73.95769,40.74854],[-73.95764,40.74841]]],[[[-73.93557,40.77193],[-73.93557,40.77164],[-73.93585,40.77172],[-73.93557,40.77193]]],[[[-73.9418,40.76906],[-73.94286,40.76831],[-73.95322,40.75644],[-73.95792,40.75212],[-73.96091,40.74981],[-73.96154,40.74973],[-73.95902,40.7536],[-73.95209,40.76087],[-73.94473,40.76979],[-73.94213,40.77204],[-73.94018,40.77297],[-73.94028,40.77068],[-73.9418,40.76906]]],[[[-73.93805,40.78084],[-73.93765,40.78101],[-73.9376,40.78048],[-73.93861,40.78035],[-73.93959,40.77958],[-73.93873,40.78052],[-73.93875,40.78105],[-73.93808,40.78143],[-73.93805,40.78084]]],[[[-73.9678,40.80221],[-73.96788,40.80136],[-73.96859,40.80164],[-73.96951,40.80034],[-73.96666,40.79914],[-73.96758,40.79788],[-73.969,40.79848],[-73.96946,40.79785],[-73.96804,40.79726],[-73.96848,40.79665],[-73.96282,40.79425],[-73.95833,40.80037],[-73.95787,40.80052],[-73.94966,40.79703],[-73.94942,40.79661],[-73.95482,40.78921],[-73.9484,40.78647],[-73.94883,40.78589],[-73.94659,40.78495],[-73.94709,40.78425],[-73.94472,40.78326],[-73.94332,40.78518],[-73.94197,40.7846],[-73.94406,40.78297],[-73.94365,40.78266],[-73.94387,40.78128],[-73.94344,40.77977],[-73.94242,40.78004],[-73.94211,40.77946],[-73.943,40.77886],[-73.94212,40.77726],[-73.94244,40.77731],[-73.942,40.77619],[-73.94367,40.77385],[-73.94867,40.76887],[-73.95442,40.76219],[-73.95878,40.75828],[-73.96223,40.75453],[-73.97094,40.74448],[-73.97112,40.74421],[-73.9707,40.744],[-73.97136,40.74385],[-73.97266,40.73923],[-73.97249,40.73581],[-73.97442,40.73642],[-73.97403,40.73613],[-73.97447,40.73629],[-73.97414,40.73596],[-73.97452,40.7359],[-73.97306,40.73519],[-73.97276,40.73551],[-73.97295,40.73507],[-73.97355,40.73495],[-73.97444,40.73533],[-73.97341,40.73129],[-73.97148,40.72926],[-73.97163,40.72664],[-73.97803,40.72944],[-73.979,40.72811],[-73.98133,40.72909],[-73.98086,40.72973],[-73.98545,40.73167],[-73.98355,40.73427],[-73.98436,40.73461],[-73.98524,40.73338],[-73.98668,40.73399],[-73.98718,40.7333],[-73.98878,40.73397],[-73.98829,40.73467],[-73.98986,40.73533],[-73.9899,40.73444],[-73.99172,40.73522],[-73.99033,40.73714],[-73.99545,40.73928],[-73.99502,40.73987],[-73.99786,40.74106],[-73.99919,40.73925],[-74.00202,40.74045],[-74.00156,40.74109],[-74.00723,40.74348],[-74.00681,40.74407],[-74.00826,40.74468],[-74.0087,40.74237],[-74.00959,40.74327],[-74.01215,40.74357],[-74.01202,40.74395],[-74.0089,40.74393],[-74.00873,40.74489],[-74.00992,40.74534],[-74.00987,40.74492],[-74.01017,40.74495],[-74.00998,40.74533],[-74.01047,40.7454],[-74.01042,40.74499],[-74.01077,40.74501],[-74.01053,40.74539],[-74.01111,40.74546],[-74.01105,40.74505],[-74.01139,40.74508],[-74.01116,40.74545],[-74.01174,40.74553],[-74.01184,40.74513],[-74.01178,40.74561],[-74.01168,40.74599],[-74.00947,40.74576],[-74.00937,40.74634],[-74.01159,40.74661],[-74.01149,40.747],[-74.00924,40.74677],[-74.00914,40.74737],[-74.01141,40.74764],[-74.0113,40.74802],[-74.00906,40.74779],[-74.00895,40.74842],[-74.01122,40.74869],[-74.01111,40.74906],[-74.00995,40.74894],[-74.00911,40.75038],[-74.01068,40.75103],[-74.01057,40.75133],[-74.009,40.75066],[-74.00853,40.75189],[-74.00934,40.75236],[-74.00843,40.75217],[-74.00997,40.75294],[-74.00835,40.75236],[-74.00775,40.75435],[-74.00481,40.75782],[-74.00528,40.75804],[-74.00503,40.75837],[-74.00701,40.75924],[-74.00651,40.7599],[-74.00451,40.75909],[-74.00381,40.75952],[-74.00432,40.75992],[-74.00367,40.75971],[-74.00393,40.76001],[-74.00234,40.76155],[-74.00456,40.76253],[-74.0022,40.76174],[-74.00153,40.76265],[-74.00361,40.76379],[-74.00139,40.76286],[-74.00097,40.76343],[-74.00315,40.76434],[-74.00315,40.76474],[-73.99962,40.76357],[-73.99915,40.76421],[-74.00228,40.76553],[-74.00206,40.76589],[-73.99889,40.76458],[-73.99858,40.76501],[-73.99828,40.76558],[-74.00156,40.767],[-74.00132,40.76726],[-73.99807,40.76588],[-73.99738,40.76683],[-74.00063,40.76821],[-74.00046,40.76851],[-73.99716,40.76714],[-73.99646,40.76811],[-73.99973,40.76948],[-73.99947,40.76977],[-73.99707,40.76874],[-73.99657,40.76943],[-73.99903,40.77047],[-73.99876,40.77083],[-73.99631,40.76981],[-73.99543,40.77104],[-73.9959,40.77146],[-73.99531,40.7712],[-73.99494,40.77148],[-73.99707,40.77255],[-73.99687,40.77283],[-73.99478,40.77194],[-73.99445,40.77239],[-73.99612,40.77328],[-73.99416,40.7725],[-73.99383,40.77294],[-73.99618,40.774],[-73.99394,40.77319],[-73.99227,40.77512],[-73.99206,40.77551],[-73.99239,40.77557],[-73.99093,40.77758],[-73.9904,40.77759],[-73.98887,40.7797],[-73.99155,40.77958],[-73.98889,40.77989],[-73.98808,40.78166],[-73.98547,40.78537],[-73.98617,40.78608],[-73.98712,40.78522],[-73.98613,40.78625],[-73.98543,40.78542],[-73.98508,40.78593],[-73.98577,40.7862],[-73.98502,40.78602],[-73.98466,40.78654],[-73.98595,40.7865],[-73.98462,40.78659],[-73.96909,40.80844],[-73.96664,40.80746],[-73.9661,40.80684],[-73.96634,40.80652],[-73.96531,40.80609],[-73.9678,40.80221]]]]}},{"type":"Feature","properties":{"id":13},"geometry":{"type":"MultiPolygon","coordinates":[[[[-73.92134,40.80086],[-73.92032,40.79938],[-73.91663,40.79787],[-73.91546,40.79707],[-73.91444,40.79567],[-73.91379,40.79384],[-73.91514,40.79202],[-73.91687,40.79037],[-73.91856,40.7897],[-73.92219,40.78552],[-73.92285,40.78356],[-73.92448,40.78233],[-73.92572,40.78218],[-73.9281,40.78093],[-73.93105,40.7824],[-73.93502,40.78301],[-73.93607,40.78423],[-73.93571,40.78569],[-73.9324,40.78973],[-73.93084,40.791],[-73.92973,40.79137],[-73.92611,40.79074],[-73.92616,40.79172],[-73.92657,40.79187],[-73.92559,40.79183],[-73.92674,40.79194],[-73.92637,40.79167],[-73.92649,40.79103],[-73.92787,40.79096],[-73.92714,40.79194],[-73.92827,40.79234],[-73.92832,40.79311],[-73.92694,40.79551],[-73.92712,40.79721],[-73.92771,40.79731],[-73.9272,40.7974],[-73.92748,40.79813],[-73.9267,40.80016],[-73.92725,40.8004],[-73.92667,40.80019],[-73.92655,40.80061],[-73.92705,40.80066],[-73.92651,40.80067],[-73.92528,40.80201],[-73.92264,40.80188],[-73.92134,40.80086]]],[[[-73.92641,40.87763],[-73.92619,40.87707],[-73.92457,40.87744],[-73.9224,40.87679],[-73.92262,40.87442],[-73.92126,40.87309],[-73.92056,40.87301],[-73.91979,40.87361],[-73.9208,40.8742],[-73.92118,40.87515],[-73.92081,40.87549],[-73.91888,40.87469],[-73.91928,40.87366],[-73.9185,40.8732],[-73.9186,40.8735],[-73.91758,40.87456],[-73.91787,40.87391],[-73.91569,40.87454],[-73.9125,40.87373],[-73.91118,40.87299],[-73.91044,40.87139],[-73.91093,40.86944],[-73.91148,40.86946],[-73.91113,40.86893],[-73.91255,40.86652],[-73.91392,40.86475],[-73.91493,40.86459],[-73.91441,40.86418],[-73.9159,40.86432],[-73.9152,40.86395],[-73.91539,40.86309],[-73.9173,40.86169],[-73.91944,40.85886],[-73.92048,40.85911],[-73.92127,40.8602],[-73.92159,40.86008],[-73.92187,40.85919],[-73.92092,40.85823],[-73.92115,40.85756],[-73.92238,40.85659],[-73.92238,40.85599],[-73.92235,40.85569],[-73.92152,40.85661],[-73.92972,40.84524],[-73.93492,40.83524],[-73.93516,40.83269],[-73.93383,40.81973],[-73.93434,40.80957],[-73.93356,40.80761],[-73.93031,40.80379],[-73.92904,40.80109],[-73.92904,40.79677],[-73.9302,40.7946],[-73.93583,40.7911],[-73.93708,40.78937],[-73.93613,40.78894],[-73.93715,40.78918],[-73.93812,40.78719],[-73.93983,40.78526],[-73.94247,40.7839],[-73.94365,40.78266],[-73.94406,40.78297],[-73.94366,40.78349],[-73.94197,40.7846],[-73.94332,40.78518],[-73.94472,40.78326],[-73.94709,40.78425],[-73.94659,40.78495],[-73.94883,40.78589],[-73.9484,40.78647],[-73.95482,40.78921],[-73.94942,40.79661],[-73.94975,40.79711],[-73.95787,40.80052],[-73.95833,40.80037],[-73.96282,40.79425],[-73.96848,40.79665],[-73.96804,40.79726],[-73.96946,40.79785],[-73.969,40.79848],[-73.96758,40.79788],[-73.96666,40.79914],[-73.96951,40.80034],[-73.96859,40.80164],[-73.96788,40.80136],[-73.96758,40.80294],[-73.96531,40.80609],[-73.96634,40.80652],[-73.9661,40.80684],[-73.96664,40.80746],[-73.96909,40.80844],[-73.96414,40.81578],[-73.95982,40.82031],[-73.95915,40.82158],[-73.95909,40.82121],[-73.95882,40.82153],[-73.959,40.82242],[-73.95991,40.82258],[-73.9596,40.823],[-73.95893,40.82272],[-73.95853,40.82185],[-73.9582,40.82229],[-73.95814,40.82303],[-73.95956,40.8237],[-73.95726,40.82713],[-73.95695,40.82701],[-73.95632,40.82795],[-73.95504,40.82742],[-73.95454,40.82787],[-73.95021,40.83431],[-73.94856,40.83957],[-73.94613,40.8439],[-73.94635,40.84625],[-73.94683,40.84714],[-73.94693,40.85054],[-73.94348,40.85229],[-73.94187,40.85388],[-73.94029,40.85665],[-73.93243,40.86758],[-73.93227,40.86857],[-73.93265,40.86847],[-73.93226,40.86869],[-73.93257,40.86905],[-73.93219,40.86938],[-73.93236,40.86976],[-73.93205,40.86961],[-73.93192,40.87114],[-73.92998,40.87435],[-73.92901,40.87575],[-73.92641,40.87763]]],[[[-73.9236,40.87891],[-73.92368,40.87883],[-73.92363,40.87897],[-73.9236,40.87891]]],[[[-73.8985,40.88435],[-73.89797,40.88404],[-73.89634,40.88513],[-73.89448,40.88561],[-73.8889,40.88451],[-73.89038,40.88252],[-73.88713,40.88282],[-73.88595,40.88052],[-73.88568,40.87888],[-73.88466,40.87976],[-73.88445,40.87958],[-73.8841,40.87825],[-73.8847,40.87828],[-73.88346,40.87606],[-73.88328,40.87358],[-73.88247,40.87214],[-73.88176,40.87236],[-73.88036,40.86921],[-73.88683,40.8654],[-73.89322,40.85988],[-73.89404,40.86029],[-73.89638,40.85681],[-73.89731,40.85652],[-73.90094,40.85777],[-73.90176,40.8564],[-73.90362,40.85703],[-73.90431,40.8559],[-73.90522,40.85621],[-73.90922,40.85181],[-73.91078,40.85195],[-73.91184,40.85145],[-73.91443,40.84797],[-73.91617,40.8483],[-73.91606,40.85006],[-73.91733,40.84916],[-73.91841,40.84945],[-73.91968,40.84791],[-73.9213,40.84864],[-73.92032,40.84981],[-73.92213,40.85049],[-73.92242,40.85013],[-73.92423,40.85058],[-73.9208,40.85539],[-73.9203,40.85525],[-73.92053,40.85569],[-73.91957,40.85685],[-73.91721,40.85894],[-73.91342,40.86338],[-73.91276,40.86304],[-73.91227,40.86364],[-73.9128,40.86391],[-73.91253,40.8638],[-73.91268,40.86403],[-73.91044,40.86654],[-73.9095,40.86884],[-73.90865,40.87139],[-73.9096,40.8731],[-73.91128,40.87434],[-73.91579,40.87573],[-73.91485,40.87668],[-73.91206,40.87813],[-73.91149,40.87903],[-73.91033,40.87905],[-73.90968,40.87952],[-73.9105,40.88053],[-73.90472,40.88525],[-73.90331,40.88431],[-73.9018,40.88562],[-73.90065,40.88511],[-73.90104,40.88438],[-73.89969,40.88397],[-73.89738,40.8861],[-73.89652,40.88595],[-73.8985,40.88435]]]]}},{"type":"Feature","properties":{"id":8},"geometry":{"type":"MultiPolygon","coordinates":[[[[-73.86328,40.58389],[-73.86449,40.58362],[-73.86773,40.58167],[-73.86926,40.58192],[-73.87051,40.58335],[-73.87116,40.58688],[-73.86981,40.58947],[-73.86635,40.5919],[-73.86327,40.59092],[-73.86125,40.588],[-73.86168,40.58615],[-73.86328,40.58389]]],[[[-73.86953,40.59872],[-73.86967,40.5967],[-73.87021,40.59696],[-73.86953,40.59872]]],[[[-73.9199,40.59961],[-73.91866,40.59948],[-73.91627,40.59817],[-73.91338,40.59473],[-73.91306,40.59408],[-73.91326,40.59224],[-73.91295,40.59206],[-73.91525,40.5916],[-73.91788,40.59473],[-73.92083,40.59634],[-73.92182,40.59734],[-73.92213,40.59867],[-73.92085,40.59955],[-73.9199,40.59961]]],[[[-73.8702,40.599],[-73.87108,40.59891],[-73.8705,40.60261],[-73.8702,40.599]]],[[[-73.85243,40.59734],[-73.85493,40.59631],[-73.85674,40.59608],[-73.86045,40.59648],[-73.86055,40.59707],[-73.86275,40.59908],[-73.86336,40.60033],[-73.86187,40.60217],[-73.86113,40.60256],[-73.85906,40.60207],[-73.85483,40.60188],[-73.85277,40.60096],[-73.85077,40.59885],[-73.85243,40.59734]]],[[[-73.86703,40.60375],[-73.86768,40.60308],[-73.86831,40.60315],[-73.86794,40.60397],[-73.86703,40.60418],[-73.86703,40.60375]]],[[[-73.84674,40.60486],[-73.84608,40.60455],[-73.84642,40.6042],[-73.84578,40.60483],[-73.84495,40.60478],[-73.84557,40.60455],[-73.84519,40.60448],[-73.84446,40.6047],[-73.84496,40.60438],[-73.84492,40.60369],[-73.8455,40.60386],[-73.84516,40.60374],[-73.84562,40.60353],[-73.8462,40.60419],[-73.84667,40.60419],[-73.84638,40.60442],[-73.84665,40.60459],[-73.84786,40.60471],[-73.84674,40.60486]]],[[[-73.84828,40.60544],[-73.84784,40.60509],[-73.84825,40.60515],[-73.84828,40.60544]]],[[[-73.8484,40.60593],[-73.84827,40.60578],[-73.84872,40.6059],[-73.8484,40.60593]]],[[[-73.83446,40.6072],[-73.83574,40.6058],[-73.83528,40.60691],[-73.83438,40.60786],[-73.83446,40.6072]]],[[[-73.86703,40.60808],[-73.86874,40.60704],[-73.86869,40.60825],[-73.86778,40.60855],[-73.86703,40.60808]]],[[[-73.86967,40.60655],[-73.87109,40.6047],[-73.87106,40.60629],[-73.87246,40.60819],[-73.873,40.61056],[-73.87104,40.60973],[-73.86967,40.60655]]],[[[-73.85048,40.61235],[-73.84967,40.61212],[-73.84986,40.61102],[-73.8495,40.61034],[-73.85009,40.61017],[-73.84942,40.60983],[-73.85135,40.60928],[-73.8517,40.60862],[-73.85337,40.60802],[-73.85324,40.60774],[-73.85446,40.6079],[-73.85363,40.60727],[-73.85507,40.60747],[-73.85464,40.6077],[-73.8548,40.6086],[-73.85555,40.60899],[-73.85525,40.60955],[-73.85595,40.60955],[-73.8566,40.61084],[-73.85619,40.61105],[-73.85542,40.61012],[-73.85197,40.61025],[-73.85265,40.61118],[-73.85172,40.61096],[-73.85174,40.61158],[-73.85106,40.61148],[-73.85048,40.61235]]],[[[-73.84474,40.61398],[-73.84357,40.61368],[-73.84343,40.61298],[-73.84264,40.61318],[-73.84184,40.6127],[-73.84158,40.61183],[-73.84068,40.61145],[-73.8398,40.61237],[-73.83911,40.61247],[-73.83872,40.612],[-73.8388,40.6128],[-73.83818,40.61309],[-73.83624,40.61228],[-73.83752,40.61087],[-73.83746,40.61016],[-73.83852,40.60924],[-73.83887,40.60791],[-73.8391,40.60832],[-73.84004,40.60824],[-73.8401,40.60897],[-73.8405,40.60856],[-73.83936,40.60762],[-73.84136,40.6068],[-73.84127,40.60626],[-73.84046,40.60622],[-73.84042,40.60578],[-73.8406,40.60541],[-73.84123,40.60554],[-73.84113,40.6047],[-73.84149,40.60451],[-73.84186,40.6048],[-73.84296,40.60422],[-73.84443,40.60416],[-73.84271,40.60465],[-73.84267,40.60509],[-73.84194,40.60494],[-73.84243,40.60529],[-73.84297,40.60508],[-73.84283,40.60473],[-73.84338,40.60499],[-73.84382,40.60544],[-73.84357,40.60586],[-73.8439,40.60642],[-73.84371,40.60583],[-73.84406,40.60545],[-73.84361,40.60471],[-73.84407,40.60457],[-73.84461,40.60504],[-73.84469,40.60615],[-73.84411,40.6059],[-73.84458,40.60661],[-73.8453,40.60628],[-73.84505,40.60587],[-73.8454,40.60572],[-73.84505,40.60554],[-73.84531,40.6054],[-73.84494,40.60504],[-73.84582,40.60517],[-73.84627,40.60472],[-73.84747,40.60509],[-73.84727,40.60583],[-73.84591,40.6063],[-73.84618,40.60677],[-73.84664,40.60676],[-73.8464,40.60731],[-73.84689,40.60658],[-73.84623,40.60673],[-73.84645,40.60623],[-73.84766,40.60593],[-73.84885,40.60638],[-73.84965,40.60606],[-73.84962,40.60667],[-73.84876,40.60653],[-73.84806,40.60674],[-73.84824,40.6071],[-73.84755,40.60699],[-73.84683,40.60807],[-73.84486,40.6081],[-73.8455,40.60852],[-73.84628,40.60829],[-73.84555,40.60934],[-73.84574,40.60974],[-73.84539,40.60979],[-73.84573,40.61145],[-73.84486,40.61104],[-73.84526,40.6115],[-73.84508,40.61234],[-73.84571,40.61288],[-73.84526,40.61328],[-73.84565,40.6137],[-73.84474,40.61398]]],[[[-73.8337,40.62099],[-73.83402,40.61439],[-73.83542,40.61462],[-73.83586,40.61522],[-73.83777,40.61553],[-73.83528,40.61726],[-73.83496,40.61854],[-73.83571,40.61974],[-73.83523,40.61997],[-73.83489,40.61962],[-73.8348,40.61993],[-73.83531,40.62015],[-73.83491,40.62048],[-73.8338,40.61965],[-73.83447,40.62013],[-73.8337,40.62099]]],[[[-73.83478,40.62263],[-73.83414,40.62236],[-73.83362,40.62261],[-73.83401,40.62104],[-73.83499,40.62102],[-73.83478,40.62263]]],[[[-73.85023,40.62333],[-73.8494,40.62249],[-73.84847,40.62237],[-73.84902,40.62149],[-73.85049,40.6209],[-73.85085,40.62026],[-73.85492,40.62004],[-73.85655,40.61958],[-73.85676,40.62041],[-73.8574,40.62031],[-73.85657,40.62149],[-73.85517,40.62197],[-73.85464,40.6216],[-73.85451,40.6208],[-73.85359,40.62047],[-73.85185,40.62057],[-73.8514,40.62081],[-73.85129,40.62184],[-73.85236,40.62298],[-73.8519,40.6228],[-73.8518,40.62335],[-73.85133,40.62348],[-73.85025,40.62359],[-73.85023,40.62333]]],[[[-73.83359,40.6236],[-73.83371,40.6237],[-73.83364,40.62396],[-73.83359,40.6236]]],[[[-73.86213,40.624],[-73.86304,40.62331],[-73.86378,40.62396],[-73.86207,40.62433],[-73.86213,40.624]]],[[[-73.8459,40.62498],[-73.84477,40.62486],[-73.84478,40.62425],[-73.84384,40.6243],[-73.84389,40.62382],[-73.84294,40.62333],[-73.84537,40.62306],[-73.8451,40.62343],[-73.84554,40.62408],[-73.84521,40.62436],[-73.8459,40.62498]]],[[[-73.85778,40.62483],[-73.85784,40.6252],[-73.85734,40.62515],[-73.85778,40.62483]]],[[[-73.84049,40.6275],[-73.83947,40.6273],[-73.84072,40.62587],[-73.84169,40.6264],[-73.84151,40.62679],[-73.84238,40.62745],[-73.84045,40.62659],[-73.84015,40.62699],[-73.84049,40.6275]]],[[[-73.86873,40.61737],[-73.87395,40.61585],[-73.87798,40.61581],[-73.87952,40.61657],[-73.87974,40.61893],[-73.87888,40.62058],[-73.87779,40.62166],[-73.86646,40.62826],[-73.86519,40.62767],[-73.86473,40.62653],[-73.86498,40.62567],[-73.86651,40.62376],[-73.86638,40.62301],[-73.86523,40.6219],[-73.86501,40.62055],[-73.86576,40.61851],[-73.86685,40.61782],[-73.86873,40.61737]]],[[[-73.84814,40.62855],[-73.84847,40.6288],[-73.84813,40.62885],[-73.84814,40.62855]]],[[[-73.84852,40.63057],[-73.84869,40.63047],[-73.8487,40.63062],[-73.84852,40.63057]]],[[[-73.853,40.63203],[-73.85257,40.63125],[-73.85167,40.63088],[-73.85219,40.63037],[-73.85366,40.63088],[-73.85509,40.63012],[-73.8568,40.62985],[-73.85856,40.63047],[-73.85759,40.63272],[-73.85536,40.63282],[-73.85435,40.63373],[-73.85241,40.63365],[-73.853,40.63203]]],[[[-73.84639,40.63529],[-73.84783,40.63279],[-73.84914,40.63212],[-73.85005,40.63218],[-73.84985,40.63421],[-73.84891,40.63535],[-73.84774,40.63821],[-73.84629,40.63865],[-73.84553,40.63745],[-73.84427,40.6367],[-73.84502,40.63569],[-73.84639,40.63529]]],[[[-73.92207,40.6895],[-73.90005,40.6769],[-73.90084,40.67637],[-73.90023,40.67386],[-73.87267,40.67791],[-73.87148,40.67751],[-73.87037,40.67302],[-73.86299,40.67408],[-73.8631,40.67466],[-73.86107,40.67403],[-73.86039,40.67126],[-73.85763,40.67166],[-73.85569,40.66388],[-73.85843,40.66346],[-73.85762,40.66013],[-73.86031,40.65964],[-73.86317,40.65828],[-73.8627,40.65763],[-73.86328,40.65695],[-73.86264,40.65568],[-73.86087,40.65509],[-73.85722,40.65029],[-73.85838,40.64728],[-73.85717,40.64369],[-73.86201,40.6429],[-73.86671,40.64003],[-73.86629,40.63948],[-73.86682,40.63997],[-73.86732,40.63988],[-73.86867,40.64093],[-73.87062,40.64486],[-73.87257,40.64558],[-73.87933,40.65463],[-73.87972,40.65438],[-73.87319,40.64545],[-73.87327,40.64391],[-73.87009,40.63985],[-73.8699,40.63894],[-73.868,40.63812],[-73.86961,40.63709],[-73.86921,40.63747],[-73.86956,40.63796],[-73.87294,40.63637],[-73.87445,40.63667],[-73.87712,40.63865],[-73.87857,40.63905],[-73.88049,40.64099],[-73.88074,40.64157],[-73.88029,40.64141],[-73.88007,40.64201],[-73.88153,40.64246],[-73.88215,40.64375],[-73.88342,40.64453],[-73.88481,40.64395],[-73.88558,40.64405],[-73.88744,40.64594],[-73.88771,40.64788],[-73.88864,40.64803],[-73.89007,40.64933],[-73.89035,40.64904],[-73.891,40.64936],[-73.89108,40.6488],[-73.8888,40.64606],[-73.88942,40.64695],[-73.88852,40.64737],[-73.8882,40.64715],[-73.88819,40.64678],[-73.88864,40.64679],[-73.88808,40.64663],[-73.88829,40.64605],[-73.88741,40.64534],[-73.88806,40.64513],[-73.88735,40.64523],[-73.88624,40.64383],[-73.88374,40.64246],[-73.87954,40.63823],[-73.87864,40.6383],[-73.87858,40.63753],[-73.87715,40.63598],[-73.87821,40.63458],[-73.88365,40.63095],[-73.88377,40.63023],[-73.88346,40.62992],[-73.88405,40.62957],[-73.88263,40.62828],[-73.88369,40.62757],[-73.88513,40.62884],[-73.88572,40.62845],[-73.88631,40.62869],[-73.88753,40.62834],[-73.89042,40.62629],[-73.89149,40.62449],[-73.89301,40.62336],[-73.89549,40.62249],[-73.91446,40.631],[-73.91606,40.63204],[-73.9175,40.63142],[-73.91659,40.63046],[-73.90396,40.62484],[-73.90533,40.62587],[-73.90255,40.62445],[-73.90327,40.62449],[-73.90283,40.62406],[-73.90229,40.62442],[-73.90287,40.62366],[-73.90105,40.62272],[-73.90053,40.62169],[-73.89812,40.62186],[-73.89648,40.62144],[-73.89562,40.61981],[-73.89664,40.61736],[-73.89586,40.61453],[-73.89428,40.61389],[-73.8925,40.6138],[-73.89096,40.61284],[-73.89142,40.61213],[-73.89393,40.61154],[-73.89397,40.61122],[-73.89355,40.61101],[-73.8919,40.61154],[-73.89108,40.61229],[-73.8897,40.61146],[-73.8903,40.61033],[-73.89227,40.60917],[-73.89273,40.60724],[-73.89335,40.60675],[-73.89834,40.60531],[-73.90014,40.60561],[-73.9011,40.60708],[-73.90028,40.61008],[-73.90141,40.6111],[-73.90137,40.61171],[-73.9025,40.61182],[-73.90133,40.61049],[-73.90265,40.61179],[-73.90236,40.61199],[-73.90305,40.6121],[-73.90256,40.61217],[-73.90717,40.61602],[-73.90674,40.6163],[-73.90726,40.6161],[-73.90711,40.61662],[-73.90753,40.61635],[-73.90724,40.61656],[-73.90762,40.6169],[-73.90879,40.61744],[-73.90863,40.61718],[-73.90907,40.61717],[-73.90836,40.61654],[-73.9088,40.61688],[-73.90914,40.61654],[-73.90797,40.61575],[-73.90918,40.61653],[-73.90896,40.617],[-73.9096,40.6164],[-73.90422,40.61236],[-73.90429,40.61203],[-73.90226,40.61043],[-73.90164,40.60577],[-73.90524,40.60492],[-73.90598,40.60639],[-73.9081,40.60629],[-73.90864,40.60667],[-73.90985,40.60601],[-73.90833,40.60408],[-73.91092,40.60351],[-73.91365,40.60399],[-73.91674,40.60682],[-73.91632,40.60868],[-73.91679,40.60878],[-73.91663,40.60945],[-73.91684,40.60877],[-73.91651,40.60864],[-73.91709,40.60883],[-73.91617,40.61052],[-73.9145,40.61166],[-73.91494,40.61397],[-73.91386,40.61465],[-73.91422,40.61494],[-73.91642,40.61358],[-73.91592,40.61385],[-73.91577,40.61355],[-73.91625,40.61363],[-73.91575,40.61339],[-73.9164,40.61346],[-73.91587,40.61292],[-73.91663,40.61345],[-73.91573,40.61184],[-73.91811,40.61022],[-73.91773,40.60979],[-73.91787,40.60934],[-73.91768,40.60967],[-73.91796,40.60879],[-73.91788,40.60932],[-73.91856,40.60851],[-73.91801,40.60816],[-73.91857,40.6085],[-73.91901,40.60828],[-73.91814,40.60765],[-73.91902,40.60827],[-73.91936,40.60805],[-73.91825,40.60724],[-73.9185,40.60708],[-73.91937,40.60804],[-73.91952,40.60775],[-73.91443,40.60287],[-73.91369,40.60286],[-73.91364,40.60253],[-73.91347,40.60292],[-73.9135,40.60238],[-73.91302,40.60276],[-73.91348,40.60236],[-73.91312,40.60223],[-73.91271,40.6027],[-73.91306,40.60221],[-73.91159,40.60214],[-73.91254,40.60237],[-73.91155,40.60245],[-73.91257,40.60269],[-73.91087,40.6025],[-73.91152,40.60241],[-73.91094,40.60214],[-73.91156,40.60216],[-73.91076,40.60204],[-73.91075,40.60245],[-73.90904,40.60269],[-73.91071,40.60243],[-73.91071,40.60215],[-73.90941,40.6022],[-73.91073,40.60203],[-73.90904,40.60163],[-73.90784,40.60228],[-73.9043,40.60268],[-73.90373,40.60242],[-73.90193,40.60319],[-73.89933,40.60356],[-73.89562,40.60302],[-73.89241,40.60331],[-73.88773,40.60528],[-73.88478,40.60515],[-73.88397,40.60556],[-73.88272,40.60419],[-73.88337,40.60289],[-73.88181,40.59937],[-73.87991,40.59206],[-73.87942,40.59214],[-73.8799,40.59203],[-73.87972,40.59141],[-73.87936,40.59085],[-73.87897,40.59091],[-73.87929,40.59067],[-73.87879,40.58804],[-73.87672,40.58492],[-73.8797,40.58014],[-73.88174,40.5796],[-73.88175,40.57917],[-73.88614,40.57814],[-73.89119,40.57788],[-73.89553,40.57678],[-73.89651,40.57902],[-73.89675,40.5832],[-73.89816,40.58536],[-73.89794,40.58589],[-73.89826,40.58679],[-73.89892,40.58755],[-73.89973,40.58717],[-73.89903,40.58768],[-73.89981,40.58802],[-73.90122,40.58739],[-73.90003,40.58788],[-73.90072,40.58809],[-73.9021,40.58736],[-73.90427,40.58692],[-73.90652,40.58803],[-73.90713,40.58754],[-73.90644,40.58704],[-73.91089,40.58596],[-73.91153,40.58611],[-73.91197,40.58671],[-73.91206,40.58875],[-73.91144,40.59109],[-73.91203,40.59438],[-73.91355,40.59673],[-73.91507,40.59801],[-73.91517,40.59868],[-73.91862,40.60068],[-73.92171,40.60175],[-73.92297,40.60111],[-73.92394,40.59972],[-73.92471,40.59975],[-73.928,40.60194],[-73.92884,40.60213],[-73.92964,40.60298],[-73.92909,40.6038],[-73.93003,40.60365],[-73.93017,40.60401],[-73.93118,40.60386],[-73.93212,40.6027],[-73.93033,40.60119],[-73.92936,40.60099],[-73.92923,40.6005],[-73.92859,40.60062],[-73.9272,40.59992],[-73.9229,40.59646],[-73.92178,40.59504],[-73.92034,40.59474],[-73.91818,40.59312],[-73.91641,40.59115],[-73.91488,40.59032],[-73.91455,40.58886],[-73.91726,40.58749],[-73.91806,40.58644],[-73.91917,40.58596],[-73.92041,40.5861],[-73.92091,40.5856],[-73.92235,40.58603],[-73.92493,40.58568],[-73.92721,40.58773],[-73.92765,40.58747],[-73.92736,40.58803],[-73.92808,40.58771],[-73.92741,40.58821],[-73.92802,40.58808],[-73.92746,40.58831],[-73.92776,40.58867],[-73.92395,40.59115],[-73.9246,40.59121],[-73.92863,40.58858],[-73.92838,40.58899],[-73.92895,40.58892],[-73.92867,40.58915],[-73.92922,40.58882],[-73.92876,40.58916],[-73.93004,40.58943],[-73.93065,40.5903],[-73.93036,40.59256],[-73.92971,40.59313],[-73.93004,40.59307],[-73.92974,40.59315],[-73.92996,40.59401],[-73.93008,40.5936],[-73.93053,40.59389],[-73.93055,40.59421],[-73.93004,40.59411],[-73.93043,40.59441],[-73.93177,40.59429],[-73.93082,40.59454],[-73.93261,40.59494],[-73.93268,40.59424],[-73.93114,40.59202],[-73.9314,40.59181],[-73.93101,40.59194],[-73.93156,40.5913],[-73.93121,40.58954],[-73.93069,40.58883],[-73.93009,40.589],[-73.93065,40.58868],[-73.9304,40.58847],[-73.92973,40.58862],[-73.93039,40.58845],[-73.92972,40.58757],[-73.93135,40.58734],[-73.93125,40.58686],[-73.92858,40.58707],[-73.92808,40.58671],[-73.92816,40.58587],[-73.92737,40.58601],[-73.92752,40.58641],[-73.92731,40.58587],[-73.92529,40.58465],[-73.9202,40.58464],[-73.91566,40.58623],[-73.9135,40.5861],[-73.91259,40.58557],[-73.91246,40.58336],[-73.91463,40.58277],[-73.91499,40.58316],[-73.91614,40.58287],[-73.9173,40.5832],[-73.91541,40.58237],[-73.91191,40.58297],[-73.91129,40.58232],[-73.91157,40.58179],[-73.91506,40.58155],[-73.92444,40.58357],[-73.92963,40.58341],[-73.93118,40.58272],[-73.93195,40.58312],[-73.93569,40.58328],[-73.93583,40.58303],[-73.93613,40.58332],[-73.9361,40.58296],[-73.93763,40.5831],[-73.93701,40.58302],[-73.93713,40.58335],[-73.94103,40.58308],[-73.94158,40.58362],[-73.94255,40.58352],[-73.94202,40.58312],[-73.9427,40.58352],[-73.94305,40.5835],[-73.94256,40.58314],[-73.94355,40.58348],[-73.94323,40.58314],[-73.94369,40.58348],[-73.94407,40.58348],[-73.94377,40.58315],[-73.94462,40.5835],[-73.94432,40.58317],[-73.94518,40.58353],[-73.94485,40.58317],[-73.94573,40.58355],[-73.94538,40.58319],[-73.94629,40.58358],[-73.9458,40.5832],[-73.94644,40.58357],[-73.94679,40.58356],[-73.94632,40.58322],[-73.94692,40.58355],[-73.94727,40.58354],[-73.94682,40.5832],[-73.94747,40.58354],[-73.95349,40.583],[-73.9533,40.58201],[-73.9497,40.58233],[-73.94274,40.581],[-73.93258,40.58127],[-73.93106,40.57627],[-73.9315,40.57567],[-73.93486,40.57554],[-73.93489,40.57523],[-73.93647,40.57587],[-73.93671,40.57543],[-73.94251,40.57538],[-73.94428,40.57581],[-73.94463,40.5757],[-73.9446,40.57524],[-73.94572,40.57557],[-73.94618,40.57531],[-73.94593,40.57512],[-73.95258,40.57421],[-73.9557,40.57434],[-73.95635,40.57422],[-73.95635,40.57381],[-73.95657,40.57418],[-73.95844,40.5741],[-73.95897,40.57396],[-73.95899,40.57344],[-73.9591,40.57387],[-73.95983,40.57394],[-73.9672,40.57333],[-73.96743,40.57299],[-73.96945,40.57287],[-73.96925,40.57231],[-73.96976,40.57286],[-73.97133,40.57265],[-73.97118,40.57195],[-73.97161,40.57264],[-73.9725,40.57258],[-73.97335,40.57233],[-73.97325,40.57163],[-73.97373,40.5723],[-73.97547,40.57198],[-73.97541,40.57143],[-73.97593,40.57203],[-73.97727,40.57187],[-73.97767,40.57174],[-73.97767,40.57118],[-73.97808,40.57124],[-73.97772,40.57126],[-73.97781,40.57176],[-73.97846,40.5719],[-73.97985,40.57155],[-73.97943,40.57123],[-73.98001,40.57172],[-73.98204,40.57149],[-73.98157,40.57126],[-73.98283,40.57155],[-73.98367,40.57142],[-73.98341,40.57017],[-73.98304,40.57015],[-73.98339,40.5701],[-73.98336,40.56954],[-73.98349,40.5701],[-73.98384,40.57012],[-73.98349,40.57016],[-73.98376,40.5714],[-73.99026,40.57072],[-73.99077,40.57061],[-73.99079,40.57026],[-73.99119,40.57062],[-73.99298,40.57021],[-73.99494,40.57036],[-73.99519,40.57003],[-73.99529,40.57033],[-74.00078,40.5705],[-74.00201,40.57022],[-74.00209,40.56959],[-74.00249,40.57175],[-74.0048,40.57289],[-74.01116,40.57417],[-74.01232,40.57566],[-74.01303,40.57781],[-74.01282,40.57844],[-74.01118,40.58029],[-74.00746,40.58181],[-74.00605,40.58199],[-74.00056,40.58131],[-73.99818,40.58173],[-73.99777,40.58146],[-73.99772,40.58072],[-73.99216,40.57933],[-73.99036,40.57943],[-73.98899,40.57884],[-73.98739,40.5791],[-73.9867,40.57982],[-73.98702,40.58003],[-73.98589,40.58115],[-73.98605,40.58173],[-73.98695,40.58114],[-73.98802,40.57965],[-73.98996,40.58067],[-73.98833,40.58367],[-73.9919,40.58694],[-73.9922,40.58742],[-73.99148,40.5878],[-73.99256,40.58993],[-73.99037,40.59144],[-73.98962,40.59099],[-73.98506,40.59568],[-73.96549,40.59784],[-73.96591,40.60009],[-73.95683,40.6011],[-73.95728,40.60348],[-73.95443,40.6038],[-73.95398,40.60141],[-73.94517,40.60238],[-73.94562,40.60477],[-73.94177,40.60519],[-73.94231,40.60828],[-73.93935,40.6102],[-73.94116,40.61183],[-73.93173,40.61794],[-73.9306,40.61693],[-73.93102,40.62112],[-73.93005,40.62119],[-73.93028,40.62339],[-73.92737,40.62357],[-73.92761,40.62583],[-73.91994,40.62632],[-73.92019,40.62865],[-73.91824,40.62878],[-73.91966,40.64209],[-73.91795,40.64317],[-73.91758,40.64284],[-73.9157,40.64405],[-73.91472,40.64317],[-73.91112,40.64486],[-73.9066,40.64776],[-73.9084,40.6494],[-73.91176,40.64723],[-73.91325,40.64907],[-73.90856,40.6521],[-73.9196,40.662],[-73.91963,40.66256],[-73.9187,40.6627],[-73.92005,40.66828],[-73.92275,40.66711],[-73.92263,40.66838],[-73.91696,40.67072],[-73.91677,40.6734],[-73.92508,40.67385],[-73.925,40.67474],[-73.92539,40.67477],[-73.92478,40.67717],[-73.9497,40.67837],[-73.95531,40.67928],[-73.95548,40.67758],[-73.96796,40.6802],[-73.96753,40.68178],[-73.97187,40.68268],[-73.97231,40.68547],[-73.97307,40.68577],[-73.97703,40.6852],[-73.97736,40.68692],[-73.97559,40.68709],[-73.9761,40.68974],[-73.96808,40.68946],[-73.95357,40.69113],[-73.95431,40.6948],[-73.93779,40.6967],[-73.93818,40.69865],[-73.92207,40.6895]]]]}},{"type":"Feature","properties":{"id":10},"geometry":{"type":"MultiPolygon","coordinates":[[[[-74.04388,40.6902],[-74.04351,40.6897],[-74.04256,40.68997],[-74.04347,40.68965],[-74.04364,40.68877],[-74.04439,40.68852],[-74.04628,40.68934],[-74.0468,40.68996],[-74.04748,40.68962],[-74.04773,40.68992],[-74.04689,40.69007],[-74.04717,40.691],[-74.04615,40.69113],[-74.04388,40.6902]]],[[[-74.01675,40.69335],[-74.01513,40.69325],[-74.01344,40.69212],[-74.01181,40.69249],[-74.0119,40.6921],[-74.01333,40.69203],[-74.01261,40.69137],[-74.01204,40.69151],[-74.01253,40.69115],[-74.01183,40.69107],[-74.0122,40.69104],[-74.01231,40.68929],[-74.01317,40.68816],[-74.01488,40.68726],[-74.01605,40.68735],[-74.01705,40.68688],[-74.01665,40.68642],[-74.01515,40.68645],[-74.01667,40.68631],[-74.01712,40.68685],[-74.02055,40.68528],[-74.02021,40.68484],[-74.0194,40.6851],[-74.02095,40.68439],[-74.02028,40.68482],[-74.02061,40.68525],[-74.0226,40.68437],[-74.02213,40.68378],[-74.02306,40.68293],[-74.02237,40.68379],[-74.02276,40.68429],[-74.02465,40.68399],[-74.02634,40.68481],[-74.02643,40.68618],[-74.02021,40.69204],[-74.01973,40.69312],[-74.01675,40.69335]]],[[[-74.04037,40.70013],[-74.03886,40.69963],[-74.03836,40.69868],[-74.03993,40.69855],[-74.04026,40.69881],[-74.03982,40.69901],[-74.04074,40.70008],[-74.04037,40.70013]]],[[[-73.97906,40.70595],[-73.98028,40.70305],[-73.98003,40.70215],[-73.98091,40.70187],[-73.98085,40.7013],[-73.98675,40.70153],[-73.9868,40.70064],[-73.99026,40.70076],[-73.98975,40.70041],[-73.99009,40.69508],[-73.99074,40.69504],[-73.99045,40.69373],[-73.99097,40.69256],[-73.98179,40.69203],[-73.98206,40.69132],[-73.98084,40.68887],[-73.9814,40.68795],[-73.97984,40.68735],[-73.97936,40.68669],[-73.97736,40.68692],[-73.97703,40.6852],[-73.97307,40.68577],[-73.97231,40.68547],[-73.97187,40.68268],[-73.96753,40.68178],[-73.96796,40.6802],[-73.96407,40.67939],[-73.96333,40.67557],[-73.9663,40.67619],[-73.96661,40.67531],[-73.96314,40.67458],[-73.96257,40.67163],[-73.96749,40.67287],[-73.9692,40.6728],[-73.96239,40.6631],[-73.96308,40.66214],[-73.96188,40.65489],[-73.96621,40.6532],[-73.96466,40.6509],[-73.9714,40.64827],[-73.97156,40.64883],[-73.97284,40.64873],[-73.97466,40.64777],[-73.98133,40.64719],[-73.98063,40.64352],[-73.98189,40.64303],[-73.98123,40.64205],[-73.98329,40.64123],[-73.98292,40.64042],[-73.987,40.6365],[-73.9848,40.63517],[-73.99005,40.63013],[-73.99225,40.63146],[-73.99516,40.62866],[-73.99612,40.62924],[-73.99724,40.6253],[-74.00032,40.62715],[-74.0009,40.62659],[-74.0031,40.62792],[-74.00252,40.62848],[-74.00472,40.62981],[-74.0053,40.62925],[-74.0075,40.63058],[-74.00876,40.62938],[-74.01,40.63012],[-74.01143,40.62917],[-74.01432,40.63092],[-74.0149,40.63036],[-74.02352,40.63462],[-74.02866,40.63655],[-74.02828,40.63748],[-74.03559,40.63977],[-74.03596,40.63883],[-74.03651,40.63902],[-74.03717,40.63829],[-74.03571,40.64065],[-74.0367,40.64169],[-74.03407,40.64432],[-74.0323,40.64359],[-74.03254,40.64383],[-74.0319,40.6439],[-74.03052,40.64528],[-74.02908,40.64441],[-74.02886,40.64487],[-74.02909,40.64459],[-74.0285,40.64419],[-74.02819,40.64442],[-74.02846,40.64416],[-74.02821,40.64402],[-74.02605,40.64627],[-74.02974,40.64849],[-74.02939,40.64881],[-74.02572,40.64662],[-74.02507,40.64673],[-74.02415,40.64762],[-74.02513,40.64833],[-74.02554,40.64979],[-74.02485,40.65061],[-74.02605,40.651],[-74.02553,40.65149],[-74.02477,40.6507],[-74.02424,40.65114],[-74.02542,40.65194],[-74.02418,40.6512],[-74.02285,40.65118],[-74.02537,40.65273],[-74.02154,40.65068],[-74.02105,40.65111],[-74.02234,40.65192],[-74.0209,40.65126],[-74.02381,40.65305],[-74.02196,40.65223],[-74.02119,40.65285],[-74.02321,40.6541],[-74.02163,40.65365],[-74.02115,40.65422],[-74.02183,40.65466],[-74.02165,40.65489],[-74.01862,40.6535],[-74.01812,40.65389],[-74.02026,40.65513],[-74.02005,40.65534],[-74.01788,40.65407],[-74.01715,40.65478],[-74.01971,40.65659],[-74.01727,40.6552],[-74.0164,40.65563],[-74.01911,40.65738],[-74.01861,40.65785],[-74.01586,40.65622],[-74.01544,40.65664],[-74.01787,40.65832],[-74.01505,40.65696],[-74.01442,40.65762],[-74.01746,40.65946],[-74.01554,40.66077],[-74.01184,40.65892],[-74.01111,40.65971],[-74.01402,40.66154],[-74.01316,40.66199],[-74.0086,40.65953],[-74.00746,40.66057],[-74.01037,40.66241],[-74.00955,40.66328],[-74.00869,40.66338],[-74.00616,40.66185],[-74.00569,40.66228],[-74.00429,40.66145],[-74.00623,40.6628],[-74.00593,40.66312],[-74.00381,40.66192],[-74.00349,40.66225],[-74.006,40.66327],[-74.00561,40.66347],[-74.00768,40.6648],[-74.00731,40.66461],[-74.00713,40.66492],[-74.00653,40.66456],[-74.00688,40.66435],[-74.00584,40.66415],[-74.00605,40.66385],[-74.00564,40.66454],[-74.00565,40.66391],[-74.00363,40.66274],[-74.0034,40.66299],[-74.00528,40.66467],[-74.00486,40.66507],[-74.00114,40.66291],[-73.99953,40.66441],[-74.00293,40.66647],[-74.00162,40.66677],[-74.00069,40.66755],[-73.99998,40.66746],[-73.99903,40.66845],[-73.99866,40.66952],[-73.99877,40.67161],[-74.0003,40.66873],[-74.00106,40.66895],[-74.00142,40.66837],[-74.00222,40.66859],[-74.0029,40.66736],[-74.00587,40.668],[-74.00697,40.66606],[-74.00476,40.67073],[-74.00544,40.67093],[-74.00755,40.66706],[-74.0078,40.66717],[-74.00709,40.6686],[-74.00986,40.66853],[-74.01154,40.66509],[-74.01575,40.66458],[-74.0169,40.66485],[-74.01789,40.66586],[-74.01858,40.6704],[-74.01934,40.67163],[-74.01751,40.67104],[-74.01649,40.66494],[-74.01603,40.66487],[-74.01594,40.66548],[-74.01228,40.66574],[-74.01034,40.66909],[-74.01091,40.6692],[-74.01087,40.66972],[-74.01154,40.66979],[-74.01163,40.67059],[-74.01425,40.66974],[-74.01175,40.67067],[-74.01428,40.67139],[-74.0152,40.67076],[-74.01387,40.67189],[-74.01423,40.67214],[-74.01569,40.67105],[-74.01298,40.67334],[-74.01337,40.6736],[-74.01512,40.67217],[-74.01632,40.67292],[-74.01458,40.67442],[-74.01497,40.67469],[-74.01817,40.67195],[-74.0188,40.67226],[-74.01727,40.67362],[-74.01801,40.67392],[-74.01784,40.67527],[-74.0183,40.67547],[-74.01839,40.67511],[-74.01889,40.6751],[-74.01851,40.67585],[-74.01802,40.67589],[-74.01792,40.67652],[-74.01977,40.67662],[-74.01995,40.67711],[-74.01908,40.67715],[-74.01918,40.67784],[-74.01843,40.67792],[-74.01841,40.67842],[-74.01966,40.67839],[-74.01827,40.67856],[-74.01858,40.67899],[-74.01954,40.67898],[-74.01928,40.67966],[-74.01282,40.68363],[-74.01214,40.68291],[-74.01411,40.68172],[-74.01361,40.68123],[-74.01388,40.68102],[-74.01302,40.68042],[-74.00967,40.68328],[-74.01077,40.68437],[-74.01178,40.68377],[-74.01218,40.6841],[-74.00836,40.68641],[-74.00588,40.6862],[-74.00563,40.68679],[-74.00783,40.68739],[-74.00742,40.68821],[-74.00501,40.68761],[-74.00459,40.68822],[-74.00679,40.68884],[-74.00637,40.68968],[-74.00382,40.68894],[-74.00341,40.68962],[-74.00576,40.69024],[-74.00534,40.6911],[-74.00096,40.69014],[-74.0007,40.69062],[-74.0048,40.69177],[-74.00441,40.69254],[-74.00197,40.69185],[-74.00181,40.69225],[-74.00216,40.69225],[-74.00175,40.69242],[-74.00401,40.69322],[-74.00345,40.69406],[-74.00127,40.6933],[-74.00096,40.69408],[-74.00302,40.69479],[-74.0024,40.69572],[-74.00027,40.69497],[-73.99948,40.69671],[-73.99877,40.69713],[-74.00105,40.69792],[-74.00049,40.69877],[-73.99838,40.69807],[-73.99802,40.69877],[-74.00002,40.69947],[-73.99948,40.70033],[-73.99716,40.6998],[-73.9967,40.70089],[-73.99814,40.70153],[-73.99619,40.70339],[-73.99514,40.70298],[-73.99545,40.70328],[-73.99466,40.70344],[-73.99503,40.70382],[-73.99478,40.70425],[-73.99351,40.70463],[-73.99213,40.7047],[-73.99186,40.70409],[-73.99095,40.70404],[-73.99023,40.70494],[-73.9883,40.70455],[-73.98829,40.70508],[-73.98796,40.70514],[-73.98653,40.70499],[-73.98644,40.70536],[-73.98103,40.70591],[-73.98233,40.70556],[-73.98093,40.70538],[-73.98091,40.70592],[-73.97906,40.70595]]],[[[-73.96715,40.71832],[-73.96656,40.71802],[-73.96707,40.71845],[-73.96715,40.71832]]],[[[-73.96644,40.71925],[-73.96574,40.71872],[-73.96664,40.71914],[-73.96644,40.71925]]],[[[-73.96503,40.72039],[-73.96568,40.72069],[-73.9656,40.72075],[-73.96503,40.72039]]],[[[-73.96484,40.7208],[-73.96436,40.72049],[-73.96485,40.72096],[-73.96484,40.7208]]],[[[-73.96403,40.72089],[-73.96407,40.72081],[-73.96438,40.721],[-73.96403,40.72089]]],[[[-73.96424,40.72062],[-73.96495,40.72143],[-73.96484,40.72147],[-73.96424,40.72062]]],[[[-74.00489,40.74249],[-74.00156,40.74109],[-74.00202,40.74045],[-73.99919,40.73925],[-73.99786,40.74106],[-73.99502,40.73987],[-73.99545,40.73928],[-73.99033,40.73714],[-73.99172,40.73522],[-73.9899,40.73444],[-73.98986,40.73533],[-73.98829,40.73467],[-73.98878,40.73397],[-73.98718,40.7333],[-73.98668,40.73399],[-73.98524,40.73338],[-73.98436,40.73461],[-73.98355,40.73427],[-73.98545,40.73167],[-73.98086,40.72973],[-73.98133,40.72909],[-73.979,40.72811],[-73.97803,40.72944],[-73.97567,40.72847],[-73.97163,40.72664],[-73.97177,40.72584],[-73.97429,40.7166],[-73.97643,40.71192],[-73.97782,40.71065],[-73.98129,40.71023],[-73.98125,40.70983],[-73.98839,40.70914],[-73.9888,40.70997],[-73.99808,40.70852],[-74.00119,40.70687],[-74.00098,40.70642],[-74.00141,40.70619],[-74.00059,40.70542],[-74.00146,40.70488],[-74.00257,40.70553],[-74.00197,40.70475],[-74.00243,40.70469],[-74.00332,40.70564],[-74.00383,40.70531],[-74.00263,40.70423],[-74.00287,40.70408],[-74.00406,40.70516],[-74.0066,40.70369],[-74.0055,40.70244],[-74.00679,40.70358],[-74.00929,40.70194],[-74.0087,40.70115],[-74.00776,40.70156],[-74.00759,40.70134],[-74.00854,40.70093],[-74.00835,40.70068],[-74.00862,40.70056],[-74.00959,40.70185],[-74.01118,40.70146],[-74.0108,40.70022],[-74.01115,40.70091],[-74.01134,40.70058],[-74.01173,40.70078],[-74.01163,40.70047],[-74.01209,40.70069],[-74.01196,40.70005],[-74.01239,40.70063],[-74.01262,40.70012],[-74.01311,40.70052],[-74.01311,40.69978],[-74.01327,40.70051],[-74.01368,40.70013],[-74.01356,40.70095],[-74.01395,40.701],[-74.01422,40.70012],[-74.01429,40.70065],[-74.01467,40.70022],[-74.01433,40.70067],[-74.01464,40.70083],[-74.0151,40.70034],[-74.01468,40.70084],[-74.01579,40.70136],[-74.01788,40.70355],[-74.01757,40.70419],[-74.01782,40.70395],[-74.01866,40.70444],[-74.01748,40.70468],[-74.01889,40.70474],[-74.01934,40.7061],[-74.01912,40.70698],[-74.01854,40.70693],[-74.01819,40.70783],[-74.01886,40.70806],[-74.01777,40.71284],[-74.0178,40.71235],[-74.01663,40.71217],[-74.01632,40.71342],[-74.01758,40.7136],[-74.01773,40.71308],[-74.01671,40.71863],[-74.01321,40.71832],[-74.01307,40.71893],[-74.01291,40.71974],[-74.01342,40.72003],[-74.01638,40.72038],[-74.01631,40.72074],[-74.013,40.72034],[-74.0129,40.72088],[-74.0157,40.72121],[-74.01562,40.72155],[-74.01316,40.72126],[-74.01362,40.72159],[-74.01254,40.72151],[-74.01165,40.72588],[-74.01516,40.72633],[-74.01513,40.7268],[-74.01154,40.72646],[-74.01138,40.72824],[-74.01439,40.72847],[-74.01409,40.73067],[-74.01116,40.73046],[-74.01099,40.73233],[-74.01094,40.73302],[-74.014,40.73308],[-74.014,40.73334],[-74.01073,40.73347],[-74.01083,40.73402],[-74.01202,40.73407],[-74.012,40.73435],[-74.01082,40.73429],[-74.01048,40.73807],[-74.01114,40.7384],[-74.01046,40.73837],[-74.01039,40.73918],[-74.01158,40.73927],[-74.01146,40.74059],[-74.01266,40.74076],[-74.0095,40.74074],[-74.00962,40.74137],[-74.0114,40.74183],[-74.01084,40.7426],[-74.0087,40.74237],[-74.00826,40.74468],[-74.00681,40.74407],[-74.00723,40.74348],[-74.00489,40.74249]]],[[[-74.00937,40.74219],[-74.01009,40.7425],[-74.00982,40.74217],[-74.01017,40.74168],[-74.00936,40.74143],[-74.00937,40.74219]]]]}},{"type":"Feature","properties":{"id":11},"geometry":{"type":"MultiPolygon","coordinates":[[[[-74.05051,40.56643],[-74.04932,40.5659],[-74.04924,40.56537],[-74.05003,40.56533],[-74.05075,40.5659],[-74.05107,40.56673],[-74.05051,40.56643]]],[[[-74.05314,40.57771],[-74.05406,40.57712],[-74.0549,40.57779],[-74.05485,40.57995],[-74.05369,40.58056],[-74.05293,40.57991],[-74.05314,40.57771]]],[[[-74.03673,40.63915],[-74.03681,40.63899],[-74.03876,40.6396],[-74.03673,40.63915]]],[[[-74.0335,40.6391],[-74.02828,40.63748],[-74.02866,40.63655],[-74.02352,40.63462],[-74.0149,40.63036],[-74.01432,40.63092],[-74.01143,40.62917],[-74.01,40.63012],[-74.00876,40.62938],[-74.0075,40.63058],[-74.0053,40.62925],[-74.00472,40.62981],[-74.00252,40.62848],[-74.0031,40.62792],[-74.0009,40.62659],[-74.00032,40.62715],[-73.99724,40.6253],[-73.99749,40.62453],[-73.9965,40.62393],[-73.99591,40.62451],[-73.99126,40.62168],[-73.99155,40.6214],[-73.98714,40.61875],[-73.98807,40.61786],[-73.98249,40.61443],[-73.98216,40.61316],[-73.98266,40.6127],[-73.98163,40.60787],[-73.98348,40.60767],[-73.98307,40.60551],[-73.98017,40.60519],[-73.97983,40.60338],[-73.97783,40.60359],[-73.97651,40.59662],[-73.98506,40.59568],[-73.98962,40.59099],[-73.99037,40.59144],[-73.99256,40.58993],[-73.99148,40.5878],[-73.9922,40.58742],[-73.9919,40.58694],[-73.98833,40.58367],[-73.98972,40.58085],[-73.99163,40.58109],[-73.99186,40.58163],[-73.99026,40.58463],[-73.99547,40.58222],[-74.00031,40.58319],[-74.00036,40.58419],[-73.99809,40.58537],[-73.99971,40.5857],[-73.99957,40.58625],[-73.99815,40.58654],[-73.99408,40.5887],[-73.99555,40.58827],[-73.9951,40.5886],[-73.99796,40.58728],[-73.99488,40.58878],[-73.99535,40.58934],[-74.00012,40.58696],[-74.00038,40.58648],[-74.00038,40.58714],[-73.99788,40.58835],[-73.99867,40.5892],[-73.99924,40.58894],[-73.99947,40.58924],[-73.99838,40.58978],[-73.99884,40.58963],[-73.99845,40.58987],[-73.99878,40.59032],[-73.99711,40.59129],[-73.99719,40.59161],[-73.99807,40.59122],[-73.99728,40.59172],[-73.99755,40.59193],[-73.99946,40.59111],[-74.00023,40.59149],[-73.99903,40.59232],[-73.99948,40.59298],[-73.99839,40.59354],[-74.0011,40.59253],[-74.00412,40.59646],[-74.00922,40.59985],[-74.01237,40.60136],[-74.01579,40.60229],[-74.01914,40.60262],[-74.02102,40.60356],[-74.03005,40.60477],[-74.03271,40.60634],[-74.03604,40.6093],[-74.03696,40.61126],[-74.03903,40.61317],[-74.04038,40.61535],[-74.04162,40.62057],[-74.0419,40.62433],[-74.04109,40.63011],[-74.03717,40.63829],[-74.03651,40.63902],[-74.03596,40.63883],[-74.03559,40.63977],[-74.0335,40.6391]]],[[[-74.15946,40.64146],[-74.16111,40.64184],[-74.16154,40.64416],[-74.1581,40.64377],[-74.15756,40.64325],[-74.15946,40.64146]]],[[[-74.08221,40.64829],[-74.08142,40.64851],[-74.079,40.64815],[-74.07651,40.64698],[-74.07445,40.64508],[-74.07359,40.64501],[-74.07386,40.64543],[-74.07334,40.64579],[-74.07369,40.64531],[-74.07303,40.64514],[-74.07306,40.64482],[-74.07343,40.64501],[-74.07312,40.64472],[-74.07259,40.6448],[-74.0727,40.64445],[-74.07166,40.64504],[-74.07229,40.64427],[-74.07113,40.64321],[-74.07211,40.64247],[-74.07033,40.64253],[-74.07324,40.64219],[-74.07315,40.64186],[-74.0702,40.64202],[-74.07309,40.64165],[-74.07289,40.64093],[-74.06999,40.64108],[-74.07308,40.64052],[-74.07309,40.63863],[-74.07238,40.63817],[-74.07349,40.6378],[-74.07337,40.63662],[-74.0721,40.63666],[-74.07336,40.63654],[-74.07291,40.63364],[-74.07333,40.63207],[-74.07299,40.63032],[-74.06802,40.6288],[-74.06813,40.62855],[-74.07291,40.63],[-74.0723,40.62715],[-74.07353,40.62687],[-74.07271,40.62688],[-74.07226,40.62462],[-74.07003,40.62146],[-74.06649,40.61891],[-74.06596,40.61937],[-74.0662,40.61873],[-74.06545,40.61921],[-74.06668,40.61808],[-74.06642,40.61788],[-74.06605,40.6182],[-74.06496,40.61778],[-74.06426,40.61818],[-74.0651,40.61752],[-74.06444,40.61707],[-74.06391,40.61734],[-74.06433,40.617],[-74.06144,40.61439],[-74.06034,40.61191],[-74.05986,40.61211],[-74.06,40.61279],[-74.05977,40.61206],[-74.06027,40.61183],[-74.05948,40.6117],[-74.05892,40.61106],[-74.05909,40.61064],[-74.05717,40.60875],[-74.0565,40.60726],[-74.05552,40.60649],[-74.05516,40.60674],[-74.05506,40.60627],[-74.05381,40.60592],[-74.05361,40.60525],[-74.05402,40.60494],[-74.05303,40.60147],[-74.05342,40.60052],[-74.05223,40.59983],[-74.05287,40.59988],[-74.05448,40.59876],[-74.05964,40.59372],[-74.06215,40.59203],[-74.06503,40.589],[-74.06436,40.58828],[-74.06478,40.5885],[-74.06722,40.58674],[-74.07096,40.58319],[-74.07149,40.58218],[-74.07066,40.58163],[-74.07178,40.58188],[-74.075,40.57924],[-74.07336,40.57828],[-74.07508,40.57917],[-74.0758,40.57832],[-74.07535,40.5779],[-74.07602,40.57825],[-74.07926,40.57568],[-74.07868,40.57509],[-74.07934,40.57564],[-74.0805,40.57499],[-74.08595,40.57031],[-74.08691,40.56899],[-74.08622,40.56854],[-74.08725,40.56909],[-74.08925,40.56702],[-74.08998,40.56739],[-74.091,40.56675],[-74.09407,40.56274],[-74.09543,40.56316],[-74.09662,40.5621],[-74.0982,40.55984],[-74.09829,40.55934],[-74.09782,40.55906],[-74.09877,40.55943],[-74.1008,40.55833],[-74.10185,40.55623],[-74.10136,40.55559],[-74.10265,40.55614],[-74.1031,40.55591],[-74.10466,40.55413],[-74.10509,40.55324],[-74.10485,40.55303],[-74.10648,40.55417],[-74.10735,40.55416],[-74.11029,40.5515],[-74.11279,40.54789],[-74.11474,40.548],[-74.11546,40.54752],[-74.11655,40.54788],[-74.11804,40.54731],[-74.11978,40.54548],[-74.1225,40.54487],[-74.12638,40.54053],[-74.13071,40.53454],[-74.13357,40.53152],[-74.13691,40.52929],[-74.13729,40.52975],[-74.13893,40.53004],[-74.13915,40.53153],[-74.14061,40.53414],[-74.14037,40.53532],[-74.13577,40.53524],[-74.13381,40.53565],[-74.13303,40.53625],[-74.13337,40.53636],[-74.13301,40.53626],[-74.1312,40.53788],[-74.13153,40.53773],[-74.13129,40.53796],[-74.13182,40.53832],[-74.13211,40.53806],[-74.1317,40.53787],[-74.13243,40.53778],[-74.13191,40.53754],[-74.13245,40.53777],[-74.13276,40.53751],[-74.1324,40.53713],[-74.13278,40.53749],[-74.13308,40.53724],[-74.13256,40.537],[-74.13339,40.53697],[-74.13304,40.53658],[-74.13341,40.53695],[-74.13386,40.53661],[-74.12997,40.53998],[-74.13021,40.53971],[-74.12969,40.53948],[-74.13052,40.53943],[-74.13,40.53918],[-74.13054,40.53942],[-74.13084,40.53916],[-74.13049,40.53877],[-74.13086,40.53914],[-74.13115,40.53888],[-74.13066,40.53863],[-74.13118,40.53886],[-74.13148,40.53861],[-74.13098,40.53835],[-74.13179,40.53833],[-74.13117,40.53791],[-74.12813,40.54056],[-74.12739,40.54244],[-74.12793,40.54338],[-74.12763,40.54362],[-74.12799,40.54349],[-74.12965,40.54567],[-74.13111,40.5464],[-74.13347,40.54686],[-74.13586,40.54646],[-74.13718,40.5458],[-74.13612,40.54503],[-74.13639,40.54486],[-74.13719,40.54579],[-74.13751,40.54559],[-74.13659,40.54485],[-74.13687,40.54469],[-74.13795,40.54601],[-74.13887,40.54514],[-74.13763,40.54426],[-74.13876,40.54494],[-74.13902,40.54472],[-74.13804,40.54391],[-74.13903,40.54471],[-74.13954,40.5443],[-74.13915,40.54452],[-74.13942,40.54421],[-74.13898,40.54438],[-74.13922,40.54407],[-74.13888,40.54425],[-74.13884,40.5438],[-74.13859,40.54411],[-74.13882,40.54379],[-74.13828,40.54387],[-74.13834,40.54356],[-74.13957,40.54428],[-74.13984,40.54406],[-74.13871,40.5433],[-74.13891,40.54314],[-74.13987,40.54404],[-74.14039,40.54404],[-74.13922,40.54317],[-74.1403,40.54365],[-74.13936,40.54283],[-74.14031,40.54338],[-74.14063,40.54312],[-74.13963,40.54255],[-74.13986,40.54237],[-74.14065,40.5431],[-74.14133,40.5431],[-74.14034,40.54224],[-74.14141,40.54303],[-74.14108,40.5428],[-74.14134,40.5426],[-74.14026,40.54197],[-74.14068,40.54192],[-74.14135,40.54259],[-74.1418,40.54221],[-74.14064,40.5417],[-74.14096,40.54144],[-74.14187,40.54217],[-74.14169,40.54236],[-74.1423,40.54226],[-74.14248,40.54134],[-74.14173,40.53935],[-74.1423,40.53908],[-74.14177,40.53855],[-74.14227,40.53815],[-74.14184,40.53843],[-74.14217,40.53794],[-74.14104,40.53736],[-74.1413,40.53715],[-74.14219,40.53793],[-74.14239,40.53776],[-74.14158,40.5371],[-74.14384,40.53715],[-74.14474,40.53581],[-74.1467,40.53542],[-74.14922,40.53425],[-74.1507,40.53255],[-74.15112,40.53275],[-74.15246,40.53208],[-74.15463,40.53036],[-74.15455,40.53007],[-74.15493,40.53023],[-74.15551,40.52945],[-74.15599,40.52943],[-74.15645,40.52894],[-74.15619,40.52862],[-74.15702,40.52899],[-74.15826,40.52831],[-74.15797,40.52808],[-74.15833,40.52829],[-74.1597,40.5273],[-74.16031,40.52756],[-74.16158,40.52702],[-74.16227,40.5272],[-74.17,40.52305],[-74.17129,40.52347],[-74.1727,40.52298],[-74.17601,40.52088],[-74.17758,40.51924],[-74.17832,40.51995],[-74.18105,40.52067],[-74.18483,40.51935],[-74.1885,40.51632],[-74.18927,40.51535],[-74.18884,40.5151],[-74.18971,40.51533],[-74.1941,40.51065],[-74.19521,40.50999],[-74.1965,40.50993],[-74.19967,40.51144],[-74.20006,40.51263],[-74.19893,40.51279],[-74.19907,40.51309],[-74.20757,40.51186],[-74.20969,40.51081],[-74.20932,40.51041],[-74.20985,40.51068],[-74.21353,40.50641],[-74.21434,40.50653],[-74.21511,40.50607],[-74.21758,40.50335],[-74.22305,40.50249],[-74.225,40.50178],[-74.2273,40.50231],[-74.23125,40.50184],[-74.23679,40.50001],[-74.23985,40.49759],[-74.24433,40.49755],[-74.24676,40.49614],[-74.24964,40.49685],[-74.25086,40.49801],[-74.25111,40.49894],[-74.25316,40.50013],[-74.25528,40.50406],[-74.25559,40.50772],[-74.25463,40.50868],[-74.25497,40.50881],[-74.254,40.50898],[-74.25432,40.50942],[-74.25369,40.50943],[-74.25453,40.50998],[-74.25365,40.50948],[-74.25332,40.50987],[-74.25301,40.5112],[-74.25353,40.51169],[-74.25304,40.51144],[-74.25309,40.51213],[-74.25195,40.51301],[-74.25213,40.51372],[-74.25011,40.51505],[-74.25056,40.51572],[-74.24989,40.51553],[-74.25056,40.51611],[-74.24922,40.51509],[-74.24994,40.51615],[-74.24943,40.5157],[-74.24829,40.5165],[-74.24895,40.5172],[-74.24941,40.51699],[-74.24852,40.51748],[-74.24892,40.51722],[-74.24752,40.51574],[-74.24644,40.51597],[-74.24613,40.51615],[-74.247,40.51719],[-74.24648,40.5167],[-74.24654,40.51697],[-74.24521,40.5173],[-74.24564,40.51808],[-74.2443,40.51852],[-74.24233,40.51833],[-74.24103,40.51955],[-74.24049,40.5192],[-74.23982,40.5201],[-74.24117,40.52107],[-74.24293,40.52124],[-74.24259,40.52221],[-74.2428,40.52402],[-74.24336,40.52483],[-74.24397,40.52491],[-74.24151,40.53105],[-74.24181,40.53257],[-74.24218,40.53258],[-74.24205,40.53435],[-74.24413,40.5362],[-74.24415,40.53689],[-74.24534,40.53691],[-74.24443,40.53802],[-74.2454,40.53956],[-74.2456,40.54096],[-74.24649,40.54222],[-74.24804,40.5431],[-74.24614,40.5457],[-74.24336,40.54787],[-74.24359,40.54763],[-74.2422,40.54696],[-74.24039,40.54767],[-74.23762,40.55013],[-74.23642,40.55052],[-74.2364,40.55234],[-74.2349,40.55301],[-74.23333,40.55252],[-74.23071,40.55557],[-74.22932,40.5555],[-74.22905,40.55612],[-74.22833,40.5564],[-74.22744,40.55605],[-74.22344,40.55605],[-74.22379,40.55589],[-74.22258,40.55541],[-74.22157,40.55566],[-74.2213,40.55537],[-74.22087,40.55595],[-74.21975,40.55462],[-74.21908,40.55486],[-74.21922,40.55581],[-74.21859,40.55468],[-74.21875,40.55604],[-74.21775,40.55501],[-74.21604,40.55555],[-74.21474,40.55625],[-74.21499,40.5568],[-74.21377,40.55641],[-74.21328,40.55663],[-74.21197,40.55845],[-74.21188,40.55961],[-74.21117,40.56049],[-74.21138,40.5635],[-74.20887,40.56892],[-74.20893,40.56963],[-74.20802,40.57053],[-74.20784,40.57262],[-74.20708,40.57427],[-74.20729,40.57526],[-74.20681,40.57593],[-74.20709,40.57631],[-74.20658,40.57666],[-74.20681,40.57719],[-74.20592,40.57862],[-74.20599,40.58042],[-74.20508,40.58161],[-74.2044,40.58372],[-74.20464,40.58433],[-74.20412,40.5859],[-74.20458,40.58823],[-74.20412,40.58889],[-74.20432,40.58914],[-74.20471,40.58878],[-74.20465,40.58929],[-74.20386,40.59026],[-74.20389,40.58979],[-74.20202,40.5909],[-74.20305,40.59115],[-74.20203,40.59101],[-74.20184,40.59164],[-74.20232,40.59153],[-74.19974,40.59357],[-74.19752,40.59681],[-74.19731,40.59807],[-74.19876,40.60172],[-74.20222,40.60598],[-74.20282,40.60828],[-74.20245,40.61329],[-74.20045,40.61634],[-74.20092,40.61781],[-74.20035,40.61835],[-74.20084,40.61881],[-74.20107,40.62039],[-74.20043,40.6205],[-74.20087,40.6206],[-74.20143,40.62162],[-74.20128,40.6227],[-74.20163,40.62313],[-74.20108,40.62409],[-74.20106,40.6259],[-74.20142,40.62608],[-74.20099,40.62935],[-74.20043,40.62983],[-74.20041,40.63026],[-74.20079,40.63036],[-74.2004,40.6303],[-74.2004,40.63147],[-74.19862,40.63275],[-74.19679,40.6334],[-74.19603,40.635],[-74.19531,40.63524],[-74.19442,40.63659],[-74.19462,40.6374],[-74.19358,40.63748],[-74.18653,40.6434],[-74.18623,40.6432],[-74.18484,40.64414],[-74.18411,40.64354],[-74.18437,40.64311],[-74.18365,40.64225],[-74.18403,40.64311],[-74.18324,40.64297],[-74.18367,40.64462],[-74.18087,40.64486],[-74.18048,40.64429],[-74.18004,40.6443],[-74.17997,40.64528],[-74.17973,40.64439],[-74.17933,40.64441],[-74.17925,40.64505],[-74.17908,40.64465],[-74.17904,40.6434],[-74.17941,40.64314],[-74.17959,40.64193],[-74.17919,40.643],[-74.17826,40.64214],[-74.17834,40.6426],[-74.17721,40.64313],[-74.17636,40.64234],[-74.17669,40.64256],[-74.17667,40.6434],[-74.1756,40.64332],[-74.17569,40.64472],[-74.17437,40.64514],[-74.17294,40.64421],[-74.173,40.64359],[-74.17236,40.64326],[-74.17272,40.64296],[-74.17151,40.64314],[-74.17134,40.64286],[-74.17186,40.64253],[-74.17159,40.64104],[-74.17298,40.64049],[-74.17157,40.64102],[-74.17105,40.6426],[-74.17119,40.64175],[-74.16907,40.64214],[-74.16654,40.64143],[-74.1661,40.64241],[-74.16632,40.64144],[-74.1658,40.64123],[-74.16544,40.64229],[-74.16494,40.64222],[-74.16519,40.64065],[-74.16474,40.6404],[-74.16442,40.64141],[-74.1646,40.64032],[-74.16417,40.64],[-74.164,40.64107],[-74.16385,40.6399],[-74.16346,40.63986],[-74.16325,40.64097],[-74.16168,40.64062],[-74.16229,40.63877],[-74.16182,40.63865],[-74.16145,40.63944],[-74.16166,40.63867],[-74.16124,40.6386],[-74.16091,40.63939],[-74.16108,40.63858],[-74.16035,40.63845],[-74.15987,40.63994],[-74.16023,40.63835],[-74.15986,40.63874],[-74.15932,40.63782],[-74.15901,40.63883],[-74.15893,40.63827],[-74.15789,40.63797],[-74.15774,40.63889],[-74.15778,40.63797],[-74.1561,40.63795],[-74.15612,40.63754],[-74.1557,40.63753],[-74.15569,40.6378],[-74.15483,40.63773],[-74.15469,40.6392],[-74.1546,40.63735],[-74.1528,40.63714],[-74.1527,40.63765],[-74.15222,40.6377],[-74.1523,40.63828],[-74.15205,40.63768],[-74.1512,40.63774],[-74.1514,40.6394],[-74.15113,40.63851],[-74.15056,40.63857],[-74.14945,40.63741],[-74.14942,40.6383],[-74.14888,40.63871],[-74.14856,40.63745],[-74.14878,40.63888],[-74.14519,40.63939],[-74.14386,40.6389],[-74.14336,40.63972],[-74.14239,40.63965],[-74.1423,40.64031],[-74.14148,40.6401],[-74.14076,40.6406],[-74.13435,40.6419],[-74.13299,40.64143],[-74.13126,40.64161],[-74.13146,40.64132],[-74.13033,40.64079],[-74.13012,40.64102],[-74.13019,40.64073],[-74.12949,40.64136],[-74.12998,40.64074],[-74.12931,40.64035],[-74.12893,40.64042],[-74.12891,40.6412],[-74.12881,40.64024],[-74.12753,40.64016],[-74.12703,40.63933],[-74.12706,40.64025],[-74.12607,40.64026],[-74.12637,40.64134],[-74.12564,40.64143],[-74.12613,40.64127],[-74.126,40.64024],[-74.12416,40.64014],[-74.12286,40.64083],[-74.12261,40.64061],[-74.12283,40.6413],[-74.12199,40.64156],[-74.12117,40.64168],[-74.12071,40.64105],[-74.11994,40.64121],[-74.11961,40.64139],[-74.11996,40.64222],[-74.11953,40.64148],[-74.1191,40.64148],[-74.1194,40.64239],[-74.119,40.64147],[-74.11862,40.64154],[-74.11884,40.64255],[-74.1184,40.64154],[-74.11712,40.64168],[-74.11672,40.64204],[-74.11723,40.64304],[-74.11667,40.64212],[-74.1163,40.64221],[-74.11667,40.6432],[-74.11614,40.64222],[-74.11535,40.64248],[-74.1138,40.64362],[-74.11395,40.64414],[-74.11289,40.64454],[-74.11386,40.64408],[-74.11333,40.64373],[-74.11116,40.6451],[-74.11173,40.64467],[-74.10974,40.64547],[-74.10413,40.64575],[-74.0988,40.64506],[-74.0985,40.64538],[-74.09605,40.64538],[-74.09299,40.64598],[-74.08571,40.64889],[-74.08221,40.64829]]]]}}]}