{"type":"FeatureCollection","features":[{"type":"Feature","properties":{"id":42},"geometry":{"type":"MultiPolygon","coordinates":[[[[-73.86328,40.58389],[-73.86449,40.58362],[-73.86773,40.58167],[-73.86926,40.58192],[-73.87051,40.58335],[-73.87116,40.58688],[-73.86981,40.58947],[-73.86635,40.5919],[-73.86327,40.59092],[-73.86125,40.588],[-73.86168,40.58615],[-73.86328,40.58389]]],[[[-73.86953,40.59872],[-73.86967,40.5967],[-73.87021,40.59696],[-73.86953,40.59872]]],[[[-73.8702,40.599],[-73.87108,40.59891],[-73.8705,40.60261],[-73.8702,40.599]]],[[[-73.85243,40.59734],[-73.85493,40.59631],[-73.85674,40.59608],[-73.86045,40.59648],[-73.86055,40.59707],[-73.86275,40.59908],[-73.86336,40.60033],[-73.86187,40.60217],[-73.86113,40.60256],[-73.85906,40.60207],[-73.85483,40.60188],[-73.85277,40.60096],[-73.85077,40.59885],[-73.85243,40.59734]]],[[[-73.86703,40.60375],[-73.86768,40.60308],[-73.86831,40.60315],[-73.86794,40.60397],[-73.86703,40.60418],[-73.86703,40.60375]]],[[[-73.84674,40.60486],[-73.84608,40.60455],[-73.84642,40.6042],[-73.84578,40.60483],[-73.84495,40.60478],[-73.84557,40.60455],[-73.84519,40.60448],[-73.84446,40.6047],[-73.84496,40.60438],[-73.84492,40.60369],[-73.8455,40.60386],[-73.84516,40.60374],[-73.84562,40.60353],[-73.8462,40.60419],[-73.84667,40.60419],[-73.84638,40.60442],[-73.84665,40.60459],[-73.84786,40.60471],[-73.84674,40.60486]]],[[[-73.84828,40.60544],[-73.84784,40.60509],[-73.84825,40.60515],[-73.84828,40.60544]]],[[[-73.8484,40.60593],[-73.84827,40.60578],[-73.84872,40.6059],[-73.8484,40.60593]]],[[[-73.83446,40.6072],[-73.83574,40.6058],[-73.83528,40.60691],[-73.83438,40.60786],[-73.83446,40.6072]]],[[[-73.86703,40.60808],[-73.86874,40.60704],[-73.86869,40.60825],[-73.86778,40.60855],[-73.86703,40.60808]]],[[[-73.86967,40.60655],[-73.87109,40.6047],[-73.87106,40.60629],[-73.87246,40.60819],[-73.873,40.61056],[-73.87104,40.60973],[-73.86967,40.60655]]],[[[-73.85048,40.61235],[-73.84967,40.61212],[-73.84986,40.61102],[-73.8495,40.61034],[-73.85009,40.61017],[-73.84942,40.60983],[-73.85135,40.60928],[-73.8517,40.60862],[-73.85337,40.60802],[-73.85324,40.60774],[-73.85446,40.6079],[-73.85363,40.60727],[-73.85507,40.60747],[-73.85464,40.6077],[-73.8548,40.6086],[-73.85555,40.60899],[-73.85525,40.60955],[-73.85595,40.60955],[-73.8566,40.61084],[-73.85619,40.61105],[-73.85542,40.61012],[-73.85197,40.61025],[-73.85265,40.61118],[-73.85172,40.61096],[-73.85174,40.61158],[-73.85106,40.61148],[-73.85048,40.61235]]],[[[-73.84474,40.61398],[-73.84357,40.61368],[-73.84343,40.61298],[-73.84264,40.61318],[-73.84184,40.6127],[-73.84158,40.61183],[-73.84068,40.61145],[-73.8398,40.61237],[-73.83911,40.61247],[-73.83872,40.612],[-73.8388,40.6128],[-73.83818,40.61309],[-73.83624,40.61228],[-73.83752,40.61087],[-73.83746,40.61016],[-73.83852,40.60924],[-73.83887,40.60791],[-73.8391,40.60832],[-73.84004,40.60824],[-73.8401,40.60897],[-73.8405,40.60856],[-73.83936,40.60762],[-73.84136,40.6068],[-73.84127,40.60626],[-73.84046,40.60622],[-73.84042,40.60578],[-73.8406,40.60541],[-73.84123,40.60554],[-73.84113,40.6047],[-73.84149,40.60451],[-73.84186,40.6048],[-73.84296,40.60422],[-73.84443,40.60416],[-73.84271,40.60465],[-73.84267,40.60509],[-73.84194,40.60494],[-73.84243,40.60529],[-73.84297,40.60508],[-73.84283,40.60473],[-73.84338,40.60499],[-73.84382,40.60544],[-73.84357,40.60586],[-73.8439,40.60642],[-73.84371,40.60583],[-73.84406,40.60545],[-73.84361,40.60471],[-73.84407,40.60457],[-73.84461,40.60504],[-73.84469,40.60615],[-73.84411,40.6059],[-73.84458,40.60661],[-73.8453,40.60628],[-73.84505,40.60587],[-73.8454,40.60572],[-73.84505,40.60554],[-73.84531,40.6054],[-73.84494,40.60504],[-73.84582,40.60517],[-73.84627,40.60472],[-73.84747,40.60509],[-73.84727,40.60583],[-73.84591,40.6063],[-73.84618,40.60677],[-73.84664,40.60676],[-73.8464,40.60731],[-73.84689,40.60658],[-73.84623,40.60673],[-73.84645,40.60623],[-73.84766,40.60593],[-73.84885,40.60638],[-73.84965,40.60606],[-73.84962,40.60667],[-73.84876,40.60653],[-73.84806,40.60674],[-73.84824,40.6071],[-73.84755,40.60699],[-73.84683,40.60807],[-73.84486,40.6081],[-73.8455,40.60852],[-73.84628,40.60829],[-73.84555,40.60934],[-73.84574,40.60974],[-73.84539,40.60979],[-73.84573,40.61145],[-73.84486,40.61104],[-73.84526,40.6115],[-73.84508,40.61234],[-73.84571,40.61288],[-73.84526,40.61328],[-73.84565,40.6137],[-73.84474,40.61398]]],[[[-73.8337,40.62099],[-73.83402,40.61439],[-73.83542,40.61462],[-73.83586,40.61522],[-73.83777,40.61553],[-73.83528,40.61726],[-73.83496,40.61854],[-73.83571,40.61974],[-73.83523,40.61997],[-73.83489,40.61962],[-73.8348,40.61993],[-73.83531,40.62015],[-73.83491,40.62048],[-73.8338,40.61965],[-73.83447,40.62013],[-73.8337,40.62099]]],[[[-73.83478,40.62263],[-73.83414,40.62236],[-73.83362,40.62261],[-73.83401,40.62104],[-73.83499,40.62102],[-73.83478,40.62263]]],[[[-73.85023,40.62333],[-73.8494,40.62249],[-73.84847,40.62237],[-73.84902,40.62149],[-73.85049,40.6209],[-73.85085,40.62026],[-73.85492,40.62004],[-73.85655,40.61958],[-73.85676,40.62041],[-73.8574,40.62031],[-73.85657,40.62149],[-73.85517,40.62197],[-73.85464,40.6216],[-73.85451,40.6208],[-73.85359,40.62047],[-73.85185,40.62057],[-73.8514,40.62081],[-73.85129,40.62184],[-73.85236,40.62298],[-73.8519,40.6228],[-73.8518,40.62335],[-73.85133,40.62348],[-73.85025,40.62359],[-73.85023,40.62333]]],[[[-73.83359,40.6236],[-73.83371,40.6237],[-73.83364,40.62396],[-73.83359,40.6236]]],[[[-73.86213,40.624],[-73.86304,40.62331],[-73.86378,40.62396],[-73.86207,40.62433],[-73.86213,40.624]]],[[[-73.8459,40.62498],[-73.84477,40.62486],[-73.84478,40.62425],[-73.84384,40.6243],[-73.84389,40.62382],[-73.84294,40.62333],[-73.84537,40.62306],[-73.8451,40.62343],[-73.84554,40.62408],[-73.84521,40.62436],[-73.8459,40.62498]]],[[[-73.85778,40.62483],[-73.85784,40.6252],[-73.85734,40.62515],[-73.85778,40.62483]]],[[[-73.84049,40.6275],[-73.83947,40.6273],[-73.84072,40.62587],[-73.84169,40.6264],[-73.84151,40.62679],[-73.84238,40.62745],[-73.84045,40.62659],[-73.84015,40.62699],[-73.84049,40.6275]]],[[[-73.86873,40.61737],[-73.87395,40.61585],[-73.87798,40.61581],[-73.87952,40.61657],[-73.87974,40.61893],[-73.87888,40.62058],[-73.87779,40.62166],[-73.86646,40.62826],[-73.86519,40.62767],[-73.86473,40.62653],[-73.86498,40.62567],[-73.86651,40.62376],[-73.86638,40.62301],[-73.86523,40.6219],[-73.86501,40.62055],[-73.86576,40.61851],[-73.86685,40.61782],[-73.86873,40.61737]]],[[[-73.84814,40.62855],[-73.84847,40.6288],[-73.84813,40.62885],[-73.84814,40.62855]]],[[[-73.84852,40.63057],[-73.84869,40.63047],[-73.8487,40.63062],[-73.84852,40.63057]]],[[[-73.853,40.63203],[-73.85257,40.63125],[-73.85167,40.63088],[-73.85219,40.63037],[-73.85366,40.63088],[-73.85509,40.63012],[-73.8568,40.62985],[-73.85856,40.63047],[-73.85759,40.63272],[-73.85536,40.63282],[-73.85435,40.63373],[-73.85241,40.63365],[-73.853,40.63203]]],[[[-73.84639,40.63529],[-73.84783,40.63279],[-73.84914,40.63212],[-73.85005,40.63218],[-73.84985,40.63421],[-73.84891,40.63535],[-73.84774,40.63821],[-73.84629,40.63865],[-73.84553,40.63745],[-73.84427,40.6367],[-73.84502,40.63569],[-73.84639,40.63529]]],[[[-73.88829,40.64673],[-73.88852,40.64737],[-73.8882,40.64715],[-73.88829,40.64673]]],[[[-73.86078,40.67281],[-73.86039,40.67126],[-73.85763,40.67166],[-73.85569,40.66388],[-73.85843,40.66346],[-73.85762,40.66013],[-73.86031,40.65964],[-73.86317,40.65828],[-73.8627,40.65763],[-73.86328,40.65695],[-73.86264,40.65568],[-73.86087,40.65509],[-73.85722,40.65029],[-73.85838,40.64728],[-73.85717,40.64369],[-73.86201,40.6429],[-73.86671,40.64003],[-73.86629,40.63948],[-73.86682,40.63997],[-73.86732,40.63988],[-73.86867,40.64093],[-73.87062,40.64486],[-73.87257,40.64558],[-73.87933,40.65463],[-73.87972,40.65438],[-73.87319,40.64545],[-73.87327,40.64391],[-73.87009,40.63985],[-73.8699,40.63894],[-73.868,40.63812],[-73.86961,40.63709],[-73.86921,40.63747],[-73.86956,40.63796],[-73.87348,40.63629],[-73.87515,40.63706],[-73.87712,40.63865],[-73.87835,40.63888],[-73.88049,40.64099],[-73.88074,40.64157],[-73.88029,40.64141],[-73.88007,40.64201],[-73.88139,40.64236],[-73.88215,40.64375],[-73.88342,40.64453],[-73.88481,40.64395],[-73.88558,40.64405],[-73.88744,40.64594],[-73.88764,40.64781],[-73.88864,40.64803],[-73.89007,40.64933],[-73.89035,40.64904],[-73.89125,40.65003],[-73.89691,40.6461],[-73.9002,40.6491],[-73.91681,40.63869],[-73.91956,40.64119],[-73.92038,40.64879],[-73.92231,40.64867],[-73.92252,40.6506],[-73.92359,40.65053],[-73.92285,40.65247],[-73.91996,40.6528],[-73.91378,40.65679],[-73.91403,40.65701],[-73.90119,40.65892],[-73.90357,40.66814],[-73.89986,40.66869],[-73.90019,40.66995],[-73.89554,40.67063],[-73.89619,40.67316],[-73.86978,40.67704],[-73.86107,40.67403],[-73.86078,40.67281]]]]}},{"type":"Feature","properties":{"id":45},"geometry":{"type":"Polygon","coordinates":[[[-73.92285,40.65247],[-73.92359,40.65053],[-73.92252,40.6506],[-73.92231,40.64867],[-73.92038,40.64879],[-73.91956,40.64119],[-73.91495,40.63701],[-73.92068,40.63334],[-73.92042,40.63091],[-73.92812,40.63052],[-73.92737,40.62357],[-73.93028,40.62339],[-73.93005,40.62119],[-73.93102,40.62112],[-73.93076,40.61872],[-73.93246,40.61861],[-73.93354,40.61958],[-73.94418,40.61273],[-73.94483,40.61605],[-73.94743,40.61423],[-73.94837,40.6193],[-73.95504,40.61857],[-73.95685,40.62813],[-73.97066,40.62661],[-73.9716,40.63163],[-73.95477,40.63963],[-73.95764,40.6427],[-73.94876,40.64325],[-73.94937,40.64893],[-73.93599,40.64976],[-73.93618,40.65148],[-73.92285,40.65247]]]}},{"type":"Feature","properties":{"id":30},"geometry":{"type":"Polygon","coordinates":[[[-73.8685,40.73303],[-73.86575,40.73155],[-73.85798,40.72874],[-73.85942,40.72647],[-73.85513,40.7249],[-73.85711,40.72177],[-73.85852,40.72154],[-73.85729,40.71148],[-73.85976,40.71185],[-73.85966,40.71339],[-73.86501,40.71079],[-73.87018,40.70924],[-73.86911,40.7071],[-73.88653,40.70623],[-73.88466,40.70163],[-73.88514,40.70159],[-73.88492,40.70011],[-73.88771,40.69969],[-73.88818,40.69887],[-73.88765,40.69733],[-73.88649,40.69645],[-73.88866,40.69584],[-73.88818,40.69507],[-73.89191,40.69432],[-73.89245,40.69523],[-73.89508,40.6946],[-73.89559,40.69399],[-73.89358,40.69309],[-73.89326,40.69221],[-73.89474,40.69265],[-73.89696,40.69196],[-73.89769,40.69337],[-73.89691,40.69385],[-73.89736,40.69412],[-73.90003,40.69345],[-73.89799,40.69707],[-73.89424,40.70084],[-73.90368,40.70042],[-73.90547,40.7015],[-73.90338,40.70355],[-73.91229,40.70879],[-73.90996,40.71107],[-73.91116,40.71222],[-73.91022,40.71316],[-73.92404,40.71402],[-73.92368,40.71409],[-73.92412,40.71515],[-73.92367,40.71554],[-73.92233,40.71608],[-73.92057,40.71598],[-73.92224,40.71639],[-73.92397,40.71922],[-73.92388,40.72],[-73.92232,40.72039],[-73.92128,40.72309],[-73.91656,40.72201],[-73.91257,40.72325],[-73.90518,40.72896],[-73.90062,40.73448],[-73.89963,40.73501],[-73.8951,40.73503],[-73.89279,40.7345],[-73.8877,40.7343],[-73.89026,40.7394],[-73.87796,40.73707],[-73.87443,40.73491],[-73.8685,40.73303]]]}},{"type":"Feature","properties":{"id":29},"geometry":{"type":"Polygon","coordinates":[[[-73.81423,40.69834],[-73.81054,40.69198],[-73.81354,40.69122],[-73.81555,40.68961],[-73.82417,40.68624],[-73.82946,40.68541],[-73.83698,40.682],[-73.84013,40.68115],[-73.84415,40.6894],[-73.84496,40.68917],[-73.84948,40.6982],[-73.84503,40.69937],[-73.84157,40.70111],[-73.83696,40.70422],[-73.83814,40.70627],[-73.83715,40.70797],[-73.84315,40.70923],[-73.84567,40.70842],[-73.84933,40.7084],[-73.85276,40.70741],[-73.85668,40.7077],[-73.85852,40.72154],[-73.85711,40.72177],[-73.85513,40.7249],[-73.85942,40.72647],[-73.85798,40.72874],[-73.86126,40.72995],[-73.8606,40.73045],[-73.84995,40.73362],[-73.84961,40.73295],[-73.84736,40.73362],[-73.84577,40.73027],[-73.84286,40.73115],[-73.84033,40.72882],[-73.83836,40.72557],[-73.83789,40.72571],[-73.83564,40.72194],[-73.8321,40.71801],[-73.83043,40.71697],[-73.8269,40.71607],[-73.82574,40.71612],[-73.82395,40.71324],[-73.8199,40.7092],[-73.81423,40.69834]]]}},{"type":"Feature","properties":{"id":51},"geometry":{"type":"Polygon","coordinates":[[[-74.11338,40.54808],[-74.11474,40.548],[-74.11546,40.54752],[-74.11655,40.54788],[-74.11804,40.54731],[-74.11978,40.54548],[-74.1225,40.54487],[-74.12638,40.54053],[-74.13071,40.53454],[-74.13357,40.53152],[-74.13691,40.52929],[-74.13729,40.52975],[-74.13893,40.53004],[-74.13915,40.53153],[-74.14061,40.53414],[-74.14037,40.53532],[-74.13577,40.53524],[-74.13381,40.53565],[-74.13303,40.53625],[-74.13337,40.53636],[-74.13301,40.53626],[-74.1312,40.53788],[-74.13153,40.53773],[-74.13129,40.53796],[-74.13182,40.53832],[-74.13211,40.53806],[-74.1317,40.53787],[-74.13243,40.53778],[-74.13191,40.53754],[-74.13245,40.53777],[-74.13276,40.53751],[-74.1324,40.53713],[-74.13278,40.53749],[-74.13308,40.53724],[-74.13256,40.537],[-74.13339,40.53697],[-74.13304,40.53658],[-74.13341,40.53695],[-74.13386,40.53661],[-74.12997,40.53998],[-74.13021,40.53971],[-74.12969,40.53948],[-74.13052,40.53943],[-74.13,40.53918],[-74.13054,40.53942],[-74.13084,40.53916],[-74.13049,40.53877],[-74.13086,40.53914],[-74.13115,40.53888],[-74.13066,40.53863],[-74.13118,40.53886],[-74.13148,40.53861],[-74.13098,40.53835],[-74.13179,40.53833],[-74.13117,40.53791],[-74.12813,40.54056],[-74.12739,40.54244],[-74.12793,40.54338],[-74.12763,40.54362],[-74.12799,40.54349],[-74.12965,40.54567],[-74.13111,40.5464],[-74.13347,40.54686],[-74.13586,40.54646],[-74.13718,40.5458],[-74.13612,40.54503],[-74.13639,40.54486],[-74.13719,40.54579],[-74.13751,40.54559],[-74.13659,40.54485],[-74.13687,40.54469],[-74.13795,40.54601],[-74.13887,40.54514],[-74.13763,40.54426],[-74.13876,40.54494],[-74.13902,40.54472],[-74.13804,40.54391],[-74.13903,40.54471],[-74.13954,40.5443],[-74.13915,40.54452],[-74.13942,40.54421],[-74.13898,40.54438],[-74.13922,40.54407],[-74.13888,40.54425],[-74.13884,40.5438],[-74.13859,40.54411],[-74.13882,40.54379],[-74.13828,40.54387],[-74.13834,40.54356],[-74.13957,40.54428],[-74.13984,40.54406],[-74.13871,40.5433],[-74.13891,40.54314],[-74.13987,40.54404],[-74.14039,40.54404],[-74.13922,40.54317],[-74.1403,40.54365],[-74.13936,40.54283],[-74.14031,40.54338],[-74.14063,40.54312],[-74.13963,40.54255],[-74.13986,40.54237],[-74.14065,40.5431],[-74.14133,40.5431],[-74.14034,40.54224],[-74.14141,40.54303],[-74.14108,40.5428],[-74.14134,40.5426],[-74.14026,40.54197],[-74.14068,40.54192],[-74.14135,40.54259],[-74.1418,40.54221],[-74.14064,40.5417],[-74.14096,40.54144],[-74.14187,40.54217],[-74.14169,40.54236],[-74.1423,40.54226],[-74.14248,40.54134],[-74.14173,40.53935],[-74.1423,40.53908],[-74.14177,40.53855],[-74.14227,40.53815],[-74.14184,40.53843],[-74.14217,40.53794],[-74.14104,40.53736],[-74.1413,40.53715],[-74.14219,40.53793],[-74.14239,40.53776],[-74.14158,40.5371],[-74.14384,40.53715],[-74.14474,40.53581],[-74.1467,40.53542],[-74.14922,40.53425],[-74.1507,40.53255],[-74.15112,40.53275],[-74.15246,40.53208],[-74.15463,40.53036],[-74.15455,40.53007],[-74.15493,40.53023],[-74.15551,40.52945],[-74.15599,40.52943],[-74.15645,40.52894],[-74.15619,40.52862],[-74.15702,40.52899],[-74.15826,40.52831],[-74.15797,40.52808],[-74.15833,40.52829],[-74.1597,40.5273],[-74.16031,40.52756],[-74.16158,40.52702],[-74.16227,40.5272],[-74.17,40.52305],[-74.17129,40.52347],[-74.1727,40.52298],[-74.17601,40.52088],[-74.17758,40.51924],[-74.17832,40.51995],[-74.18105,40.52067],[-74.18483,40.51935],[-74.1885,40.51632],[-74.18927,40.51535],[-74.18884,40.5151],[-74.18971,40.51533],[-74.1941,40.51065],[-74.19521,40.50999],[-74.1965,40.50993],[-74.19967,40.51144],[-74.20006,40.51263],[-74.19893,40.51279],[-74.19907,40.51309],[-74.20757,40.51186],[-74.20969,40.51081],[-74.20932,40.51041],[-74.20985,40.51068],[-74.21353,40.50641],[-74.21434,40.50653],[-74.21511,40.50607],[-74.21758,40.50335],[-74.22305,40.50249],[-74.225,40.50178],[-74.2273,40.50231],[-74.23125,40.50184],[-74.23679,40.50001],[-74.23985,40.49759],[-74.24433,40.49755],[-74.24676,40.49614],[-74.24972,40.49689],[-74.25086,40.49801],[-74.25111,40.49894],[-74.25316,40.50013],[-74.25528,40.50406],[-74.25557,40.50777],[-74.25463,40.50868],[-74.25497,40.50881],[-74.254,40.50898],[-74.25432,40.50942],[-74.25369,40.50943],[-74.25453,40.50998],[-74.25365,40.50948],[-74.25332,40.50987],[-74.25301,40.5112],[-74.25353,40.51169],[-74.25304,40.51144],[-74.25309,40.51213],[-74.25195,40.51301],[-74.25213,40.51372],[-74.25011,40.51505],[-74.25056,40.51572],[-74.24989,40.51553],[-74.25056,40.51611],[-74.24922,40.51509],[-74.24994,40.51615],[-74.24943,40.5157],[-74.24865,40.51612],[-74.24876,40.51636],[-74.24855,40.51618],[-74.24829,40.5165],[-74.24895,40.5172],[-74.24941,40.51699],[-74.24852,40.51748],[-74.24892,40.51722],[-74.24752,40.51574],[-74.24644,40.51597],[-74.24613,40.51615],[-74.247,40.51719],[-74.24648,40.5167],[-74.24654,40.51697],[-74.24521,40.5173],[-74.24564,40.51808],[-74.2443,40.51852],[-74.24233,40.51833],[-74.24103,40.51955],[-74.24049,40.5192],[-74.23982,40.5201],[-74.24117,40.52107],[-74.24293,40.52124],[-74.24259,40.52221],[-74.2428,40.52402],[-74.24336,40.52483],[-74.24397,40.52491],[-74.24151,40.53128],[-74.24181,40.53257],[-74.24218,40.53258],[-74.24221,40.53461],[-74.24413,40.5362],[-74.24417,40.5369],[-74.24494,40.53667],[-74.24535,40.53694],[-74.24443,40.53802],[-74.2454,40.53956],[-74.2456,40.54096],[-74.24649,40.54222],[-74.24804,40.5431],[-74.24614,40.5457],[-74.24336,40.54787],[-74.24359,40.54763],[-74.2422,40.54696],[-74.24039,40.54767],[-74.23762,40.55013],[-74.23642,40.55052],[-74.2364,40.55234],[-74.2349,40.55301],[-74.23334,40.55251],[-74.23076,40.55554],[-74.22932,40.5555],[-74.22873,40.55631],[-74.22344,40.55605],[-74.22379,40.55589],[-74.22258,40.55541],[-74.22157,40.55566],[-74.2213,40.55537],[-74.22062,40.55591],[-74.21975,40.55462],[-74.21908,40.55486],[-74.21929,40.5558],[-74.21892,40.55479],[-74.21854,40.55472],[-74.21875,40.55604],[-74.21775,40.55501],[-74.21474,40.55625],[-74.21499,40.5568],[-74.21377,40.55641],[-74.21328,40.55663],[-74.212,40.55839],[-74.21188,40.55961],[-74.21118,40.56047],[-74.21138,40.5635],[-74.21073,40.56528],[-74.20887,40.56892],[-74.20893,40.56963],[-74.20802,40.57053],[-74.20784,40.57262],[-74.20708,40.57427],[-74.20729,40.57526],[-74.20681,40.57593],[-74.20709,40.57631],[-74.20658,40.57666],[-74.20681,40.57719],[-74.20592,40.57862],[-74.20607,40.57961],[-74.19926,40.57919],[-74.19177,40.57663],[-74.18688,40.57706],[-74.1854,40.57653],[-74.18486,40.57684],[-74.18217,40.57666],[-74.18035,40.57722],[-74.17832,40.57949],[-74.17798,40.58064],[-74.17932,40.58321],[-74.18134,40.5851],[-74.18105,40.58591],[-74.17908,40.5864],[-74.17914,40.58698],[-74.17982,40.58711],[-74.17966,40.58738],[-74.17855,40.58823],[-74.17653,40.58883],[-74.17571,40.58978],[-74.17485,40.59006],[-74.17495,40.59034],[-74.17158,40.59036],[-74.16742,40.59209],[-74.16531,40.59213],[-74.1636,40.59338],[-74.16674,40.59384],[-74.16887,40.59474],[-74.1672,40.60208],[-74.16329,40.60169],[-74.16259,40.59862],[-74.16164,40.59873],[-74.16144,40.59764],[-74.16094,40.59768],[-74.1608,40.59678],[-74.16145,40.59671],[-74.16139,40.59644],[-74.15965,40.59647],[-74.15523,40.59554],[-74.14567,40.58994],[-74.14632,40.58608],[-74.15253,40.58063],[-74.15093,40.57964],[-74.15036,40.57785],[-74.14757,40.57522],[-74.14682,40.57421],[-74.14708,40.57342],[-74.14655,40.57306],[-74.14724,40.57147],[-74.15172,40.5679],[-74.14261,40.55989],[-74.13925,40.55844],[-74.13818,40.5576],[-74.13561,40.55899],[-74.13481,40.56084],[-74.13341,40.56214],[-74.13174,40.56455],[-74.13056,40.5644],[-74.13015,40.56288],[-74.12955,40.56244],[-74.13006,40.56201],[-74.12872,40.55825],[-74.11946,40.55223],[-74.11954,40.55164],[-74.11656,40.54887],[-74.11468,40.54931],[-74.11338,40.54808]]]}},{"type":"Feature","properties":{"id":6},"geometry":{"type":"Polygon","coordinates":[[[-73.95111,40.79429],[-73.97302,40.76429],[-73.97624,40.76568],[-73.9786,40.7624],[-73.98428,40.7648],[-73.98382,40.76543],[-73.98951,40.76782],[-73.98997,40.7672],[-73.99631,40.76981],[-73.99543,40.77104],[-73.9959,40.77146],[-73.99531,40.7712],[-73.99493,40.77152],[-73.99707,40.77255],[-73.99687,40.77283],[-73.99478,40.77194],[-73.99445,40.77239],[-73.99612,40.77328],[-73.99416,40.7725],[-73.99383,40.77294],[-73.99618,40.774],[-73.99394,40.77319],[-73.99227,40.77512],[-73.99206,40.77551],[-73.99239,40.77557],[-73.99093,40.77758],[-73.9904,40.77759],[-73.98887,40.7797],[-73.99155,40.77958],[-73.98889,40.77989],[-73.98808,40.78166],[-73.98547,40.78537],[-73.98617,40.78608],[-73.98712,40.78522],[-73.98613,40.78625],[-73.98543,40.78542],[-73.98508,40.78593],[-73.98577,40.7862],[-73.98502,40.78602],[-73.98466,40.78654],[-73.98595,40.7865],[-73.98462,40.78659],[-73.9764,40.79828],[-73.97413,40.79735],[-73.9742,40.79657],[-73.97502,40.79603],[-73.97321,40.79526],[-73.97462,40.79333],[-73.97319,40.79273],[-73.97365,40.7921],[-73.96939,40.7903],[-73.96753,40.79287],[-73.96469,40.79167],[-73.95817,40.80059],[-73.94923,40.79688],[-73.95111,40.79429]]]}},{"type":"Feature","properties":{"id":7},"geometry":{"type":"Polygon","coordinates":[[[-73.94137,40.8309],[-73.94221,40.82874],[-73.9439,40.82782],[-73.94808,40.82212],[-73.94947,40.8227],[-73.9522,40.81896],[-73.95088,40.8184],[-73.95177,40.81792],[-73.95276,40.81655],[-73.95313,40.8127],[-73.95826,40.80545],[-73.95825,40.80311],[-73.95965,40.80116],[-73.95817,40.80059],[-73.96469,40.79167],[-73.96753,40.79287],[-73.96939,40.7903],[-73.97365,40.7921],[-73.97319,40.79273],[-73.97462,40.79333],[-73.97321,40.79526],[-73.97502,40.79603],[-73.9742,40.79657],[-73.97413,40.79735],[-73.9764,40.79828],[-73.96414,40.81578],[-73.95982,40.82031],[-73.95915,40.82158],[-73.95909,40.82121],[-73.95882,40.82153],[-73.959,40.82242],[-73.95991,40.82258],[-73.9596,40.823],[-73.95893,40.82272],[-73.95853,40.82185],[-73.9582,40.82229],[-73.95814,40.82303],[-73.95956,40.8237],[-73.95726,40.82713],[-73.95695,40.82701],[-73.95632,40.82795],[-73.95504,40.82742],[-73.95454,40.82787],[-73.95119,40.83265],[-73.95021,40.83431],[-73.94893,40.83865],[-73.94756,40.84154],[-73.94468,40.84106],[-73.94559,40.83989],[-73.94554,40.83924],[-73.94374,40.83848],[-73.94307,40.8402],[-73.94114,40.83919],[-73.94583,40.83277],[-73.94137,40.8309]]]}},{"type":"Feature","properties":{"id":48},"geometry":{"type":"Polygon","coordinates":[[[-73.94743,40.61423],[-73.94693,40.61169],[-73.94406,40.612],[-73.94355,40.60935],[-73.94231,40.60828],[-73.94177,40.60519],[-73.94377,40.60497],[-73.94332,40.60258],[-73.9461,40.60228],[-73.94527,40.5979],[-73.94148,40.59831],[-73.94061,40.59382],[-73.93778,40.59413],[-73.93634,40.58649],[-73.93445,40.58666],[-73.9314,40.58609],[-73.93108,40.58439],[-73.93204,40.58424],[-73.93193,40.58288],[-73.93569,40.58328],[-73.93583,40.58303],[-73.93614,40.58332],[-73.9361,40.58296],[-73.93663,40.58325],[-73.93706,40.58299],[-73.93763,40.5831],[-73.93701,40.58302],[-73.93713,40.58335],[-73.94103,40.58308],[-73.94158,40.58362],[-73.94255,40.58352],[-73.94215,40.58311],[-73.9427,40.58352],[-73.94305,40.5835],[-73.94269,40.58313],[-73.9432,40.5835],[-73.94355,40.58348],[-73.94323,40.58314],[-73.94369,40.58348],[-73.94407,40.58348],[-73.94377,40.58315],[-73.94462,40.5835],[-73.94432,40.58317],[-73.94518,40.58353],[-73.94485,40.58317],[-73.94573,40.58355],[-73.94538,40.58319],[-73.94629,40.58358],[-73.9458,40.5832],[-73.94644,40.58357],[-73.94679,40.58356],[-73.94632,40.58322],[-73.94727,40.58354],[-73.94702,40.5832],[-73.94747,40.58354],[-73.95349,40.583],[-73.9533,40.58201],[-73.9497,40.58233],[-73.94274,40.581],[-73.93258,40.58127],[-73.93106,40.57627],[-73.93144,40.57571],[-73.93486,40.57554],[-73.93489,40.57523],[-73.93647,40.57587],[-73.93672,40.57543],[-73.94251,40.57538],[-73.94425,40.57581],[-73.94463,40.5757],[-73.9446,40.57524],[-73.94572,40.57557],[-73.94619,40.57529],[-73.94593,40.57512],[-73.95258,40.57421],[-73.9557,40.57434],[-73.95635,40.57422],[-73.95635,40.57381],[-73.95657,40.57418],[-73.95844,40.5741],[-73.95897,40.57396],[-73.95899,40.57344],[-73.95939,40.57392],[-73.95942,40.57519],[-73.96575,40.5748],[-73.96889,40.57527],[-73.96977,40.57477],[-73.97154,40.57455],[-73.97964,40.57554],[-73.97961,40.57945],[-73.97465,40.57998],[-73.97183,40.57981],[-73.97114,40.58203],[-73.96734,40.58153],[-73.96464,40.59333],[-73.96637,40.60248],[-73.96391,40.60276],[-73.96434,40.60508],[-73.96173,40.60537],[-73.96336,40.61521],[-73.94792,40.61691],[-73.94743,40.61423]]]}},{"type":"Feature","properties":{"id":46},"geometry":{"type":"MultiPolygon","coordinates":[[[[-73.9199,40.59961],[-73.91866,40.59948],[-73.91627,40.59817],[-73.91338,40.59473],[-73.91306,40.59408],[-73.91326,40.59224],[-73.91295,40.59206],[-73.91525,40.5916],[-73.91788,40.59473],[-73.92083,40.59634],[-73.92182,40.59734],[-73.92213,40.59867],[-73.92085,40.59955],[-73.9199,40.59961]]],[[[-73.88834,40.64672],[-73.88853,40.64687],[-73.88847,40.64691],[-73.88834,40.64672]]],[[[-73.89122,40.65],[-73.89057,40.64922],[-73.89102,40.64935],[-73.8911,40.64882],[-73.8888,40.64606],[-73.88938,40.64698],[-73.88887,40.64723],[-73.88808,40.64663],[-73.88829,40.64605],[-73.88741,40.64534],[-73.88806,40.64513],[-73.88735,40.64523],[-73.88624,40.64383],[-73.88374,40.64246],[-73.87954,40.63823],[-73.87864,40.6383],[-73.87858,40.63753],[-73.87715,40.63598],[-73.87821,40.63458],[-73.88365,40.63095],[-73.88377,40.63023],[-73.88346,40.62992],[-73.88405,40.62957],[-73.88263,40.62828],[-73.88369,40.62757],[-73.88513,40.62884],[-73.88572,40.62845],[-73.88631,40.62869],[-73.88753,40.62834],[-73.89042,40.62629],[-73.89149,40.62449],[-73.89301,40.62336],[-73.89534,40.62248],[-73.91446,40.631],[-73.91606,40.63204],[-73.91691,40.63195],[-73.91751,40.63136],[-73.91659,40.63046],[-73.90396,40.62484],[-73.90533,40.62587],[-73.90255,40.62445],[-73.90327,40.62449],[-73.90283,40.62406],[-73.90229,40.62442],[-73.90287,40.62366],[-73.90105,40.62272],[-73.90053,40.62169],[-73.89812,40.62186],[-73.89648,40.62144],[-73.89562,40.61981],[-73.89664,40.61736],[-73.89586,40.61453],[-73.89428,40.61389],[-73.8925,40.6138],[-73.89096,40.61284],[-73.89142,40.61213],[-73.89393,40.61154],[-73.89397,40.61122],[-73.89355,40.61101],[-73.8919,40.61154],[-73.89108,40.61229],[-73.88977,40.61167],[-73.88979,40.61096],[-73.89227,40.60917],[-73.89273,40.60724],[-73.89335,40.60675],[-73.89834,40.60531],[-73.90014,40.60561],[-73.9011,40.60708],[-73.90028,40.61008],[-73.90141,40.6111],[-73.90137,40.61171],[-73.9025,40.61182],[-73.90133,40.61049],[-73.90265,40.61179],[-73.90236,40.61199],[-73.90305,40.6121],[-73.90256,40.61217],[-73.90717,40.61602],[-73.90674,40.6163],[-73.90726,40.6161],[-73.90711,40.61662],[-73.90753,40.61635],[-73.90724,40.61656],[-73.90762,40.6169],[-73.90879,40.61744],[-73.90863,40.61718],[-73.90907,40.61717],[-73.90836,40.61654],[-73.9088,40.61688],[-73.90914,40.61654],[-73.90797,40.61575],[-73.90918,40.61653],[-73.90896,40.617],[-73.9096,40.6164],[-73.90422,40.61236],[-73.90429,40.61203],[-73.90226,40.61043],[-73.90164,40.60577],[-73.90524,40.60492],[-73.90598,40.60639],[-73.9081,40.60629],[-73.90864,40.60667],[-73.90985,40.60601],[-73.90833,40.60408],[-73.91092,40.60351],[-73.91365,40.60399],[-73.91674,40.60682],[-73.91632,40.60868],[-73.91679,40.60878],[-73.91663,40.60945],[-73.91684,40.60877],[-73.91651,40.60864],[-73.91709,40.60883],[-73.91617,40.61052],[-73.9145,40.61166],[-73.91494,40.61397],[-73.91386,40.61465],[-73.91422,40.61494],[-73.91642,40.61358],[-73.91592,40.61385],[-73.91577,40.61355],[-73.91625,40.61363],[-73.91575,40.61339],[-73.9164,40.61346],[-73.91587,40.61292],[-73.91663,40.61345],[-73.91573,40.61184],[-73.91811,40.61022],[-73.91773,40.60979],[-73.91787,40.60934],[-73.91768,40.60967],[-73.91796,40.60879],[-73.91788,40.60932],[-73.91856,40.60851],[-73.91801,40.60816],[-73.91857,40.6085],[-73.91901,40.60828],[-73.91814,40.60765],[-73.91902,40.60827],[-73.91936,40.60805],[-73.91825,40.60724],[-73.9185,40.60708],[-73.91937,40.60804],[-73.91952,40.60775],[-73.91443,40.60287],[-73.91369,40.60286],[-73.91364,40.60253],[-73.91347,40.60292],[-73.9135,40.60238],[-73.91302,40.60276],[-73.91348,40.60236],[-73.91312,40.60223],[-73.91271,40.6027],[-73.91306,40.60221],[-73.91159,40.60214],[-73.91254,40.60237],[-73.91155,40.60245],[-73.91257,40.60269],[-73.91087,40.6025],[-73.91152,40.60241],[-73.91094,40.60214],[-73.91156,40.60216],[-73.91076,40.60204],[-73.91075,40.60245],[-73.90904,40.60269],[-73.91071,40.60243],[-73.91071,40.60215],[-73.90941,40.6022],[-73.91073,40.60203],[-73.90904,40.60163],[-73.90784,40.60228],[-73.9043,40.60268],[-73.90373,40.60242],[-73.90193,40.60319],[-73.89933,40.60356],[-73.89562,40.60302],[-73.89241,40.60331],[-73.88773,40.60528],[-73.88478,40.60515],[-73.88397,40.60556],[-73.88272,40.60419],[-73.88337,40.60289],[-73.88181,40.59937],[-73.87991,40.59206],[-73.87942,40.59214],[-73.8799,40.59203],[-73.87972,40.59141],[-73.87936,40.59085],[-73.87897,40.59091],[-73.87929,40.59067],[-73.87879,40.58804],[-73.87672,40.58492],[-73.8797,40.58014],[-73.88174,40.5796],[-73.88175,40.57917],[-73.88614,40.57814],[-73.89119,40.57788],[-73.89553,40.57678],[-73.89651,40.57902],[-73.89675,40.5832],[-73.89816,40.58536],[-73.89794,40.58589],[-73.89826,40.58679],[-73.89892,40.58755],[-73.89973,40.58717],[-73.89903,40.58768],[-73.89981,40.58802],[-73.90122,40.58739],[-73.90003,40.58788],[-73.90072,40.58809],[-73.9021,40.58736],[-73.90427,40.58692],[-73.90652,40.58803],[-73.90713,40.58754],[-73.90644,40.58704],[-73.91089,40.58596],[-73.91153,40.58611],[-73.91197,40.58671],[-73.91206,40.58875],[-73.91144,40.59109],[-73.91203,40.59438],[-73.91355,40.59673],[-73.91507,40.59801],[-73.91517,40.59868],[-73.91862,40.60068],[-73.92171,40.60175],[-73.92297,40.60111],[-73.92394,40.59972],[-73.92471,40.59975],[-73.928,40.60194],[-73.92884,40.60213],[-73.92964,40.60298],[-73.92909,40.6038],[-73.93003,40.60365],[-73.93017,40.60401],[-73.93118,40.60386],[-73.93212,40.6027],[-73.93033,40.60119],[-73.92936,40.60099],[-73.92923,40.6005],[-73.92859,40.60062],[-73.9272,40.59992],[-73.9229,40.59646],[-73.92178,40.59504],[-73.92034,40.59474],[-73.91818,40.59312],[-73.91641,40.59115],[-73.91488,40.59032],[-73.91455,40.58886],[-73.91726,40.58749],[-73.91806,40.58644],[-73.91917,40.58596],[-73.92041,40.5861],[-73.92091,40.5856],[-73.92235,40.58603],[-73.92493,40.58568],[-73.92721,40.58773],[-73.92765,40.58747],[-73.92736,40.58803],[-73.92808,40.58771],[-73.92741,40.58821],[-73.92802,40.58808],[-73.92746,40.58831],[-73.92776,40.58867],[-73.92395,40.59115],[-73.9246,40.59121],[-73.92863,40.58858],[-73.92838,40.58899],[-73.92895,40.58892],[-73.92867,40.58915],[-73.92922,40.58882],[-73.92876,40.58916],[-73.93004,40.58943],[-73.93065,40.5903],[-73.93036,40.59256],[-73.92971,40.59313],[-73.93004,40.59307],[-73.92974,40.59315],[-73.92996,40.59401],[-73.93008,40.5936],[-73.93053,40.59389],[-73.93055,40.59421],[-73.93004,40.59411],[-73.93043,40.59441],[-73.93177,40.59429],[-73.93082,40.59454],[-73.93261,40.59494],[-73.93268,40.59424],[-73.93114,40.59202],[-73.9314,40.59181],[-73.93101,40.59194],[-73.93156,40.5913],[-73.93121,40.58954],[-73.93069,40.58883],[-73.93009,40.589],[-73.93065,40.58868],[-73.9304,40.58847],[-73.92973,40.58862],[-73.93039,40.58845],[-73.92972,40.58757],[-73.93135,40.58734],[-73.93125,40.58686],[-73.92858,40.58707],[-73.92808,40.58671],[-73.92816,40.58587],[-73.92737,40.58601],[-73.92752,40.58641],[-73.92731,40.58587],[-73.92529,40.58465],[-73.9202,40.58464],[-73.91566,40.58623],[-73.9135,40.5861],[-73.91259,40.58557],[-73.91246,40.58336],[-73.91463,40.58277],[-73.91499,40.58316],[-73.91614,40.58287],[-73.9173,40.5832],[-73.91541,40.58237],[-73.9125,40.58309],[-73.91156,40.58278],[-73.91128,40.58227],[-73.91157,40.58179],[-73.91502,40.58155],[-73.92444,40.58357],[-73.92944,40.58343],[-73.93067,40.58317],[-73.93076,40.58276],[-73.93172,40.58282],[-73.93204,40.58424],[-73.93108,40.58439],[-73.9314,40.58609],[-73.93445,40.58666],[-73.93634,40.58649],[-73.93778,40.59413],[-73.94061,40.59382],[-73.94148,40.59831],[-73.94527,40.5979],[-73.9461,40.60228],[-73.94332,40.60258],[-73.94377,40.60497],[-73.94177,40.60519],[-73.94231,40.60828],[-73.94355,40.60935],[-73.94406,40.612],[-73.94693,40.61169],[-73.94743,40.61423],[-73.94483,40.61605],[-73.94418,40.61273],[-73.93354,40.61958],[-73.93246,40.61861],[-73.93076,40.61872],[-73.93102,40.62112],[-73.93005,40.62119],[-73.93028,40.62339],[-73.92737,40.62357],[-73.92812,40.63052],[-73.92042,40.63091],[-73.92068,40.63334],[-73.91495,40.63701],[-73.91681,40.63869],[-73.9002,40.6491],[-73.89691,40.6461],[-73.89122,40.65]]]]}},{"type":"Feature","properties":{"id":36},"geometry":{"type":"Polygon","coordinates":[[[-73.92804,40.69291],[-73.92527,40.67908],[-73.92736,40.67919],[-73.92801,40.67222],[-73.92525,40.67207],[-73.92541,40.67029],[-73.93095,40.67059],[-73.93087,40.67148],[-73.95432,40.67276],[-73.95268,40.67704],[-73.95301,40.67882],[-73.95829,40.67984],[-73.96029,40.69035],[-73.95176,40.69134],[-73.95337,40.69941],[-73.94193,40.70073],[-73.92804,40.69291]]]}},{"type":"Feature","properties":{"id":41},"geometry":{"type":"Polygon","coordinates":[[[-73.92632,40.69194],[-73.91151,40.68351],[-73.91181,40.68319],[-73.91075,40.67829],[-73.91123,40.67309],[-73.90924,40.67296],[-73.90788,40.67358],[-73.90734,40.67151],[-73.90831,40.67137],[-73.90797,40.67011],[-73.9042,40.67067],[-73.90119,40.65892],[-73.91403,40.65701],[-73.91378,40.65679],[-73.92078,40.65256],[-73.93618,40.65148],[-73.93669,40.65625],[-73.9309,40.65662],[-73.93108,40.6583],[-73.93687,40.65795],[-73.9374,40.66293],[-73.93708,40.66465],[-73.93154,40.66435],[-73.93095,40.67059],[-73.92541,40.67029],[-73.92525,40.67207],[-73.92801,40.67222],[-73.92736,40.67919],[-73.92527,40.67908],[-73.92804,40.69291],[-73.92632,40.69194]]]}},{"type":"Feature","properties":{"id":38},"geometry":{"type":"MultiPolygon","coordinates":[[[[-74.03673,40.63915],[-74.03681,40.63899],[-74.03876,40.6396],[-74.03673,40.63915]]],[[[-74.00816,40.68535],[-73.99855,40.67193],[-73.99666,40.67415],[-73.98631,40.66918],[-73.99055,40.66417],[-73.99517,40.65968],[-73.99297,40.65835],[-73.99238,40.65891],[-73.99019,40.65761],[-73.98843,40.65926],[-73.9818,40.65525],[-73.98036,40.6477],[-73.98835,40.64457],[-73.99766,40.63838],[-73.99872,40.63902],[-74.00047,40.63734],[-74.00267,40.63868],[-74.00034,40.64091],[-74.00695,40.64491],[-74.01515,40.63702],[-74.01295,40.63569],[-74.01237,40.63625],[-74.01016,40.63492],[-74.01074,40.63436],[-74.00634,40.6317],[-74.0105,40.6277],[-73.99729,40.61972],[-73.99903,40.61804],[-73.99927,40.61819],[-73.99971,40.61663],[-73.99775,40.61544],[-74.00091,40.6124],[-74.00107,40.61184],[-73.99472,40.60801],[-74.00155,40.60145],[-74.00837,40.60523],[-74.00343,40.60998],[-74.00831,40.61258],[-74.00656,40.61425],[-74.01757,40.62091],[-74.01815,40.62034],[-74.02062,40.62181],[-74.02009,40.62243],[-74.0212,40.62225],[-74.01958,40.62428],[-74.01808,40.62751],[-74.01622,40.63283],[-74.01614,40.63394],[-74.0166,40.63498],[-74.02144,40.6385],[-74.02185,40.63982],[-74.02135,40.64119],[-74.02336,40.64015],[-74.02566,40.63997],[-74.03254,40.64383],[-74.0319,40.6439],[-74.03052,40.64528],[-74.02908,40.64441],[-74.02886,40.64487],[-74.02909,40.64459],[-74.0285,40.64419],[-74.02819,40.64442],[-74.02846,40.64416],[-74.02821,40.64402],[-74.02605,40.64627],[-74.02974,40.64849],[-74.02939,40.64881],[-74.02572,40.64662],[-74.02436,40.64741],[-74.02415,40.64762],[-74.02513,40.64833],[-74.02554,40.64979],[-74.02485,40.65061],[-74.02605,40.651],[-74.02553,40.65149],[-74.02477,40.6507],[-74.02424,40.65114],[-74.02542,40.65194],[-74.02418,40.6512],[-74.02285,40.65118],[-74.02537,40.65273],[-74.02154,40.65068],[-74.02125,40.65084],[-74.02105,40.65111],[-74.02234,40.65192],[-74.0209,40.65126],[-74.02381,40.65305],[-74.02196,40.65223],[-74.02119,40.65285],[-74.02321,40.6541],[-74.02163,40.65365],[-74.02115,40.65422],[-74.02183,40.65466],[-74.02165,40.65489],[-74.01862,40.6535],[-74.01812,40.65389],[-74.02026,40.65513],[-74.02005,40.65534],[-74.01788,40.65407],[-74.01715,40.65478],[-74.0198,40.6565],[-74.01727,40.6552],[-74.01665,40.65535],[-74.0164,40.65563],[-74.01911,40.65738],[-74.01861,40.65785],[-74.01586,40.65622],[-74.01544,40.65664],[-74.01774,40.65811],[-74.01769,40.65846],[-74.01505,40.65696],[-74.01442,40.65762],[-74.01746,40.65946],[-74.01554,40.66077],[-74.01184,40.65892],[-74.01111,40.65971],[-74.01402,40.66154],[-74.01266,40.66199],[-74.0086,40.65953],[-74.00746,40.66057],[-74.01037,40.66241],[-74.00955,40.66328],[-74.00869,40.66338],[-74.00616,40.66185],[-74.00569,40.66228],[-74.00429,40.66145],[-74.00623,40.6628],[-74.00593,40.66312],[-74.00381,40.66192],[-74.00349,40.66225],[-74.006,40.66327],[-74.00561,40.66347],[-74.00768,40.6648],[-74.00731,40.66461],[-74.00713,40.66492],[-74.00653,40.66456],[-74.00688,40.66435],[-74.00584,40.66415],[-74.00605,40.66385],[-74.00564,40.66454],[-74.00565,40.66391],[-74.00363,40.66274],[-74.0034,40.66299],[-74.00528,40.66467],[-74.00486,40.66507],[-74.00114,40.66291],[-73.99953,40.66441],[-74.00293,40.66647],[-74.00162,40.66677],[-74.00069,40.66755],[-73.99998,40.66746],[-73.99903,40.66845],[-73.99866,40.66952],[-73.99877,40.67161],[-74.0003,40.66873],[-74.00106,40.66895],[-74.00142,40.66837],[-74.00222,40.66859],[-74.00319,40.66727],[-74.00587,40.668],[-74.00688,40.66603],[-74.00476,40.67073],[-74.00544,40.67093],[-74.00755,40.66706],[-74.0078,40.66717],[-74.00709,40.6686],[-74.00986,40.66853],[-74.01154,40.66509],[-74.01575,40.66458],[-74.0169,40.66485],[-74.01789,40.66586],[-74.01858,40.6704],[-74.01934,40.67163],[-74.01751,40.67104],[-74.01649,40.66494],[-74.01603,40.66487],[-74.01594,40.66548],[-74.01228,40.66574],[-74.01034,40.66909],[-74.01091,40.6692],[-74.01087,40.66972],[-74.01154,40.66979],[-74.01163,40.67059],[-74.01425,40.66974],[-74.01175,40.67067],[-74.01428,40.67139],[-74.0152,40.67076],[-74.01387,40.67189],[-74.01423,40.67214],[-74.01569,40.67105],[-74.01298,40.67334],[-74.01337,40.6736],[-74.01512,40.67217],[-74.01632,40.67292],[-74.01458,40.67442],[-74.01497,40.67469],[-74.01817,40.67195],[-74.0188,40.67226],[-74.01727,40.67362],[-74.01801,40.67392],[-74.01784,40.67527],[-74.0183,40.67547],[-74.01839,40.67511],[-74.01889,40.6751],[-74.01851,40.67585],[-74.01802,40.67589],[-74.01792,40.67652],[-74.01977,40.67662],[-74.01995,40.67711],[-74.01908,40.67715],[-74.01918,40.67784],[-74.01843,40.67792],[-74.01841,40.67842],[-74.01966,40.67839],[-74.01827,40.67856],[-74.01858,40.67899],[-74.01954,40.67898],[-74.01928,40.67966],[-74.01282,40.68363],[-74.01214,40.68291],[-74.01411,40.68172],[-74.01361,40.68123],[-74.01388,40.68102],[-74.01302,40.68042],[-74.00967,40.68328],[-74.01077,40.68437],[-74.01193,40.6839],[-74.0086,40.68592],[-74.00816,40.68535]]]]}},{"type":"Feature","properties":{"id":47},"geometry":{"type":"Polygon","coordinates":[[[-74.0323,40.64359],[-74.02566,40.63997],[-74.02336,40.64015],[-74.02135,40.64119],[-74.02185,40.63982],[-74.02149,40.63857],[-74.01691,40.63531],[-74.0161,40.6335],[-74.01878,40.62587],[-74.0212,40.62225],[-74.02009,40.62243],[-74.02062,40.62181],[-74.01815,40.62034],[-74.01757,40.62091],[-74.00656,40.61425],[-74.00831,40.61258],[-74.00343,40.60998],[-74.00837,40.60523],[-74.00155,40.60145],[-73.99093,40.59434],[-73.99257,40.59277],[-73.98962,40.59099],[-73.98602,40.59445],[-73.98464,40.59356],[-73.97611,40.59451],[-73.9759,40.59339],[-73.97551,40.59344],[-73.97569,40.59211],[-73.97389,40.59231],[-73.97419,40.59011],[-73.96515,40.59111],[-73.96734,40.58153],[-73.97114,40.58203],[-73.97183,40.57981],[-73.97465,40.57998],[-73.97961,40.57945],[-73.97964,40.57554],[-73.97154,40.57455],[-73.96977,40.57477],[-73.96889,40.57527],[-73.96575,40.5748],[-73.95942,40.57519],[-73.95939,40.57392],[-73.96839,40.57316],[-73.96945,40.57287],[-73.96925,40.57231],[-73.96956,40.57282],[-73.97086,40.57278],[-73.97135,40.57261],[-73.97118,40.57195],[-73.97161,40.57264],[-73.9725,40.57258],[-73.97335,40.57233],[-73.97325,40.57163],[-73.97373,40.5723],[-73.97547,40.57198],[-73.97541,40.57143],[-73.97593,40.57203],[-73.97727,40.57187],[-73.97767,40.57174],[-73.97767,40.57118],[-73.97808,40.57124],[-73.97772,40.57126],[-73.97781,40.57176],[-73.97846,40.5719],[-73.97985,40.57155],[-73.97943,40.57123],[-73.98021,40.57173],[-73.98204,40.57149],[-73.98157,40.57126],[-73.98226,40.57158],[-73.98367,40.57142],[-73.98341,40.57017],[-73.98304,40.57015],[-73.98339,40.5701],[-73.98336,40.56954],[-73.98349,40.5701],[-73.98384,40.57012],[-73.98349,40.57016],[-73.98376,40.5714],[-73.99026,40.57072],[-73.99077,40.57061],[-73.99079,40.57026],[-73.99119,40.57062],[-73.99298,40.57021],[-73.99494,40.57036],[-73.99519,40.57003],[-73.99529,40.57033],[-74.00078,40.5705],[-74.00201,40.57022],[-74.00209,40.56959],[-74.00249,40.57175],[-74.0048,40.57289],[-74.01116,40.57417],[-74.01202,40.57489],[-74.01303,40.57781],[-74.01235,40.57923],[-74.0109,40.58045],[-74.00774,40.58175],[-74.00605,40.58199],[-74.00056,40.58131],[-73.99818,40.58173],[-73.99777,40.58146],[-73.99772,40.58072],[-73.99183,40.57926],[-73.99036,40.57943],[-73.98843,40.57882],[-73.98739,40.5791],[-73.9867,40.57982],[-73.98702,40.58003],[-73.98589,40.58115],[-73.98605,40.58173],[-73.98805,40.57964],[-73.99163,40.58109],[-73.99183,40.58175],[-73.99026,40.58463],[-73.99547,40.58222],[-74.00031,40.58319],[-74.00036,40.58419],[-73.99809,40.58537],[-73.99971,40.5857],[-73.99957,40.58625],[-73.99815,40.58654],[-73.99408,40.5887],[-73.99555,40.58827],[-73.9951,40.5886],[-73.99796,40.58728],[-73.99488,40.58878],[-73.99535,40.58934],[-74.00012,40.58696],[-74.00038,40.58648],[-74.00038,40.58714],[-73.99788,40.58835],[-73.99867,40.5892],[-73.99924,40.58894],[-73.99947,40.58924],[-73.99838,40.58978],[-73.99884,40.58963],[-73.99845,40.58987],[-73.99878,40.59032],[-73.99711,40.59129],[-73.9972,40.59162],[-73.99807,40.59122],[-73.99728,40.59172],[-73.99755,40.59193],[-73.99951,40.59111],[-74.00023,40.59151],[-73.99903,40.59232],[-73.99948,40.59298],[-73.99839,40.59354],[-74.0011,40.59253],[-74.00309,40.59546],[-74.00557,40.59758],[-74.01066,40.60061],[-74.01473,40.60207],[-74.01452,40.60282],[-74.01356,40.60259],[-74.00649,40.60959],[-74.01171,40.61274],[-74.00934,40.61502],[-74.01595,40.61901],[-74.01833,40.61673],[-74.02319,40.61968],[-74.02972,40.61166],[-74.03604,40.6093],[-74.03698,40.61129],[-74.03903,40.61317],[-74.04038,40.61535],[-74.04162,40.62057],[-74.04189,40.62438],[-74.04109,40.63012],[-74.03571,40.64065],[-74.0367,40.64169],[-74.03407,40.64432],[-74.0323,40.64359]]]}},{"type":"Feature","properties":{"id":43},"geometry":{"type":"Polygon","coordinates":[[[-74.00047,40.63734],[-73.99981,40.63694],[-74.00339,40.63455],[-74.00118,40.63322],[-74.00356,40.63093],[-73.97906,40.61613],[-73.97964,40.61557],[-73.97741,40.61423],[-73.97921,40.61251],[-73.97955,40.61272],[-73.97611,40.59451],[-73.98464,40.59356],[-73.98602,40.59445],[-73.98962,40.59099],[-73.99257,40.59277],[-73.99093,40.59434],[-74.00155,40.60145],[-73.99472,40.60801],[-74.00107,40.61184],[-74.00091,40.6124],[-73.99775,40.61544],[-73.99971,40.61663],[-73.99927,40.61819],[-73.99903,40.61804],[-73.99729,40.61972],[-74.0105,40.6277],[-74.00634,40.6317],[-74.01074,40.63436],[-74.01016,40.63492],[-74.01237,40.63625],[-74.01295,40.63569],[-74.01515,40.63702],[-74.00695,40.64491],[-74.00034,40.64091],[-74.00267,40.63868],[-74.00047,40.63734]]]}},{"type":"Feature","properties":{"id":2},"geometry":{"type":"MultiPolygon","coordinates":[[[[-73.96715,40.71832],[-73.96656,40.71802],[-73.96707,40.71845],[-73.96715,40.71832]]],[[[-73.96644,40.71925],[-73.96574,40.71872],[-73.96664,40.71914],[-73.96644,40.71925]]],[[[-73.96503,40.72039],[-73.96568,40.72069],[-73.9656,40.72075],[-73.96503,40.72039]]],[[[-73.96484,40.7208],[-73.96436,40.72049],[-73.96485,40.72096],[-73.96484,40.7208]]],[[[-73.96403,40.72089],[-73.96407,40.72081],[-73.96438,40.721],[-73.96403,40.72089]]],[[[-73.96424,40.72062],[-73.96495,40.72143],[-73.96484,40.72147],[-73.96424,40.72062]]],[[[-73.98278,40.74521],[-73.98184,40.74642],[-73.98021,40.74574],[-73.98066,40.74512],[-73.97676,40.74348],[-73.97862,40.74103],[-73.97625,40.74003],[-73.98256,40.73136],[-73.97163,40.72664],[-73.97315,40.72],[-73.97513,40.71463],[-73.98405,40.71731],[-73.98281,40.71973],[-73.98616,40.72075],[-73.98552,40.72199],[-73.99677,40.72544],[-74.00282,40.72837],[-74.00141,40.73107],[-73.99634,40.73805],[-73.99312,40.7367],[-73.99223,40.73793],[-73.99033,40.73714],[-73.98913,40.74137],[-73.98798,40.74088],[-73.9857,40.74402],[-73.9873,40.74469],[-73.98595,40.74654],[-73.98278,40.74521]]]]}},{"type":"Feature","properties":{"id":3},"geometry":{"type":"Polygon","coordinates":[[[-73.99631,40.76981],[-73.98997,40.7672],[-73.98951,40.76782],[-73.98382,40.76543],[-73.98428,40.7648],[-73.98143,40.7636],[-73.98505,40.75858],[-73.98534,40.7587],[-73.98749,40.75217],[-73.98818,40.7483],[-73.9855,40.74716],[-73.9873,40.74469],[-73.9857,40.74402],[-73.98798,40.74088],[-73.98913,40.74137],[-73.99033,40.73714],[-73.99223,40.73793],[-73.99312,40.7367],[-73.99634,40.73805],[-74.00141,40.73107],[-74.00403,40.72552],[-74.01514,40.72672],[-74.01154,40.72646],[-74.01138,40.72824],[-74.01439,40.72847],[-74.01404,40.7307],[-74.01116,40.73046],[-74.01094,40.73302],[-74.014,40.73308],[-74.014,40.73334],[-74.01073,40.73347],[-74.01083,40.73402],[-74.01202,40.73407],[-74.012,40.73435],[-74.01082,40.73429],[-74.01048,40.73807],[-74.01114,40.7384],[-74.01046,40.73837],[-74.01039,40.73918],[-74.01158,40.73927],[-74.01146,40.74059],[-74.01266,40.74076],[-74.00949,40.74075],[-74.00962,40.74137],[-74.0114,40.74183],[-74.01084,40.7426],[-74.00919,40.7423],[-74.00909,40.74289],[-74.00962,40.74296],[-74.00959,40.74327],[-74.01215,40.74357],[-74.01202,40.74395],[-74.0089,40.74393],[-74.00873,40.74489],[-74.00961,40.74501],[-74.00956,40.7453],[-74.01017,40.74495],[-74.00998,40.74533],[-74.01047,40.7454],[-74.01042,40.74499],[-74.01077,40.74501],[-74.01055,40.7454],[-74.01139,40.74508],[-74.01116,40.74545],[-74.01174,40.74553],[-74.01184,40.74513],[-74.01168,40.74599],[-74.00947,40.74576],[-74.00937,40.74634],[-74.01159,40.74661],[-74.01149,40.747],[-74.00924,40.74677],[-74.00914,40.74737],[-74.01141,40.74764],[-74.0113,40.74802],[-74.00906,40.74779],[-74.00895,40.74842],[-74.01122,40.74869],[-74.01111,40.74906],[-74.00995,40.74894],[-74.00911,40.75038],[-74.01068,40.75103],[-74.01057,40.75133],[-74.009,40.75066],[-74.00853,40.75189],[-74.00934,40.75236],[-74.00843,40.75217],[-74.00997,40.75294],[-74.00835,40.75236],[-74.00775,40.75435],[-74.00481,40.75782],[-74.00528,40.75804],[-74.00503,40.75837],[-74.007,40.75918],[-74.00653,40.75988],[-74.00451,40.75909],[-74.00381,40.75952],[-74.00432,40.75992],[-74.00367,40.75971],[-74.00393,40.76001],[-74.00234,40.76155],[-74.00445,40.76267],[-74.0022,40.76174],[-74.00153,40.76265],[-74.00361,40.76379],[-74.00139,40.76286],[-74.00097,40.76343],[-74.00315,40.76434],[-74.00316,40.76474],[-73.99993,40.76341],[-73.99915,40.76421],[-74.00228,40.76553],[-74.00206,40.76589],[-73.99889,40.76458],[-73.99858,40.76501],[-73.99828,40.76558],[-74.00154,40.76695],[-74.0014,40.76724],[-73.99807,40.76588],[-73.99738,40.76683],[-74.00063,40.76821],[-74.00046,40.76851],[-73.99716,40.76714],[-73.99646,40.76811],[-73.99973,40.76948],[-73.99947,40.76977],[-73.99707,40.76874],[-73.99657,40.76943],[-73.99903,40.77047],[-73.99876,40.77083],[-73.99631,40.76981]],[[-74.00937,40.74219],[-74.01009,40.7425],[-74.00982,40.74217],[-74.01017,40.74168],[-74.00936,40.74143],[-74.00937,40.74219]]]}},{"type":"Feature","properties":{"id":25},"geometry":{"type":"Polygon","coordinates":[[[-73.88859,40.76287],[-73.88826,40.76103],[-73.87896,40.76199],[-73.87699,40.76163],[-73.87607,40.75654],[-73.87366,40.75681],[-73.87269,40.75504],[-73.87388,40.75491],[-73.87316,40.75092],[-73.88338,40.74985],[-73.883,40.74774],[-73.87984,40.74807],[-73.87136,40.74428],[-73.86809,40.74561],[-73.86747,40.7421],[-73.86636,40.74281],[-73.86405,40.73717],[-73.86583,40.73665],[-73.86457,40.7342],[-73.8685,40.73303],[-73.87443,40.73491],[-73.87796,40.73707],[-73.89026,40.7394],[-73.89674,40.75053],[-73.89923,40.75001],[-73.90106,40.75079],[-73.90087,40.75207],[-73.90357,40.75185],[-73.90691,40.75329],[-73.91023,40.75298],[-73.90901,40.75429],[-73.90783,40.75701],[-73.89921,40.75786],[-73.89906,40.75905],[-73.89705,40.76197],[-73.88859,40.76287]]]}},{"type":"Feature","properties":{"id":35},"geometry":{"type":"Polygon","coordinates":[[[-73.96029,40.69035],[-73.95829,40.67984],[-73.95301,40.67882],[-73.95268,40.67704],[-73.95432,40.67276],[-73.93087,40.67148],[-73.93154,40.66435],[-73.93708,40.66465],[-73.93716,40.66376],[-73.94546,40.66423],[-73.96239,40.6631],[-73.96898,40.6724],[-73.9692,40.6728],[-73.96872,40.67393],[-73.96969,40.67537],[-73.9695,40.67591],[-73.97189,40.6764],[-73.98065,40.68847],[-73.98447,40.69613],[-73.98238,40.69611],[-73.98227,40.69751],[-73.98312,40.69755],[-73.98293,40.69978],[-73.98453,40.69983],[-73.98545,40.7006],[-73.98483,40.70059],[-73.98476,40.70145],[-73.98085,40.7013],[-73.98041,40.70071],[-73.98055,40.69825],[-73.96488,40.69772],[-73.96451,40.69597],[-73.96159,40.69622],[-73.96029,40.69035]]]}},{"type":"Feature","properties":{"id":34},"geometry":{"type":"Polygon","coordinates":[[[-73.92406,40.71412],[-73.91022,40.71316],[-73.91116,40.71222],[-73.90996,40.71107],[-73.91229,40.70879],[-73.90338,40.70355],[-73.90547,40.7015],[-73.90368,40.70042],[-73.89424,40.70084],[-73.89799,40.69707],[-73.90059,40.69241],[-73.9014,40.6916],[-73.9058,40.69414],[-73.90426,40.69571],[-73.91181,40.69996],[-73.91068,40.70105],[-73.91291,40.70237],[-73.91181,40.70344],[-73.91774,40.70695],[-73.92602,40.69859],[-73.92378,40.69731],[-73.92575,40.69529],[-73.92425,40.69444],[-73.92632,40.69194],[-73.95191,40.70637],[-73.95338,40.70686],[-73.95443,40.70668],[-73.95777,40.70719],[-73.95794,40.70689],[-73.95846,40.70726],[-73.95855,40.70689],[-73.96443,40.70313],[-73.96653,40.70508],[-73.96742,40.70745],[-73.96678,40.71064],[-73.96447,40.71574],[-73.96044,40.71953],[-73.95276,40.71474],[-73.95349,40.71408],[-73.95291,40.71407],[-73.94976,40.71649],[-73.95007,40.71831],[-73.94664,40.71862],[-73.9401,40.72269],[-73.93618,40.72428],[-73.93677,40.72485],[-73.93214,40.72817],[-73.92958,40.72762],[-73.9285,40.72662],[-73.92787,40.72586],[-73.9278,40.72493],[-73.92562,40.72007],[-73.92482,40.72027],[-73.92452,40.71956],[-73.92487,40.71845],[-73.92888,40.71773],[-73.92971,40.71706],[-73.92947,40.71573],[-73.93221,40.71497],[-73.93143,40.71439],[-73.93124,40.71373],[-73.93264,40.71306],[-73.93203,40.7116],[-73.93339,40.71124],[-73.93328,40.71099],[-73.9319,40.71135],[-73.93093,40.70917],[-73.93036,40.70873],[-73.93155,40.71186],[-73.93078,40.71217],[-73.93161,40.71205],[-73.93184,40.71264],[-73.93042,40.71318],[-73.93105,40.71462],[-73.93085,40.71491],[-73.92844,40.71554],[-73.92891,40.71663],[-73.92823,40.71711],[-73.92473,40.71795],[-73.9241,40.71768],[-73.92306,40.71635],[-73.92489,40.71528],[-73.92406,40.71412]]]}},{"type":"Feature","properties":{"id":9},"geometry":{"type":"Polygon","coordinates":[[[-73.93445,40.83599],[-73.93492,40.83524],[-73.93517,40.83288],[-73.93383,40.81973],[-73.93434,40.80957],[-73.93326,40.80725],[-73.93375,40.80703],[-73.93467,40.80818],[-73.94067,40.79994],[-73.94227,40.80062],[-73.94324,40.79932],[-73.94646,40.80067],[-73.94831,40.79814],[-73.9467,40.79746],[-73.94951,40.79361],[-73.95111,40.79429],[-73.94923,40.79688],[-73.95965,40.80116],[-73.95825,40.80311],[-73.95824,40.80551],[-73.95313,40.8127],[-73.95276,40.81655],[-73.95177,40.81792],[-73.95088,40.8184],[-73.9522,40.81896],[-73.94947,40.8227],[-73.94808,40.82212],[-73.9439,40.82782],[-73.94221,40.82874],[-73.94137,40.8309],[-73.94014,40.83038],[-73.93844,40.83305],[-73.93445,40.83599]]]}},{"type":"Feature","properties":{"id":49},"geometry":{"type":"MultiPolygon","coordinates":[[[[-74.15946,40.64146],[-74.16111,40.64184],[-74.16154,40.64416],[-74.1581,40.64377],[-74.15756,40.64325],[-74.15946,40.64146]]],[[[-74.08221,40.64829],[-74.08142,40.64851],[-74.079,40.64815],[-74.07651,40.64698],[-74.07445,40.64508],[-74.07359,40.64501],[-74.07386,40.64543],[-74.07334,40.64579],[-74.07369,40.64531],[-74.07303,40.64514],[-74.07306,40.64482],[-74.07343,40.64501],[-74.07312,40.64472],[-74.07259,40.6448],[-74.0727,40.64445],[-74.07169,40.64506],[-74.07229,40.64427],[-74.07113,40.64321],[-74.07211,40.64247],[-74.07038,40.6427],[-74.07324,40.64219],[-74.07315,40.64186],[-74.07025,40.64222],[-74.07309,40.64165],[-74.07289,40.64093],[-74.06999,40.64108],[-74.07308,40.64052],[-74.07309,40.63863],[-74.07238,40.63817],[-74.07349,40.6378],[-74.07337,40.63662],[-74.0721,40.63666],[-74.07336,40.63654],[-74.07291,40.63364],[-74.07333,40.63207],[-74.07299,40.63032],[-74.06802,40.6288],[-74.06813,40.62855],[-74.07291,40.63],[-74.0723,40.62715],[-74.07355,40.62693],[-74.07271,40.62688],[-74.07226,40.62462],[-74.07003,40.62146],[-74.06649,40.61891],[-74.06596,40.61937],[-74.0662,40.61873],[-74.06545,40.61921],[-74.06668,40.61808],[-74.06642,40.61788],[-74.06605,40.6182],[-74.06496,40.61778],[-74.06426,40.61818],[-74.0651,40.61752],[-74.06444,40.61707],[-74.06391,40.61734],[-74.06433,40.617],[-74.06144,40.61439],[-74.06034,40.61191],[-74.05986,40.61211],[-74.06,40.61279],[-74.05977,40.61206],[-74.06027,40.61183],[-74.05948,40.6117],[-74.05892,40.61106],[-74.05909,40.61064],[-74.05717,40.60875],[-74.0565,40.60726],[-74.05552,40.60649],[-74.05516,40.60674],[-74.05506,40.60627],[-74.05381,40.60592],[-74.05361,40.60525],[-74.05402,40.60494],[-74.05359,40.60377],[-74.05952,40.60195],[-74.06525,40.60278],[-74.07488,40.60602],[-74.08376,40.60672],[-74.09472,40.61063],[-74.10878,40.61041],[-74.11458,40.61142],[-74.11682,40.61127],[-74.11579,40.60687],[-74.12823,40.60591],[-74.12799,40.60412],[-74.13343,40.60359],[-74.13398,40.60766],[-74.13204,40.60776],[-74.13212,40.60827],[-74.12699,40.60873],[-74.12139,40.60992],[-74.12256,40.61308],[-74.11415,40.61375],[-74.11462,40.61801],[-74.11787,40.61788],[-74.11967,40.62175],[-74.1186,40.62238],[-74.11828,40.62314],[-74.12,40.62538],[-74.12155,40.62632],[-74.12216,40.62749],[-74.1307,40.62635],[-74.13361,40.62638],[-74.13764,40.62423],[-74.14403,40.625],[-74.14634,40.62493],[-74.14783,40.62219],[-74.15246,40.6171],[-74.15383,40.61247],[-74.15898,40.61638],[-74.16313,40.61886],[-74.16812,40.62106],[-74.17266,40.62177],[-74.17466,40.62252],[-74.1793,40.62638],[-74.1818,40.62785],[-74.18988,40.63137],[-74.19621,40.63469],[-74.19531,40.63524],[-74.1945,40.63646],[-74.19462,40.6374],[-74.19358,40.63748],[-74.18653,40.6434],[-74.18623,40.6432],[-74.18484,40.64414],[-74.18411,40.64354],[-74.18437,40.64311],[-74.18365,40.64225],[-74.18403,40.64311],[-74.18324,40.64297],[-74.18367,40.64462],[-74.18087,40.64486],[-74.18048,40.64429],[-74.18004,40.6443],[-74.17997,40.64528],[-74.17973,40.64439],[-74.17933,40.64441],[-74.17925,40.64505],[-74.17908,40.64465],[-74.17904,40.6434],[-74.17941,40.64314],[-74.17959,40.64193],[-74.17919,40.643],[-74.17826,40.64214],[-74.17834,40.6426],[-74.17721,40.64313],[-74.17636,40.64234],[-74.17669,40.64256],[-74.17667,40.6434],[-74.1756,40.64332],[-74.17569,40.64472],[-74.17437,40.64514],[-74.17294,40.64421],[-74.173,40.64359],[-74.17236,40.64326],[-74.17272,40.64296],[-74.17151,40.64314],[-74.17134,40.64286],[-74.17186,40.64253],[-74.17159,40.64104],[-74.17298,40.64049],[-74.17157,40.64102],[-74.17105,40.6426],[-74.17119,40.64175],[-74.16907,40.64214],[-74.16654,40.64143],[-74.1661,40.64241],[-74.16632,40.64144],[-74.1658,40.64123],[-74.16544,40.64229],[-74.16494,40.64222],[-74.16519,40.64065],[-74.16474,40.6404],[-74.16442,40.64141],[-74.1646,40.64032],[-74.16417,40.64],[-74.164,40.64107],[-74.16385,40.6399],[-74.16346,40.63986],[-74.16325,40.64097],[-74.16168,40.64062],[-74.16229,40.63877],[-74.16182,40.63865],[-74.16145,40.63944],[-74.16166,40.63867],[-74.16124,40.6386],[-74.16091,40.63939],[-74.16108,40.63858],[-74.16035,40.63845],[-74.15987,40.63994],[-74.16023,40.63835],[-74.15986,40.63874],[-74.15932,40.63782],[-74.15901,40.63883],[-74.15893,40.63827],[-74.15789,40.63797],[-74.15774,40.63889],[-74.15778,40.63797],[-74.1561,40.63795],[-74.15612,40.63754],[-74.1557,40.63753],[-74.15569,40.6378],[-74.15483,40.63773],[-74.15469,40.6392],[-74.1546,40.63735],[-74.1528,40.63714],[-74.1527,40.63765],[-74.15222,40.6377],[-74.1523,40.63828],[-74.15205,40.63768],[-74.1512,40.63774],[-74.1514,40.6394],[-74.15113,40.63851],[-74.15056,40.63857],[-74.14945,40.63741],[-74.14942,40.6383],[-74.14888,40.63871],[-74.14856,40.63745],[-74.14878,40.63888],[-74.14519,40.63939],[-74.14386,40.6389],[-74.14336,40.63972],[-74.14239,40.63965],[-74.1423,40.64031],[-74.14148,40.6401],[-74.14076,40.6406],[-74.13435,40.6419],[-74.13299,40.64143],[-74.13126,40.64161],[-74.13146,40.64132],[-74.13033,40.64079],[-74.13012,40.64102],[-74.13019,40.64073],[-74.12949,40.64136],[-74.12998,40.64074],[-74.12931,40.64035],[-74.12893,40.64042],[-74.12891,40.6412],[-74.12881,40.64024],[-74.12753,40.64016],[-74.12703,40.63933],[-74.12706,40.64025],[-74.12607,40.64026],[-74.12637,40.64134],[-74.12564,40.64143],[-74.12613,40.64127],[-74.126,40.64024],[-74.12416,40.64014],[-74.12286,40.64083],[-74.12261,40.64061],[-74.12283,40.6413],[-74.12199,40.64156],[-74.12117,40.64168],[-74.12071,40.64105],[-74.11994,40.64121],[-74.11961,40.64139],[-74.11996,40.64222],[-74.11953,40.64148],[-74.1191,40.64148],[-74.1194,40.64239],[-74.119,40.64147],[-74.11862,40.64154],[-74.11884,40.64255],[-74.1184,40.64154],[-74.11712,40.64168],[-74.11672,40.64204],[-74.11723,40.64304],[-74.11667,40.64212],[-74.1163,40.64221],[-74.11667,40.6432],[-74.11614,40.64222],[-74.11535,40.64248],[-74.1138,40.64362],[-74.11395,40.64414],[-74.11289,40.64454],[-74.11386,40.64408],[-74.11333,40.64373],[-74.11116,40.6451],[-74.11173,40.64467],[-74.10974,40.64547],[-74.10413,40.64575],[-74.0988,40.64506],[-74.0985,40.64538],[-74.09605,40.64538],[-74.09299,40.64598],[-74.08571,40.64889],[-74.08221,40.64829]]]]}},{"type":"Feature","properties":{"id":26},"geometry":{"type":"Polygon","coordinates":[[[-73.90783,40.75701],[-73.90901,40.75429],[-73.91023,40.75298],[-73.90691,40.75329],[-73.90357,40.75185],[-73.90087,40.75207],[-73.90106,40.75079],[-73.89923,40.75001],[-73.89674,40.75053],[-73.89127,40.74144],[-73.8877,40.7343],[-73.89831,40.7352],[-73.90017,40.7348],[-73.90518,40.72896],[-73.91257,40.72325],[-73.91656,40.72201],[-73.92128,40.72309],[-73.92232,40.72039],[-73.92388,40.72],[-73.92425,40.72144],[-73.9252,40.72241],[-73.92452,40.72356],[-73.92216,40.72372],[-73.92073,40.72332],[-73.92037,40.72369],[-73.9249,40.72451],[-73.92924,40.72827],[-73.93453,40.72911],[-73.93805,40.73052],[-73.93911,40.73139],[-73.94007,40.73377],[-73.94163,40.73585],[-73.94595,40.73754],[-73.94146,40.73926],[-73.93859,40.74294],[-73.94002,40.74322],[-73.94015,40.74284],[-73.93965,40.74274],[-73.94119,40.7403],[-73.94271,40.73912],[-73.94715,40.73791],[-73.9538,40.73983],[-73.95742,40.73956],[-73.96073,40.73809],[-73.96217,40.73828],[-73.96261,40.7388],[-73.96221,40.74001],[-73.96125,40.74043],[-73.96194,40.7408],[-73.96122,40.74112],[-73.96108,40.7417],[-73.96137,40.74185],[-73.96111,40.74184],[-73.96155,40.742],[-73.96119,40.74265],[-73.96054,40.74347],[-73.95978,40.74351],[-73.95971,40.74387],[-73.96057,40.74404],[-73.95963,40.74394],[-73.95939,40.74429],[-73.96013,40.74445],[-73.95878,40.74456],[-73.95944,40.74461],[-73.95876,40.74495],[-73.95967,40.74518],[-73.9585,40.745],[-73.95934,40.74553],[-73.9585,40.74577],[-73.95915,40.74601],[-73.95704,40.74893],[-73.95319,40.74774],[-73.95306,40.7481],[-73.95632,40.74909],[-73.95622,40.74953],[-73.95576,40.7496],[-73.9562,40.74969],[-73.95547,40.74968],[-73.95535,40.75002],[-73.95507,40.74964],[-73.9545,40.75123],[-73.95132,40.75459],[-73.94472,40.76289],[-73.93915,40.76081],[-73.93701,40.76425],[-73.93158,40.76171],[-73.93425,40.7587],[-73.92816,40.75584],[-73.92566,40.75893],[-73.92246,40.75743],[-73.92371,40.75589],[-73.91892,40.75364],[-73.91447,40.75368],[-73.91069,40.75833],[-73.90907,40.75757],[-73.907,40.76015],[-73.90632,40.75985],[-73.90827,40.7572],[-73.90783,40.75701]]]}},{"type":"Feature","properties":{"id":31},"geometry":{"type":"MultiPolygon","coordinates":[[[[-73.80997,40.60008],[-73.81049,40.59879],[-73.81158,40.59815],[-73.81222,40.59856],[-73.81502,40.60206],[-73.8148,40.60409],[-73.81429,40.60446],[-73.81321,40.60436],[-73.81017,40.60281],[-73.80997,40.60008]]],[[[-73.80032,40.60707],[-73.79793,40.60659],[-73.79841,40.60602],[-73.79827,40.6055],[-73.79868,40.60571],[-73.80011,40.60533],[-73.79871,40.60563],[-73.79781,40.60517],[-73.79804,40.60485],[-73.80049,40.60477],[-73.7979,40.60473],[-73.79766,40.60532],[-73.79822,40.60594],[-73.79766,40.60637],[-73.79635,40.6058],[-73.7967,40.60511],[-73.79612,40.6047],[-73.79732,40.60407],[-73.80038,40.60438],[-73.80172,40.60412],[-73.80322,40.60457],[-73.80373,40.60431],[-73.80338,40.60471],[-73.80394,40.60565],[-73.80314,40.60638],[-73.80182,40.60643],[-73.80077,40.60708],[-73.80058,40.60685],[-73.801,40.6066],[-73.80065,40.60634],[-73.80108,40.60642],[-73.80034,40.60629],[-73.80086,40.60664],[-73.80032,40.60707]]],[[[-73.79666,40.60897],[-73.79601,40.60823],[-73.79648,40.60801],[-73.79626,40.60763],[-73.79655,40.6073],[-73.79611,40.60742],[-73.79582,40.60814],[-73.79552,40.60736],[-73.79528,40.60582],[-73.79573,40.60524],[-73.79603,40.60531],[-73.7957,40.60647],[-73.79675,40.60623],[-73.7979,40.60688],[-73.80053,40.60723],[-73.80402,40.60614],[-73.80309,40.60747],[-73.801,40.60868],[-73.79666,40.60897]]],[[[-73.76669,40.61426],[-73.76517,40.61376],[-73.76506,40.61204],[-73.7623,40.61137],[-73.76173,40.61186],[-73.76024,40.61083],[-73.76178,40.60916],[-73.76155,40.60904],[-73.75999,40.61089],[-73.75949,40.61082],[-73.75972,40.61016],[-73.75561,40.61009],[-73.75588,40.61039],[-73.755,40.61014],[-73.74799,40.61232],[-73.74722,40.61219],[-73.74686,40.61158],[-73.74576,40.612],[-73.74311,40.60772],[-73.7434,40.60748],[-73.73841,40.60313],[-73.73836,40.59761],[-73.73872,40.59696],[-73.73863,40.59727],[-73.73879,40.59698],[-73.73993,40.59706],[-73.7401,40.59622],[-73.74039,40.59619],[-73.74065,40.59701],[-73.74183,40.5967],[-73.74052,40.59658],[-73.74055,40.59613],[-73.73993,40.59607],[-73.73947,40.59689],[-73.73988,40.59678],[-73.73975,40.59655],[-73.7398,40.59689],[-73.73895,40.59677],[-73.73838,40.59713],[-73.73799,40.59456],[-73.7409,40.5945],[-73.74223,40.59491],[-73.74666,40.5943],[-73.74913,40.59322],[-73.7517,40.59132],[-73.75345,40.59097],[-73.75596,40.59088],[-73.76134,40.59173],[-73.76797,40.59074],[-73.77584,40.59033],[-73.78043,40.5896],[-73.7886,40.58749],[-73.79156,40.5873],[-73.80028,40.58564],[-73.80101,40.58912],[-73.80431,40.58834],[-73.81125,40.58758],[-73.81144,40.58898],[-73.81039,40.58995],[-73.81065,40.59046],[-73.81027,40.59048],[-73.80949,40.59277],[-73.8097,40.59354],[-73.80603,40.59202],[-73.80578,40.59077],[-73.80583,40.5919],[-73.80425,40.59138],[-73.80417,40.59186],[-73.80805,40.59366],[-73.80711,40.59529],[-73.80606,40.59557],[-73.80491,40.5951],[-73.80404,40.5942],[-73.80381,40.5929],[-73.80244,40.59265],[-73.80251,40.59396],[-73.80318,40.59395],[-73.80251,40.59398],[-73.80257,40.59428],[-73.80329,40.59429],[-73.80235,40.5945],[-73.80344,40.59444],[-73.8032,40.59469],[-73.80373,40.59483],[-73.80322,40.59515],[-73.80391,40.59501],[-73.80332,40.59519],[-73.80369,40.59521],[-73.80511,40.59716],[-73.80292,40.59888],[-73.80167,40.5989],[-73.80092,40.5994],[-73.79457,40.59943],[-73.79233,40.59998],[-73.78786,40.60312],[-73.7865,40.60326],[-73.78617,40.60306],[-73.78716,40.60233],[-73.78793,40.601],[-73.7903,40.59927],[-73.79114,40.59716],[-73.79086,40.59502],[-73.79042,40.59476],[-73.7906,40.59612],[-73.79054,40.59499],[-73.79015,40.59478],[-73.79018,40.59608],[-73.79013,40.59483],[-73.78974,40.59475],[-73.79,40.59622],[-73.7897,40.59624],[-73.7897,40.59496],[-73.7894,40.59496],[-73.78914,40.59794],[-73.78597,40.60032],[-73.7858,40.60058],[-73.78614,40.60066],[-73.78578,40.6006],[-73.78598,40.60093],[-73.78563,40.60082],[-73.78539,40.60153],[-73.78365,40.6024],[-73.78313,40.60377],[-73.78395,40.60483],[-73.78367,40.60533],[-73.78041,40.60843],[-73.77857,40.60965],[-73.77535,40.60975],[-73.77422,40.6089],[-73.77482,40.60841],[-73.77422,40.60764],[-73.7746,40.60743],[-73.77601,40.6092],[-73.77459,40.60731],[-73.77519,40.60451],[-73.77469,40.60433],[-73.77538,40.60417],[-73.77588,40.60348],[-73.77606,40.60276],[-73.77569,40.60282],[-73.77837,40.60085],[-73.77818,40.60039],[-73.78011,40.60074],[-73.78191,40.59912],[-73.78194,40.59854],[-73.78133,40.59776],[-73.78006,40.59689],[-73.77742,40.59882],[-73.776,40.6014],[-73.77497,40.60175],[-73.77412,40.59989],[-73.77422,40.59901],[-73.77359,40.59813],[-73.77249,40.5979],[-73.76948,40.59827],[-73.76812,40.59783],[-73.76794,40.59815],[-73.76827,40.59834],[-73.77093,40.59887],[-73.77116,40.59943],[-73.77084,40.60182],[-73.77019,40.60276],[-73.77057,40.60485],[-73.77001,40.60534],[-73.77001,40.60724],[-73.769,40.6094],[-73.76982,40.6101],[-73.77125,40.6104],[-73.77224,40.61151],[-73.77341,40.6111],[-73.77296,40.61016],[-73.77393,40.61212],[-73.77417,40.61184],[-73.77339,40.61368],[-73.76669,40.61426]]],[[[-73.76672,40.61501],[-73.77088,40.61587],[-73.76855,40.62057],[-73.76746,40.62052],[-73.76672,40.61501]]],[[[-73.81252,40.62021],[-73.81269,40.62047],[-73.81261,40.62066],[-73.81252,40.62021]]],[[[-73.81224,40.62531],[-73.81244,40.6244],[-73.81168,40.62366],[-73.81252,40.62355],[-73.81301,40.62227],[-73.81303,40.62387],[-73.81448,40.62548],[-73.81249,40.62655],[-73.81199,40.62603],[-73.81224,40.62531]]],[[[-73.79882,40.62534],[-73.79782,40.62446],[-73.79876,40.62509],[-73.80037,40.62412],[-73.79923,40.6242],[-73.79868,40.62344],[-73.80016,40.61964],[-73.80112,40.61971],[-73.80207,40.6208],[-73.80131,40.61855],[-73.80187,40.61678],[-73.80348,40.61441],[-73.80362,40.61603],[-73.80454,40.61699],[-73.80493,40.6186],[-73.8059,40.61963],[-73.80564,40.6199],[-73.80641,40.62112],[-73.80615,40.62183],[-73.80641,40.62235],[-73.80542,40.6238],[-73.80466,40.62385],[-73.80163,40.6256],[-73.79906,40.62659],[-73.79759,40.62611],[-73.79882,40.62534]]],[[[-73.8143,40.62915],[-73.81467,40.62751],[-73.81532,40.62777],[-73.81645,40.62984],[-73.81597,40.63039],[-73.81528,40.63024],[-73.81468,40.62999],[-73.8143,40.62915]]],[[[-73.82338,40.639],[-73.82185,40.63205],[-73.82067,40.62892],[-73.8201,40.62783],[-73.81826,40.627],[-73.81789,40.62592],[-73.81623,40.6247],[-73.81675,40.62396],[-73.81795,40.6241],[-73.81866,40.62289],[-73.81755,40.6221],[-73.81758,40.62176],[-73.81672,40.62158],[-73.81621,40.6221],[-73.81539,40.62151],[-73.81543,40.62012],[-73.81718,40.61928],[-73.81778,40.61751],[-73.81643,40.61429],[-73.81408,40.61457],[-73.81468,40.61398],[-73.81486,40.61431],[-73.8155,40.61405],[-73.8148,40.6132],[-73.81504,40.61298],[-73.81547,40.61335],[-73.81616,40.61295],[-73.81541,40.61039],[-73.8145,40.61107],[-73.81521,40.60982],[-73.81475,40.60864],[-73.81534,40.60695],[-73.8175,40.61422],[-73.82017,40.61519],[-73.82164,40.61488],[-73.82493,40.61911],[-73.82928,40.63327],[-73.83047,40.63567],[-73.8329,40.63887],[-73.83222,40.63894],[-73.82809,40.63589],[-73.82592,40.63576],[-73.82443,40.63622],[-73.82414,40.6388],[-73.82458,40.63936],[-73.82419,40.63996],[-73.82338,40.639]]],[[[-73.72959,40.68433],[-73.72586,40.68325],[-73.72563,40.6796],[-73.72756,40.67417],[-73.72824,40.66803],[-73.72782,40.66313],[-73.72833,40.66305],[-73.72557,40.65673],[-73.72499,40.65426],[-73.72523,40.65201],[-73.73052,40.65032],[-73.73514,40.64974],[-73.74144,40.6469],[-73.74166,40.64221],[-73.74205,40.64148],[-73.74142,40.64051],[-73.74228,40.64013],[-73.73947,40.63571],[-73.73996,40.63515],[-73.7417,40.63489],[-73.74254,40.63518],[-73.74239,40.63564],[-73.74259,40.63546],[-73.74097,40.63731],[-73.74122,40.63782],[-73.74273,40.63828],[-73.74397,40.63789],[-73.74352,40.6389],[-73.74377,40.63903],[-73.7448,40.63708],[-73.74661,40.63659],[-73.74646,40.63727],[-73.74516,40.63812],[-73.74538,40.6383],[-73.74692,40.63692],[-73.74716,40.63707],[-73.74617,40.6404],[-73.74729,40.64319],[-73.74875,40.64448],[-73.74885,40.64518],[-73.74945,40.64494],[-73.75171,40.64651],[-73.75354,40.6472],[-73.75329,40.64735],[-73.75428,40.64789],[-73.75476,40.64782],[-73.75461,40.64721],[-73.7534,40.64682],[-73.75376,40.64669],[-73.74871,40.64335],[-73.74742,40.64142],[-73.74753,40.63933],[-73.74856,40.63542],[-73.76309,40.62967],[-73.76453,40.62923],[-73.76501,40.62942],[-73.76475,40.62917],[-73.7665,40.62826],[-73.76861,40.62474],[-73.76867,40.62274],[-73.76972,40.62177],[-73.77019,40.6198],[-73.77166,40.62042],[-73.77081,40.62296],[-73.77086,40.62334],[-73.77173,40.62359],[-73.77518,40.61927],[-73.77174,40.62361],[-73.77324,40.625],[-73.77381,40.62493],[-73.7735,40.62515],[-73.77408,40.62579],[-73.77654,40.62766],[-73.77947,40.62732],[-73.7842,40.6209],[-73.78522,40.62007],[-73.78516,40.61866],[-73.78436,40.61777],[-73.78446,40.61704],[-73.78323,40.61559],[-73.78249,40.61558],[-73.7808,40.6146],[-73.78071,40.61404],[-73.78115,40.61401],[-73.78088,40.61365],[-73.78355,40.61193],[-73.78498,40.61194],[-73.78578,40.611],[-73.78866,40.6101],[-73.78902,40.60923],[-73.79011,40.60887],[-73.79088,40.6077],[-73.7916,40.60782],[-73.79107,40.60839],[-73.79148,40.60871],[-73.79365,40.60899],[-73.79506,40.6105],[-73.79899,40.61149],[-73.79917,40.61203],[-73.80026,40.61161],[-73.8008,40.61194],[-73.80024,40.61209],[-73.79994,40.61315],[-73.79932,40.61337],[-73.79969,40.61379],[-73.79904,40.61556],[-73.79816,40.61572],[-73.79806,40.61634],[-73.79728,40.61667],[-73.79724,40.6176],[-73.79678,40.61771],[-73.79701,40.61839],[-73.79636,40.61846],[-73.79619,40.61962],[-73.79502,40.6213],[-73.79524,40.62161],[-73.79447,40.62179],[-73.79462,40.62249],[-73.79369,40.62271],[-73.79076,40.62234],[-73.78916,40.62301],[-73.78536,40.62671],[-73.78488,40.62664],[-73.78363,40.62815],[-73.78329,40.62896],[-73.78378,40.63064],[-73.78501,40.63174],[-73.78743,40.63258],[-73.7895,40.63428],[-73.79077,40.63386],[-73.79079,40.63429],[-73.79812,40.63105],[-73.79828,40.63126],[-73.79081,40.63432],[-73.79131,40.63441],[-73.79123,40.63487],[-73.79222,40.6359],[-73.79475,40.63664],[-73.79726,40.63802],[-73.79924,40.63843],[-73.81203,40.64431],[-73.8183,40.64628],[-73.82123,40.64898],[-73.82215,40.65014],[-73.82347,40.65532],[-73.82247,40.65917],[-73.82154,40.65998],[-73.82175,40.66013],[-73.8187,40.66111],[-73.81262,40.66017],[-73.81144,40.66026],[-73.81152,40.66078],[-73.81867,40.66214],[-73.82332,40.66022],[-73.82493,40.65545],[-73.82291,40.6481],[-73.8232,40.64802],[-73.82401,40.64924],[-73.82534,40.64967],[-73.82589,40.64949],[-73.82615,40.65009],[-73.82639,40.64833],[-73.8286,40.65721],[-73.83271,40.66541],[-73.81381,40.6628],[-73.80615,40.66492],[-73.80575,40.66616],[-73.80175,40.66588],[-73.80162,40.66627],[-73.79296,40.66614],[-73.77537,40.6674],[-73.76702,40.66692],[-73.76435,40.67186],[-73.76372,40.67432],[-73.7601,40.67235],[-73.7585,40.67266],[-73.7587,40.67312],[-73.75837,40.67348],[-73.7572,40.67344],[-73.75692,40.67654],[-73.75576,40.67589],[-73.75805,40.67923],[-73.75544,40.6802],[-73.75324,40.68013],[-73.75002,40.6859],[-73.74723,40.68972],[-73.72959,40.68433]]]]}},{"type":"Feature","properties":{"id":27},"geometry":{"type":"Polygon","coordinates":[[[-73.72586,40.68325],[-73.74723,40.68972],[-73.75002,40.6859],[-73.75324,40.68013],[-73.75544,40.6802],[-73.75805,40.67923],[-73.75576,40.67589],[-73.75692,40.67654],[-73.7572,40.67344],[-73.75837,40.67348],[-73.7587,40.67312],[-73.7585,40.67266],[-73.7601,40.67235],[-73.76372,40.67432],[-73.7638,40.67379],[-73.76562,40.67479],[-73.7747,40.68049],[-73.77232,40.6815],[-73.76974,40.68379],[-73.77571,40.68762],[-73.77789,40.68993],[-73.77977,40.68929],[-73.78284,40.69391],[-73.78616,40.69257],[-73.78749,40.69143],[-73.79467,40.70128],[-73.80237,40.69788],[-73.8089,40.69257],[-73.81054,40.69198],[-73.81423,40.69834],[-73.80868,40.70027],[-73.80888,40.70182],[-73.81059,40.7055],[-73.80279,40.70772],[-73.80166,40.70577],[-73.79395,40.70863],[-73.79473,40.71002],[-73.78929,40.71204],[-73.78785,40.71182],[-73.78535,40.71229],[-73.78331,40.70795],[-73.78279,40.708],[-73.7763,40.70905],[-73.77144,40.7104],[-73.76902,40.71232],[-73.76703,40.7132],[-73.75532,40.71358],[-73.73643,40.71807],[-73.73234,40.72031],[-73.73216,40.72006],[-73.72966,40.72049],[-73.7269,40.70999],[-73.72586,40.68325]]]}},{"type":"Feature","properties":{"id":28},"geometry":{"type":"Polygon","coordinates":[[[-73.7638,40.67379],[-73.76435,40.67186],[-73.76702,40.66692],[-73.77537,40.6674],[-73.79296,40.66614],[-73.80162,40.66627],[-73.80175,40.66588],[-73.80575,40.66616],[-73.80615,40.66492],[-73.80845,40.66447],[-73.81208,40.66303],[-73.81411,40.6628],[-73.83271,40.66541],[-73.84013,40.68115],[-73.83698,40.682],[-73.82946,40.68541],[-73.82428,40.6862],[-73.81555,40.68961],[-73.81354,40.69122],[-73.8093,40.69235],[-73.80237,40.69788],[-73.79467,40.70128],[-73.78749,40.69143],[-73.78616,40.69257],[-73.78284,40.69391],[-73.77977,40.68929],[-73.77789,40.68993],[-73.77571,40.68762],[-73.76974,40.68379],[-73.77232,40.6815],[-73.7747,40.68049],[-73.7638,40.67379]]]}},{"type":"Feature","properties":{"id":15},"geometry":{"type":"Polygon","coordinates":[[[-73.88779,40.87075],[-73.88625,40.86948],[-73.88552,40.87019],[-73.88528,40.87001],[-73.88451,40.86835],[-73.8831,40.86661],[-73.8799,40.86838],[-73.87926,40.86798],[-73.87821,40.86885],[-73.8773,40.86906],[-73.87604,40.86851],[-73.875,40.86708],[-73.87101,40.86543],[-73.86736,40.86544],[-73.8676,40.859],[-73.86991,40.85588],[-73.86825,40.85097],[-73.86953,40.8487],[-73.86956,40.84803],[-73.86889,40.84812],[-73.86988,40.84663],[-73.87036,40.84663],[-73.87102,40.8459],[-73.87312,40.83819],[-73.87399,40.83732],[-73.87526,40.83755],[-73.87747,40.83666],[-73.8791,40.83702],[-73.8807,40.83748],[-73.88576,40.84022],[-73.88625,40.83915],[-73.88535,40.8388],[-73.89023,40.83597],[-73.8934,40.83554],[-73.89487,40.83426],[-73.89676,40.83333],[-73.90186,40.83463],[-73.89997,40.83766],[-73.90571,40.83973],[-73.90518,40.84094],[-73.90515,40.84256],[-73.91175,40.84287],[-73.91199,40.84307],[-73.91158,40.84426],[-73.91108,40.8451],[-73.90484,40.84476],[-73.90483,40.84504],[-73.90392,40.84501],[-73.90374,40.84734],[-73.90632,40.84759],[-73.90576,40.8492],[-73.90609,40.84936],[-73.9013,40.85531],[-73.89715,40.86245],[-73.89175,40.86952],[-73.88869,40.8715],[-73.88779,40.87075]]]}},{"type":"Feature","properties":{"id":1},"geometry":{"type":"MultiPolygon","coordinates":[[[[-74.01093,40.6845],[-74.01193,40.6839],[-74.01218,40.6841],[-74.00836,40.68641],[-74.00817,40.68618],[-74.01093,40.6845]]],[[[-74.00501,40.68761],[-74.00563,40.68679],[-74.00783,40.68739],[-74.00742,40.68821],[-74.00501,40.68761]]],[[[-74.00382,40.68894],[-74.00459,40.68822],[-74.00679,40.68884],[-74.00637,40.68968],[-74.00382,40.68894]]],[[[-74.00298,40.69043],[-74.00341,40.68962],[-74.00576,40.69024],[-74.00534,40.6911],[-74.00298,40.69043]]],[[[-74.04388,40.6902],[-74.04351,40.6897],[-74.04256,40.68997],[-74.04347,40.68965],[-74.04364,40.68877],[-74.04439,40.68852],[-74.04628,40.68934],[-74.0468,40.68996],[-74.04748,40.68962],[-74.04773,40.68992],[-74.04689,40.69007],[-74.04717,40.691],[-74.04615,40.69113],[-74.04388,40.6902]]],[[[-74.00199,40.69234],[-74.0018,40.69228],[-74.00216,40.69225],[-74.00199,40.69234]]],[[[-74.00133,40.69147],[-74.0007,40.69062],[-74.0048,40.69177],[-74.00441,40.69254],[-74.00133,40.69147]]],[[[-74.01675,40.69335],[-74.01513,40.69325],[-74.01344,40.69212],[-74.01181,40.69249],[-74.0119,40.6921],[-74.01333,40.69203],[-74.01261,40.69137],[-74.01204,40.69151],[-74.01253,40.69115],[-74.01183,40.69107],[-74.0122,40.69104],[-74.01231,40.68929],[-74.01317,40.68816],[-74.01488,40.68726],[-74.01605,40.68735],[-74.01705,40.68688],[-74.01665,40.68642],[-74.01515,40.68645],[-74.01667,40.68631],[-74.01712,40.68685],[-74.02055,40.68528],[-74.02021,40.68484],[-74.0194,40.6851],[-74.02095,40.68439],[-74.02028,40.68482],[-74.02061,40.68525],[-74.0226,40.68437],[-74.02213,40.68378],[-74.02306,40.68293],[-74.02237,40.68379],[-74.02276,40.68429],[-74.02465,40.68399],[-74.02634,40.68481],[-74.02643,40.68618],[-74.02021,40.69204],[-74.01973,40.69312],[-74.01675,40.69335]]],[[[-74.00154,40.69279],[-74.00175,40.69242],[-74.00401,40.69322],[-74.00345,40.69406],[-74.00127,40.6933],[-74.00154,40.69279]]],[[[-74.00078,40.69429],[-74.00096,40.69408],[-74.00302,40.69479],[-74.0024,40.69572],[-74.00027,40.69497],[-74.00078,40.69429]]],[[[-73.99838,40.69807],[-73.99887,40.69717],[-74.00105,40.69792],[-74.00049,40.69877],[-73.99838,40.69807]]],[[[-74.04037,40.70013],[-74.03886,40.69963],[-74.03836,40.69868],[-74.03993,40.69855],[-74.04026,40.69881],[-74.03982,40.69901],[-74.04074,40.70008],[-74.04037,40.70013]]],[[[-73.998,40.69881],[-74.00002,40.69947],[-73.99948,40.70033],[-73.9975,40.69965],[-73.998,40.69881]]],[[[-73.99629,40.70143],[-73.9967,40.70089],[-73.99814,40.70153],[-73.99619,40.70339],[-73.99514,40.70298],[-73.99629,40.70143]]],[[[-73.99502,40.70316],[-73.99545,40.70328],[-73.99529,40.70356],[-73.9948,40.7033],[-73.99502,40.70316]]],[[[-73.99477,40.70396],[-73.99503,40.70382],[-73.99488,40.70402],[-73.99477,40.70396]]],[[[-73.98237,40.70555],[-73.98242,40.70583],[-73.98103,40.70591],[-73.98237,40.70555]]],[[[-73.99761,40.72581],[-73.98552,40.72199],[-73.98616,40.72075],[-73.98281,40.71973],[-73.98405,40.71731],[-73.97513,40.71463],[-73.97643,40.71192],[-73.9779,40.71061],[-73.98129,40.71023],[-73.98125,40.70983],[-73.98839,40.70914],[-73.9888,40.70997],[-73.99808,40.70852],[-74.00119,40.70687],[-74.00098,40.70642],[-74.00141,40.70619],[-74.00059,40.70542],[-74.00146,40.70488],[-74.00257,40.70553],[-74.00197,40.70475],[-74.00243,40.70469],[-74.00332,40.70564],[-74.00383,40.70531],[-74.00263,40.70423],[-74.00287,40.70408],[-74.00406,40.70516],[-74.0066,40.70369],[-74.0055,40.70244],[-74.00679,40.70358],[-74.00929,40.70194],[-74.0087,40.70115],[-74.00776,40.70156],[-74.00759,40.70134],[-74.00854,40.70093],[-74.00835,40.70068],[-74.00862,40.70056],[-74.00959,40.70185],[-74.01118,40.70146],[-74.01082,40.70021],[-74.01115,40.70091],[-74.01134,40.70058],[-74.01173,40.70078],[-74.01163,40.70047],[-74.01209,40.70069],[-74.01196,40.70005],[-74.01239,40.70063],[-74.01262,40.70012],[-74.01311,40.70052],[-74.01311,40.69978],[-74.01327,40.70051],[-74.01368,40.70013],[-74.01356,40.70095],[-74.01395,40.701],[-74.01422,40.70012],[-74.01429,40.70065],[-74.01467,40.70022],[-74.01433,40.70067],[-74.01464,40.70083],[-74.0151,40.70034],[-74.01468,40.70084],[-74.01579,40.70136],[-74.01788,40.70355],[-74.01757,40.70419],[-74.01782,40.70395],[-74.01866,40.70444],[-74.01748,40.70468],[-74.01889,40.70474],[-74.01934,40.7061],[-74.01912,40.70698],[-74.01854,40.70693],[-74.01819,40.70783],[-74.01886,40.70806],[-74.01777,40.71284],[-74.0178,40.71235],[-74.01663,40.71217],[-74.01632,40.71342],[-74.01758,40.7136],[-74.01773,40.71308],[-74.01671,40.71863],[-74.01321,40.71832],[-74.01307,40.71893],[-74.01291,40.71974],[-74.01342,40.72003],[-74.01638,40.72038],[-74.01631,40.72074],[-74.013,40.72034],[-74.0129,40.72088],[-74.0157,40.72121],[-74.01562,40.72155],[-74.01316,40.72126],[-74.01362,40.72159],[-74.01254,40.72151],[-74.01165,40.72588],[-74.01516,40.72633],[-74.01514,40.72672],[-74.00403,40.72552],[-74.00282,40.72837],[-73.99761,40.72581]]]]}},{"type":"Feature","properties":{"id":33},"geometry":{"type":"Polygon","coordinates":[[[-73.93214,40.72817],[-73.93677,40.72485],[-73.93618,40.72428],[-73.9401,40.72269],[-73.94664,40.71862],[-73.95007,40.71831],[-73.94976,40.71649],[-73.95291,40.71407],[-73.95349,40.71408],[-73.95276,40.71474],[-73.96044,40.71953],[-73.96447,40.71574],[-73.96678,40.71064],[-73.96742,40.70745],[-73.96653,40.70508],[-73.96443,40.70313],[-73.95855,40.70689],[-73.95846,40.70726],[-73.95794,40.70689],[-73.95777,40.70719],[-73.95443,40.70668],[-73.95338,40.70686],[-73.95024,40.70548],[-73.94193,40.70073],[-73.95337,40.69941],[-73.95176,40.69134],[-73.96029,40.69035],[-73.96159,40.69622],[-73.96451,40.69597],[-73.96488,40.69772],[-73.98055,40.69825],[-73.98041,40.70071],[-73.9808,40.70127],[-73.98476,40.70145],[-73.98483,40.70059],[-73.98545,40.7006],[-73.98453,40.69983],[-73.98293,40.69978],[-73.98312,40.69755],[-73.98227,40.69751],[-73.98238,40.69611],[-73.98447,40.69613],[-73.98065,40.68847],[-73.97808,40.68492],[-73.97962,40.6825],[-73.98828,40.68588],[-73.98871,40.68523],[-73.99361,40.68714],[-73.99237,40.6897],[-74.00175,40.69242],[-73.99948,40.69671],[-73.99887,40.69693],[-73.99725,40.70015],[-73.99466,40.70344],[-73.995,40.70366],[-73.99478,40.70425],[-73.99386,40.70456],[-73.99213,40.7047],[-73.99186,40.70409],[-73.99095,40.70404],[-73.99023,40.70494],[-73.9883,40.70455],[-73.98829,40.70508],[-73.98796,40.70514],[-73.98653,40.70499],[-73.98644,40.70536],[-73.98344,40.70565],[-73.98093,40.70538],[-73.98091,40.70592],[-73.97905,40.70598],[-73.97924,40.70556],[-73.97882,40.70587],[-73.97869,40.70546],[-73.97839,40.70598],[-73.97885,40.70607],[-73.97835,40.70601],[-73.97853,40.70488],[-73.97802,40.7043],[-73.97721,40.70422],[-73.97751,40.70321],[-73.97714,40.70301],[-73.97624,40.70478],[-73.97596,40.70472],[-73.97693,40.70281],[-73.97616,40.70218],[-73.97533,40.70296],[-73.97601,40.70195],[-73.97455,40.7016],[-73.9757,40.69957],[-73.97412,40.70131],[-73.97239,40.70017],[-73.97376,40.70154],[-73.97319,40.70168],[-73.97114,40.69993],[-73.97078,40.69999],[-73.97333,40.70242],[-73.97284,40.70274],[-73.96983,40.70025],[-73.96949,40.70053],[-73.97284,40.70335],[-73.96925,40.70137],[-73.96899,40.70176],[-73.97231,40.70385],[-73.9711,40.70347],[-73.97102,40.70382],[-73.97466,40.70608],[-73.97439,40.70633],[-73.97339,40.70574],[-73.97255,40.70621],[-73.97463,40.70769],[-73.97424,40.70803],[-73.9711,40.70586],[-73.97106,40.70695],[-73.97276,40.70884],[-73.97232,40.70909],[-73.97026,40.7069],[-73.97049,40.70541],[-73.97018,40.70494],[-73.96752,40.70345],[-73.96748,40.70396],[-73.9693,40.7051],[-73.96929,40.7071],[-73.96985,40.70801],[-73.96994,40.70931],[-73.96961,40.71028],[-73.97007,40.71046],[-73.96938,40.71103],[-73.96991,40.71128],[-73.96924,40.71125],[-73.96844,40.71295],[-73.96885,40.71322],[-73.96725,40.71699],[-73.96512,40.71924],[-73.96526,40.72015],[-73.96503,40.72039],[-73.96448,40.72004],[-73.96276,40.72241],[-73.96166,40.72487],[-73.96212,40.72516],[-73.96117,40.72527],[-73.95804,40.72444],[-73.95795,40.72504],[-73.95843,40.72541],[-73.96013,40.72533],[-73.96029,40.72596],[-73.96162,40.72587],[-73.96102,40.72871],[-73.96233,40.73376],[-73.96191,40.73476],[-73.95983,40.73707],[-73.95742,40.73866],[-73.95476,40.73913],[-73.95323,40.739],[-73.94652,40.73694],[-73.9472,40.73536],[-73.94707,40.73441],[-73.9466,40.73445],[-73.94674,40.73529],[-73.94557,40.73662],[-73.945,40.73644],[-73.94519,40.73549],[-73.94452,40.73629],[-73.94321,40.7358],[-73.94155,40.73474],[-73.93981,40.73116],[-73.9381,40.72974],[-73.93493,40.72855],[-73.93214,40.72817]]]}},{"type":"Feature","properties":{"id":4},"geometry":{"type":"MultiPolygon","coordinates":[[[[-73.9643,40.76469],[-73.96704,40.76093],[-73.95949,40.75776],[-73.95849,40.75855],[-73.97094,40.74448],[-73.97112,40.74421],[-73.9707,40.744],[-73.97118,40.74411],[-73.97189,40.74273],[-73.97266,40.73923],[-73.97249,40.73581],[-73.97442,40.73642],[-73.97403,40.73613],[-73.97447,40.73629],[-73.97414,40.73596],[-73.97452,40.7359],[-73.97306,40.73519],[-73.97276,40.73551],[-73.97295,40.73507],[-73.97355,40.73495],[-73.97444,40.73533],[-73.97341,40.73129],[-73.97148,40.72926],[-73.97163,40.72664],[-73.98256,40.73136],[-73.97625,40.74003],[-73.97862,40.74103],[-73.97676,40.74348],[-73.98066,40.74512],[-73.98021,40.74574],[-73.98184,40.74642],[-73.98273,40.74519],[-73.98595,40.74654],[-73.9855,40.74716],[-73.98818,40.7483],[-73.98765,40.75143],[-73.98534,40.7587],[-73.98505,40.75858],[-73.98143,40.7636],[-73.9786,40.7624],[-73.97624,40.76568],[-73.97302,40.76429],[-73.95716,40.78599],[-73.95557,40.78531],[-73.95649,40.78405],[-73.95326,40.78269],[-73.95509,40.78018],[-73.95349,40.7795],[-73.9643,40.76469]]],[[[-73.96237,40.72422],[-73.96207,40.72389],[-73.96247,40.72414],[-73.96237,40.72422]]],[[[-73.96129,40.73017],[-73.96255,40.72975],[-73.96225,40.72999],[-73.96129,40.73017]]],[[[-73.96197,40.73159],[-73.96366,40.73126],[-73.9637,40.73144],[-73.96197,40.73159]]],[[[-73.96052,40.74411],[-73.96067,40.74406],[-73.96065,40.74414],[-73.96052,40.74411]]]]}},{"type":"Feature","properties":{"id":5},"geometry":{"type":"MultiPolygon","coordinates":[[[[-73.96421,40.74661],[-73.96458,40.74646],[-73.96416,40.74687],[-73.96421,40.74661]]],[[[-73.95764,40.74841],[-73.95784,40.74835],[-73.95769,40.74854],[-73.95764,40.74841]]],[[[-73.93557,40.77193],[-73.93557,40.77164],[-73.93585,40.77172],[-73.93557,40.77193]]],[[[-73.9418,40.76906],[-73.94286,40.76831],[-73.95322,40.75644],[-73.95792,40.75212],[-73.96091,40.74981],[-73.96154,40.74973],[-73.95902,40.7536],[-73.95209,40.76087],[-73.94473,40.76979],[-73.94213,40.77204],[-73.94018,40.77297],[-73.94028,40.77068],[-73.9418,40.76906]]],[[[-73.93805,40.78084],[-73.93765,40.78101],[-73.9376,40.78048],[-73.93861,40.78035],[-73.93959,40.77958],[-73.93873,40.78052],[-73.93875,40.78105],[-73.93808,40.78143],[-73.93805,40.78084]]],[[[-73.95266,40.7866],[-73.94933,40.7852],[-73.94983,40.78452],[-73.94521,40.78258],[-73.94659,40.7807],[-73.94436,40.77977],[-73.94444,40.78225],[-73.94406,40.78297],[-73.94376,40.78284],[-73.94387,40.78128],[-73.94344,40.77977],[-73.94242,40.78004],[-73.94211,40.77946],[-73.943,40.77886],[-73.94212,40.77726],[-73.94244,40.77731],[-73.942,40.77619],[-73.94367,40.77385],[-73.94867,40.76887],[-73.95442,40.76219],[-73.95949,40.75776],[-73.96704,40.76093],[-73.95349,40.7795],[-73.95509,40.78018],[-73.95326,40.78269],[-73.95649,40.78405],[-73.95557,40.78531],[-73.95716,40.78599],[-73.95626,40.78723],[-73.95466,40.78656],[-73.95417,40.78724],[-73.95266,40.7866]]]]}},{"type":"Feature","properties":{"id":14},"geometry":{"type":"Polygon","coordinates":[[[-73.88779,40.87075],[-73.88869,40.8715],[-73.89175,40.86952],[-73.89715,40.86245],[-73.9013,40.85531],[-73.90609,40.84936],[-73.90576,40.8492],[-73.90632,40.84759],[-73.90374,40.84734],[-73.90392,40.84501],[-73.92593,40.84496],[-73.92443,40.84774],[-73.92213,40.85049],[-73.92126,40.85003],[-73.9191,40.85268],[-73.91799,40.85288],[-73.91779,40.85372],[-73.91679,40.85488],[-73.91721,40.85685],[-73.91657,40.85812],[-73.91682,40.85819],[-73.91585,40.85939],[-73.91266,40.86186],[-73.91423,40.8625],[-73.91342,40.86338],[-73.91276,40.86304],[-73.91227,40.86364],[-73.9128,40.86391],[-73.91253,40.8638],[-73.91268,40.86403],[-73.91042,40.86657],[-73.90865,40.87139],[-73.90893,40.87217],[-73.90774,40.87285],[-73.90665,40.87576],[-73.90683,40.87664],[-73.90836,40.87793],[-73.90802,40.8783],[-73.90667,40.87678],[-73.90615,40.87711],[-73.90443,40.87646],[-73.90358,40.87857],[-73.90144,40.88093],[-73.9005,40.88041],[-73.89904,40.88155],[-73.89957,40.87878],[-73.89814,40.87844],[-73.89981,40.87641],[-73.90043,40.87499],[-73.90012,40.87432],[-73.89852,40.87386],[-73.89793,40.87255],[-73.89779,40.87086],[-73.89892,40.86967],[-73.89656,40.86857],[-73.89521,40.87032],[-73.89445,40.87073],[-73.89242,40.87171],[-73.89025,40.87193],[-73.88856,40.87521],[-73.88478,40.87428],[-73.88562,40.87228],[-73.88779,40.87075]]]}},{"type":"Feature","properties":{"id":32},"geometry":{"type":"MultiPolygon","coordinates":[[[[-73.82645,40.59054],[-73.8269,40.58994],[-73.8276,40.58998],[-73.82769,40.59058],[-73.82706,40.59099],[-73.8273,40.59147],[-73.82548,40.59198],[-73.82633,40.59147],[-73.82645,40.59054]]],[[[-73.80973,40.59241],[-73.80981,40.59272],[-73.80974,40.5927],[-73.80973,40.59241]]],[[[-73.80973,40.59241],[-73.81027,40.59048],[-73.81065,40.59046],[-73.81039,40.58995],[-73.81144,40.58898],[-73.81125,40.58758],[-73.80431,40.58834],[-73.80101,40.58912],[-73.80042,40.58556],[-73.80799,40.58401],[-73.81353,40.58348],[-73.83146,40.57843],[-73.8572,40.56911],[-73.86287,40.56684],[-73.86269,40.56651],[-73.86349,40.56704],[-73.86554,40.56658],[-73.86661,40.5661],[-73.86631,40.56555],[-73.86689,40.56609],[-73.86849,40.56554],[-73.86825,40.56508],[-73.86862,40.56555],[-73.87062,40.56482],[-73.87028,40.56418],[-73.87091,40.56477],[-73.87264,40.56409],[-73.87238,40.56358],[-73.87275,40.56411],[-73.87321,40.56407],[-73.88029,40.56138],[-73.88325,40.56086],[-73.88698,40.55941],[-73.88789,40.55952],[-73.89214,40.55788],[-73.89347,40.55795],[-73.89492,40.55709],[-73.89551,40.55742],[-73.89708,40.55667],[-73.898,40.55711],[-73.90059,40.55643],[-73.90234,40.55678],[-73.90519,40.55616],[-73.94047,40.54287],[-73.94074,40.54184],[-73.94013,40.54801],[-73.94027,40.55242],[-73.93926,40.55499],[-73.93647,40.55694],[-73.93314,40.55737],[-73.93178,40.55791],[-73.92616,40.56156],[-73.91766,40.56283],[-73.91455,40.56436],[-73.91188,40.565],[-73.91197,40.56588],[-73.91186,40.565],[-73.91004,40.5648],[-73.90972,40.5653],[-73.91002,40.56479],[-73.90976,40.56429],[-73.90873,40.56394],[-73.90792,40.56416],[-73.90799,40.56345],[-73.90665,40.56279],[-73.9047,40.56284],[-73.90287,40.56352],[-73.90245,40.56291],[-73.90161,40.56276],[-73.90001,40.56322],[-73.89613,40.56537],[-73.89534,40.56634],[-73.89567,40.56704],[-73.89519,40.56692],[-73.89261,40.5686],[-73.88911,40.56792],[-73.88431,40.5687],[-73.88489,40.56848],[-73.8843,40.56845],[-73.88474,40.56828],[-73.88446,40.5679],[-73.88379,40.56813],[-73.88402,40.56851],[-73.88358,40.56822],[-73.88391,40.56891],[-73.88337,40.56834],[-73.88192,40.56874],[-73.87781,40.56881],[-73.86554,40.57465],[-73.85306,40.58126],[-73.85045,40.58214],[-73.84521,40.58159],[-73.83936,40.58187],[-73.83855,40.5828],[-73.83584,40.58289],[-73.82853,40.58486],[-73.82804,40.58606],[-73.82481,40.58716],[-73.82294,40.5875],[-73.82146,40.58678],[-73.81742,40.58893],[-73.81764,40.58929],[-73.81674,40.58933],[-73.8147,40.59062],[-73.81363,40.5908],[-73.81326,40.59105],[-73.81359,40.59171],[-73.81324,40.59108],[-73.8117,40.5916],[-73.8115,40.59291],[-73.81134,40.59175],[-73.81082,40.5921],[-73.81095,40.59251],[-73.81139,40.59245],[-73.81107,40.59303],[-73.81137,40.59271],[-73.81075,40.5928],[-73.81136,40.59247],[-73.81094,40.59256],[-73.81081,40.5921],[-73.8099,40.59228],[-73.81004,40.59309],[-73.80973,40.59241]]],[[[-73.83193,40.59346],[-73.83117,40.5915],[-73.83358,40.58904],[-73.83459,40.58913],[-73.83688,40.58953],[-73.8388,40.59121],[-73.83842,40.5904],[-73.8418,40.59202],[-73.84279,40.59334],[-73.84337,40.59348],[-73.8435,40.59509],[-73.84057,40.59731],[-73.83746,40.59687],[-73.83476,40.59395],[-73.83193,40.59346]]],[[[-73.82953,40.60725],[-73.82961,40.60726],[-73.82957,40.60735],[-73.82953,40.60725]]],[[[-73.8273,40.60949],[-73.82581,40.60893],[-73.82605,40.6083],[-73.82577,40.60786],[-73.82679,40.60792],[-73.82567,40.60779],[-73.82461,40.60474],[-73.82909,40.60583],[-73.8294,40.60659],[-73.82904,40.60736],[-73.82708,40.60834],[-73.8276,40.60931],[-73.8273,40.60949]]],[[[-73.83213,40.60952],[-73.83122,40.60884],[-73.83131,40.60842],[-73.83006,40.60793],[-73.82988,40.60633],[-73.83178,40.6051],[-73.83552,40.60547],[-73.83574,40.60579],[-73.83446,40.6072],[-73.83423,40.60806],[-73.83213,40.60952]]],[[[-73.83191,40.62418],[-73.83242,40.62293],[-73.8331,40.62242],[-73.83311,40.62169],[-73.83368,40.62139],[-73.83362,40.62261],[-73.83309,40.62277],[-73.83323,40.62336],[-73.83268,40.62392],[-73.83341,40.62356],[-73.83356,40.62394],[-73.83216,40.6247],[-73.83191,40.62418]]],[[[-73.83598,40.63222],[-73.83507,40.63173],[-73.83594,40.63136],[-73.83598,40.63222]]],[[[-73.82867,40.63122],[-73.82493,40.61911],[-73.82164,40.61488],[-73.82017,40.61519],[-73.8175,40.61422],[-73.81534,40.60695],[-73.81574,40.60647],[-73.81553,40.60617],[-73.81596,40.60627],[-73.81643,40.60523],[-73.81739,40.60517],[-73.81726,40.60395],[-73.81831,40.60135],[-73.81849,40.5994],[-73.8212,40.59472],[-73.82414,40.59464],[-73.82548,40.59509],[-73.83322,40.59423],[-73.83425,40.59467],[-73.83485,40.59555],[-73.8342,40.59667],[-73.8324,40.59781],[-73.83154,40.59796],[-73.83063,40.59744],[-73.82948,40.59814],[-73.82806,40.59769],[-73.82598,40.59948],[-73.82557,40.59856],[-73.82466,40.59816],[-73.82396,40.59889],[-73.82452,40.59896],[-73.82477,40.5984],[-73.82453,40.59914],[-73.82408,40.59892],[-73.82377,40.60005],[-73.82147,40.6],[-73.82444,40.60035],[-73.82445,40.60081],[-73.82354,40.60157],[-73.82362,40.60229],[-73.82295,40.60259],[-73.8229,40.6047],[-73.82247,40.60553],[-73.82291,40.60586],[-73.82127,40.60701],[-73.82003,40.60893],[-73.81962,40.61049],[-73.82044,40.61208],[-73.82088,40.61227],[-73.82129,40.61111],[-73.82049,40.61023],[-73.82162,40.60849],[-73.82186,40.60988],[-73.82289,40.61035],[-73.82401,40.61164],[-73.8241,40.61233],[-73.82468,40.61243],[-73.82469,40.61308],[-73.82556,40.61414],[-73.82726,40.61339],[-73.82788,40.61371],[-73.82724,40.61407],[-73.8275,40.61421],[-73.83092,40.61501],[-73.83402,40.61439],[-73.8337,40.62099],[-73.83159,40.62204],[-73.83268,40.62187],[-73.83259,40.62269],[-73.83141,40.62241],[-73.83102,40.62278],[-73.83039,40.6224],[-73.83021,40.62341],[-73.82919,40.62421],[-73.83011,40.62384],[-73.83042,40.62264],[-73.83088,40.62287],[-73.83046,40.62408],[-73.8311,40.62294],[-73.83214,40.62319],[-73.83097,40.62458],[-73.83135,40.62501],[-73.83077,40.62531],[-73.83063,40.62619],[-73.83083,40.62682],[-73.8323,40.62709],[-73.83229,40.62814],[-73.83178,40.62818],[-73.83162,40.62876],[-73.83188,40.62889],[-73.83189,40.62819],[-73.83263,40.62827],[-73.83301,40.62793],[-73.83304,40.62827],[-73.8329,40.62891],[-73.83196,40.62966],[-73.83115,40.63285],[-73.83341,40.63851],[-73.8329,40.63887],[-73.83047,40.63567],[-73.82867,40.63122]]],[[[-73.85722,40.65029],[-73.86099,40.65522],[-73.85979,40.65448],[-73.85898,40.65268],[-73.85732,40.65125],[-73.85696,40.6506],[-73.85722,40.65029]]],[[[-73.83033,40.65514],[-73.83027,40.65544],[-73.82989,40.65553],[-73.83033,40.65514]]],[[[-73.85729,40.71148],[-73.85668,40.7077],[-73.85276,40.70741],[-73.84933,40.7084],[-73.84567,40.70842],[-73.84315,40.70923],[-73.83715,40.70797],[-73.83814,40.70627],[-73.83696,40.70422],[-73.84157,40.70111],[-73.84503,40.69937],[-73.84948,40.6982],[-73.84496,40.68917],[-73.84415,40.6894],[-73.82932,40.65891],[-73.82639,40.64833],[-73.8296,40.64984],[-73.83132,40.65273],[-73.83158,40.65382],[-73.82902,40.65612],[-73.83044,40.65553],[-73.8306,40.65482],[-73.83171,40.65394],[-73.83222,40.65447],[-73.83149,40.65499],[-73.83116,40.65593],[-73.83003,40.65658],[-73.82938,40.65651],[-73.82897,40.65721],[-73.82918,40.65781],[-73.83013,40.65841],[-73.8296,40.65867],[-73.83015,40.65982],[-73.8297,40.65866],[-73.83025,40.65836],[-73.8291,40.65734],[-73.8295,40.65666],[-73.83009,40.65674],[-73.83127,40.65601],[-73.83185,40.65489],[-73.83218,40.6549],[-73.8329,40.65749],[-73.83195,40.65618],[-73.8326,40.65783],[-73.83113,40.65833],[-73.83339,40.65806],[-73.8308,40.64898],[-73.83149,40.6479],[-73.83454,40.64803],[-73.83561,40.64848],[-73.83893,40.66128],[-73.83808,40.6616],[-73.83844,40.66235],[-73.83998,40.66191],[-73.83592,40.64551],[-73.83633,40.64533],[-73.83861,40.64536],[-73.8458,40.64411],[-73.84951,40.64414],[-73.85208,40.64618],[-73.85243,40.64717],[-73.85173,40.64892],[-73.85091,40.64918],[-73.85059,40.65035],[-73.84926,40.65104],[-73.8494,40.65144],[-73.85079,40.65154],[-73.85251,40.65056],[-73.85588,40.6513],[-73.85671,40.65281],[-73.85828,40.653],[-73.85933,40.65495],[-73.86137,40.65642],[-73.85984,40.65699],[-73.85964,40.65847],[-73.86023,40.65891],[-73.86098,40.65839],[-73.86061,40.65933],[-73.86125,40.65873],[-73.86096,40.65807],[-73.85977,40.65829],[-73.86058,40.65784],[-73.86034,40.65726],[-73.86087,40.65692],[-73.86162,40.657],[-73.86172,40.65804],[-73.8627,40.65763],[-73.86317,40.65828],[-73.86119,40.65926],[-73.85762,40.66013],[-73.85843,40.66346],[-73.85569,40.66388],[-73.85763,40.67166],[-73.86039,40.67126],[-73.86235,40.67917],[-73.86328,40.67909],[-73.8641,40.68238],[-73.86602,40.68193],[-73.86869,40.69404],[-73.86841,40.69474],[-73.86892,40.69515],[-73.87402,40.6942],[-73.87951,40.69116],[-73.88378,40.68787],[-73.88452,40.68669],[-73.88808,40.6853],[-73.88963,40.68424],[-73.89016,40.68501],[-73.89258,40.6835],[-73.89418,40.68529],[-73.89647,40.68234],[-73.90116,40.68789],[-73.90043,40.68819],[-73.90189,40.69109],[-73.90059,40.69241],[-73.9002,40.69341],[-73.89736,40.69412],[-73.89691,40.69385],[-73.89769,40.69337],[-73.89696,40.69196],[-73.89474,40.69265],[-73.89326,40.69221],[-73.89358,40.69309],[-73.89559,40.69399],[-73.89508,40.6946],[-73.89245,40.69523],[-73.89191,40.69432],[-73.88818,40.69507],[-73.88866,40.69584],[-73.88649,40.69645],[-73.88765,40.69733],[-73.88818,40.69887],[-73.88771,40.69969],[-73.88492,40.70011],[-73.88514,40.70159],[-73.88466,40.70163],[-73.88653,40.70623],[-73.86911,40.7071],[-73.87018,40.70924],[-73.86501,40.71079],[-73.85966,40.71339],[-73.85976,40.71185],[-73.85729,40.71148]]]]}},{"type":"Feature","properties":{"id":37},"geometry":{"type":"Polygon","coordinates":[[[-73.9014,40.6916],[-73.90189,40.69109],[-73.90043,40.68819],[-73.90116,40.68789],[-73.89647,40.68234],[-73.89418,40.68529],[-73.89258,40.6835],[-73.89016,40.68501],[-73.88963,40.68424],[-73.88808,40.6853],[-73.88452,40.68669],[-73.88378,40.68787],[-73.87951,40.69116],[-73.87402,40.6942],[-73.86892,40.69515],[-73.86841,40.69474],[-73.86869,40.69404],[-73.86602,40.68193],[-73.8641,40.68238],[-73.86328,40.67909],[-73.86235,40.67917],[-73.86107,40.67403],[-73.86978,40.67704],[-73.89619,40.67316],[-73.89554,40.67063],[-73.90019,40.66995],[-73.89986,40.66869],[-73.90357,40.66814],[-73.9042,40.67067],[-73.90797,40.67011],[-73.90831,40.67137],[-73.90734,40.67151],[-73.90788,40.67358],[-73.90924,40.67296],[-73.91123,40.67309],[-73.91075,40.67829],[-73.91181,40.68319],[-73.91151,40.68351],[-73.92632,40.69194],[-73.92425,40.69444],[-73.92575,40.69529],[-73.92378,40.69731],[-73.92602,40.69859],[-73.91774,40.70695],[-73.91181,40.70344],[-73.91291,40.70237],[-73.91068,40.70105],[-73.91181,40.69996],[-73.90426,40.69571],[-73.9058,40.69414],[-73.9014,40.6916]]]}},{"type":"Feature","properties":{"id":16},"geometry":{"type":"Polygon","coordinates":[[[-73.91108,40.8451],[-73.91199,40.84307],[-73.91175,40.84287],[-73.90515,40.84256],[-73.90518,40.84094],[-73.90571,40.83973],[-73.89997,40.83766],[-73.90186,40.83463],[-73.90018,40.8342],[-73.90188,40.83172],[-73.90344,40.83222],[-73.90553,40.82911],[-73.90657,40.82946],[-73.90871,40.82407],[-73.91395,40.82573],[-73.91552,40.82472],[-73.91609,40.82485],[-73.92265,40.8205],[-73.92451,40.8199],[-73.92592,40.82021],[-73.92723,40.82172],[-73.92692,40.82247],[-73.92976,40.82659],[-73.93069,40.82707],[-73.93096,40.82835],[-73.93307,40.82816],[-73.93355,40.83152],[-73.933,40.83569],[-73.93052,40.83994],[-73.92862,40.84469],[-73.92466,40.84979],[-73.92256,40.8532],[-73.92134,40.85433],[-73.92152,40.85452],[-73.9208,40.85539],[-73.9203,40.85525],[-73.92053,40.85569],[-73.91957,40.85685],[-73.91721,40.85894],[-73.91423,40.8625],[-73.91266,40.86186],[-73.91585,40.85939],[-73.91682,40.85819],[-73.91657,40.85812],[-73.91721,40.85685],[-73.91679,40.85488],[-73.91779,40.85372],[-73.91799,40.85288],[-73.9191,40.85268],[-73.92126,40.85003],[-73.92213,40.85049],[-73.92443,40.84774],[-73.92593,40.84496],[-73.91108,40.8451]]]}},{"type":"Feature","properties":{"id":44},"geometry":{"type":"Polygon","coordinates":[[[-73.97762,40.63316],[-73.97624,40.62598],[-73.95685,40.62813],[-73.95504,40.61857],[-73.94837,40.6193],[-73.94792,40.61691],[-73.96336,40.61521],[-73.96173,40.60537],[-73.96434,40.60508],[-73.96391,40.60276],[-73.96637,40.60248],[-73.96464,40.59333],[-73.96515,40.59111],[-73.97419,40.59011],[-73.97389,40.59231],[-73.97569,40.59211],[-73.97551,40.59344],[-73.9759,40.59339],[-73.97955,40.61272],[-73.97921,40.61251],[-73.97741,40.61423],[-73.97964,40.61557],[-73.97906,40.61613],[-74.00356,40.63093],[-74.00118,40.63322],[-74.00339,40.63455],[-73.99981,40.63694],[-74.00047,40.63734],[-73.99872,40.63902],[-73.99766,40.63838],[-73.99265,40.64174],[-73.97865,40.63305],[-73.97762,40.63316]]]}},{"type":"Feature","properties":{"id":39},"geometry":{"type":"Polygon","coordinates":[[[-73.97808,40.68492],[-73.97189,40.6764],[-73.9695,40.67591],[-73.96969,40.67537],[-73.96872,40.67393],[-73.9692,40.6728],[-73.96898,40.6724],[-73.96239,40.6631],[-73.96308,40.66214],[-73.96188,40.65489],[-73.97489,40.64972],[-73.97382,40.64334],[-73.96872,40.6439],[-73.96753,40.63762],[-73.96822,40.63731],[-73.96804,40.63666],[-73.97802,40.63556],[-73.97762,40.63316],[-73.97865,40.63305],[-73.99265,40.64174],[-73.98835,40.64457],[-73.98036,40.6477],[-73.9818,40.65525],[-73.98843,40.65926],[-73.99019,40.65761],[-73.99238,40.65891],[-73.99297,40.65835],[-73.99517,40.65968],[-73.99055,40.66417],[-73.98631,40.66918],[-73.99666,40.67415],[-73.99855,40.67193],[-74.0086,40.68592],[-74.00702,40.68653],[-74.00588,40.6862],[-74.00298,40.69043],[-74.00096,40.69014],[-74.0007,40.69062],[-74.00197,40.69185],[-74.00162,40.69256],[-73.99237,40.6897],[-73.99361,40.68714],[-73.98871,40.68523],[-73.98828,40.68588],[-73.97962,40.6825],[-73.97808,40.68492]]]}},{"type":"Feature","properties":{"id":40},"geometry":{"type":"Polygon","coordinates":[[[-73.93716,40.66376],[-73.9374,40.66293],[-73.93687,40.65795],[-73.93108,40.6583],[-73.9309,40.65662],[-73.93669,40.65625],[-73.93599,40.64976],[-73.94937,40.64893],[-73.94876,40.64325],[-73.95764,40.6427],[-73.95477,40.63963],[-73.9716,40.63163],[-73.97066,40.62661],[-73.97624,40.62598],[-73.97802,40.63556],[-73.96804,40.63666],[-73.96822,40.63731],[-73.96753,40.63762],[-73.96872,40.6439],[-73.97382,40.64334],[-73.97498,40.64954],[-73.97393,40.65032],[-73.97199,40.65069],[-73.97171,40.65112],[-73.96188,40.65489],[-73.96308,40.66214],[-73.96285,40.66267],[-73.96225,40.66321],[-73.94546,40.66423],[-73.93716,40.66376]]]}},{"type":"Feature","properties":{"id":22},"geometry":{"type":"MultiPolygon","coordinates":[[[[-73.88516,40.77955],[-73.88543,40.77965],[-73.88541,40.77967],[-73.88516,40.77955]]],[[[-73.88516,40.77981],[-73.88501,40.77957],[-73.8851,40.77962],[-73.88516,40.77981]]],[[[-73.87971,40.78285],[-73.87906,40.78265],[-73.87883,40.78244],[-73.87971,40.78285]]],[[[-73.90647,40.79019],[-73.90033,40.78902],[-73.89593,40.78566],[-73.89583,40.78523],[-73.89876,40.78276],[-73.90115,40.78272],[-73.90218,40.78179],[-73.90258,40.7803],[-73.90218,40.78037],[-73.90204,40.78121],[-73.90129,40.78187],[-73.90035,40.78217],[-73.89866,40.782],[-73.89438,40.78425],[-73.89607,40.78317],[-73.89478,40.78226],[-73.89536,40.78167],[-73.8946,40.78226],[-73.89535,40.78159],[-73.89417,40.78248],[-73.89306,40.78186],[-73.89231,40.78247],[-73.89275,40.78297],[-73.89166,40.7822],[-73.89224,40.78242],[-73.89301,40.78181],[-73.89167,40.78086],[-73.89254,40.77956],[-73.89167,40.7795],[-73.8912,40.77857],[-73.89252,40.77741],[-73.89142,40.77635],[-73.89183,40.77489],[-73.89112,40.77713],[-73.89009,40.77779],[-73.88947,40.77554],[-73.89019,40.77366],[-73.88946,40.77354],[-73.88837,40.76678],[-73.88773,40.76692],[-73.88754,40.76633],[-73.88369,40.76716],[-73.88378,40.76768],[-73.87853,40.77006],[-73.87699,40.76163],[-73.87896,40.76199],[-73.88826,40.76103],[-73.88859,40.76287],[-73.89705,40.76197],[-73.89906,40.75905],[-73.89921,40.75786],[-73.90737,40.757],[-73.90827,40.7572],[-73.90632,40.75985],[-73.907,40.76015],[-73.90907,40.75757],[-73.91069,40.75833],[-73.91447,40.75368],[-73.91892,40.75364],[-73.92371,40.75589],[-73.92246,40.75743],[-73.92566,40.75893],[-73.92816,40.75584],[-73.93425,40.7587],[-73.93158,40.76171],[-73.93701,40.76425],[-73.93915,40.76081],[-73.94472,40.76289],[-73.94035,40.76766],[-73.93937,40.76817],[-73.93896,40.76797],[-73.9382,40.76871],[-73.93682,40.76891],[-73.93641,40.76948],[-73.93574,40.76938],[-73.9349,40.77005],[-73.93501,40.77117],[-73.93444,40.77147],[-73.93747,40.77254],[-73.93786,40.7741],[-73.93766,40.77509],[-73.93638,40.77693],[-73.93508,40.77795],[-73.93179,40.77788],[-73.92988,40.77623],[-73.92861,40.7766],[-73.92632,40.77825],[-73.92487,40.77863],[-73.91909,40.78338],[-73.91717,40.7842],[-73.91683,40.7852],[-73.91526,40.7862],[-73.91559,40.78644],[-73.9126,40.78938],[-73.91267,40.78901],[-73.91184,40.78969],[-73.91094,40.78976],[-73.90986,40.79095],[-73.90647,40.79019]]],[[[-73.88885,40.79871],[-73.88821,40.79867],[-73.88823,40.79825],[-73.88665,40.79805],[-73.88376,40.79572],[-73.88366,40.79598],[-73.8821,40.79517],[-73.87838,40.79453],[-73.87449,40.79207],[-73.87289,40.79146],[-73.87121,40.79004],[-73.87081,40.7879],[-73.87281,40.78591],[-73.87653,40.78584],[-73.87831,40.78536],[-73.88905,40.78738],[-73.8903,40.78989],[-73.89218,40.7904],[-73.89282,40.79283],[-73.89179,40.79678],[-73.89062,40.79776],[-73.8908,40.79803],[-73.88921,40.79781],[-73.88835,40.79815],[-73.88885,40.79871]]]]}},{"type":"Feature","properties":{"id":21},"geometry":{"type":"Polygon","coordinates":[[[-73.86924,40.78598],[-73.86987,40.78509],[-73.86944,40.78365],[-73.8685,40.78368],[-73.86942,40.7836],[-73.87048,40.78231],[-73.87146,40.78213],[-73.87232,40.78111],[-73.87022,40.78126],[-73.87256,40.78083],[-73.85505,40.7722],[-73.85646,40.77028],[-73.85788,40.77067],[-73.85804,40.77021],[-73.85735,40.77019],[-73.85625,40.76889],[-73.85705,40.76915],[-73.85938,40.76708],[-73.86086,40.76694],[-73.8611,40.76728],[-73.86132,40.76695],[-73.86276,40.76677],[-73.85949,40.76257],[-73.85892,40.76213],[-73.85865,40.76252],[-73.85885,40.76207],[-73.85766,40.76309],[-73.85834,40.76357],[-73.85764,40.76311],[-73.85696,40.76408],[-73.85668,40.76394],[-73.85758,40.76308],[-73.85659,40.76273],[-73.85678,40.76252],[-73.85761,40.76306],[-73.85818,40.7624],[-73.85661,40.76166],[-73.8582,40.76238],[-73.85859,40.76193],[-73.85467,40.76018],[-73.85298,40.76023],[-73.85159,40.75936],[-73.85069,40.75946],[-73.8493,40.76025],[-73.84988,40.76111],[-73.85207,40.7604],[-73.84981,40.76128],[-73.84869,40.76015],[-73.8436,40.76338],[-73.84369,40.76362],[-73.84307,40.7636],[-73.84273,40.76464],[-73.83936,40.76542],[-73.84002,40.76368],[-73.83881,40.76077],[-73.83898,40.75833],[-73.83843,40.7555],[-73.83512,40.75011],[-73.83479,40.74892],[-73.83518,40.74724],[-73.83725,40.74469],[-73.83777,40.74336],[-73.85,40.73804],[-73.86457,40.7342],[-73.86583,40.73665],[-73.86405,40.73717],[-73.86636,40.74281],[-73.86747,40.7421],[-73.86809,40.74561],[-73.87136,40.74428],[-73.87984,40.74807],[-73.883,40.74774],[-73.88338,40.74985],[-73.87316,40.75092],[-73.87388,40.75491],[-73.87269,40.75504],[-73.87366,40.75681],[-73.87607,40.75654],[-73.87853,40.77006],[-73.88378,40.76768],[-73.88369,40.76716],[-73.88754,40.76633],[-73.88773,40.76692],[-73.88837,40.76678],[-73.88946,40.77354],[-73.88581,40.77403],[-73.88567,40.77444],[-73.88579,40.77403],[-73.88392,40.77414],[-73.88455,40.77437],[-73.88484,40.77496],[-73.88429,40.77548],[-73.88525,40.77862],[-73.88488,40.78],[-73.87961,40.78086],[-73.87871,40.78059],[-73.87931,40.78186],[-73.87834,40.78303],[-73.87516,40.78152],[-73.87125,40.78605],[-73.86978,40.78535],[-73.86924,40.78598]]]}},{"type":"Feature","properties":{"id":24},"geometry":{"type":"Polygon","coordinates":[[[-73.78925,40.73988],[-73.78565,40.73228],[-73.78303,40.73314],[-73.77956,40.72582],[-73.77682,40.72186],[-73.77357,40.71513],[-73.78658,40.71198],[-73.78942,40.71201],[-73.79473,40.71002],[-73.79395,40.70863],[-73.80166,40.70577],[-73.80279,40.70772],[-73.81059,40.7055],[-73.80888,40.70182],[-73.80868,40.70027],[-73.81418,40.69859],[-73.81407,40.69834],[-73.82002,40.70939],[-73.82395,40.71324],[-73.82574,40.71612],[-73.8269,40.71607],[-73.83043,40.71697],[-73.8321,40.71801],[-73.83564,40.72194],[-73.83789,40.72571],[-73.83836,40.72557],[-73.84033,40.72882],[-73.84286,40.73115],[-73.84577,40.73027],[-73.84736,40.73362],[-73.84961,40.73295],[-73.84995,40.73362],[-73.8606,40.73045],[-73.86126,40.72995],[-73.86575,40.73155],[-73.8685,40.73303],[-73.85135,40.7376],[-73.83963,40.7428],[-73.83705,40.74347],[-73.83593,40.74351],[-73.83116,40.74235],[-73.83134,40.73918],[-73.83091,40.73914],[-73.83114,40.73857],[-73.83054,40.73753],[-73.82947,40.73703],[-73.82809,40.73709],[-73.82797,40.73851],[-73.82634,40.73884],[-73.82556,40.73946],[-73.82498,40.73945],[-73.82486,40.73984],[-73.81693,40.7384],[-73.81608,40.73887],[-73.81324,40.73845],[-73.79595,40.73782],[-73.78925,40.73988]]]}},{"type":"Feature","properties":{"id":19},"geometry":{"type":"MultiPolygon","coordinates":[[[[-73.74462,40.77896],[-73.74429,40.77876],[-73.74481,40.77857],[-73.74506,40.77915],[-73.74462,40.77896]]],[[[-73.74673,40.78031],[-73.74559,40.77959],[-73.74682,40.77938],[-73.74725,40.78008],[-73.74673,40.78031]]],[[[-73.86789,40.78737],[-73.86924,40.78598],[-73.8681,40.78747],[-73.86789,40.78737]]],[[[-73.8205,40.80102],[-73.82041,40.80065],[-73.81922,40.8006],[-73.81721,40.79922],[-73.81657,40.79942],[-73.81682,40.79911],[-73.81646,40.79935],[-73.81668,40.79907],[-73.81612,40.79862],[-73.81578,40.79903],[-73.81608,40.79858],[-73.81368,40.79755],[-73.8137,40.79709],[-73.81335,40.79768],[-73.8135,40.79695],[-73.81288,40.79719],[-73.81224,40.79813],[-73.81179,40.79803],[-73.81161,40.79738],[-73.80636,40.7964],[-73.80623,40.79683],[-73.80633,40.7964],[-73.8054,40.79618],[-73.80532,40.79651],[-73.80534,40.79617],[-73.80435,40.79622],[-73.80427,40.79665],[-73.80417,40.79624],[-73.80412,40.79669],[-73.80414,40.79624],[-73.80396,40.79666],[-73.80388,40.79632],[-73.80343,40.79692],[-73.80347,40.79648],[-73.80321,40.79708],[-73.80326,40.79671],[-73.80258,40.7963],[-73.80013,40.79646],[-73.7979,40.79557],[-73.79758,40.79598],[-73.79787,40.79556],[-73.79674,40.79522],[-73.79649,40.79565],[-73.7965,40.79513],[-73.7946,40.79495],[-73.79432,40.79359],[-73.79495,40.79176],[-73.79375,40.78907],[-73.79338,40.78959],[-73.79362,40.789],[-73.79281,40.78879],[-73.79028,40.79033],[-73.78568,40.79035],[-73.78318,40.79087],[-73.78252,40.79136],[-73.78434,40.79176],[-73.78175,40.79114],[-73.78108,40.79169],[-73.78078,40.793],[-73.78166,40.79349],[-73.78073,40.79334],[-73.78079,40.79404],[-73.78191,40.79491],[-73.78322,40.79497],[-73.782,40.79498],[-73.78154,40.79567],[-73.77936,40.79669],[-73.77752,40.79665],[-73.77618,40.7961],[-73.77402,40.79405],[-73.77363,40.79276],[-73.77236,40.79155],[-73.77213,40.79019],[-73.77063,40.78847],[-73.77174,40.78747],[-73.77427,40.78676],[-73.77423,40.78707],[-73.77634,40.7885],[-73.77427,40.78666],[-73.77408,40.78593],[-73.7682,40.77945],[-73.76703,40.78009],[-73.76678,40.77982],[-73.76816,40.77941],[-73.76709,40.77685],[-73.76511,40.77381],[-73.75894,40.76834],[-73.75864,40.76737],[-73.75787,40.76695],[-73.75739,40.76717],[-73.75651,40.76635],[-73.75494,40.7661],[-73.75219,40.76384],[-73.75108,40.76177],[-73.74861,40.76094],[-73.74656,40.75935],[-73.74628,40.75781],[-73.74578,40.75786],[-73.74466,40.75657],[-73.74487,40.75721],[-73.74631,40.75806],[-73.74606,40.75877],[-73.74636,40.7593],[-73.7475,40.75998],[-73.74854,40.76139],[-73.75004,40.76158],[-73.75123,40.76253],[-73.7517,40.76366],[-73.75305,40.76483],[-73.75507,40.76754],[-73.7544,40.76876],[-73.75472,40.7688],[-73.75471,40.76975],[-73.75557,40.77154],[-73.75438,40.77205],[-73.75337,40.77322],[-73.75519,40.77651],[-73.75481,40.77763],[-73.75552,40.77771],[-73.75471,40.77773],[-73.753,40.7813],[-73.75135,40.78254],[-73.75021,40.78241],[-73.74825,40.78077],[-73.74736,40.77939],[-73.74778,40.77912],[-73.7468,40.77904],[-73.74535,40.77716],[-73.74611,40.77846],[-73.74601,40.77888],[-73.74541,40.77899],[-73.74462,40.77793],[-73.74524,40.77741],[-73.74502,40.77661],[-73.74508,40.77746],[-73.74443,40.77746],[-73.74404,40.7786],[-73.72071,40.76454],[-73.72473,40.76404],[-73.72755,40.76307],[-73.73186,40.76055],[-73.73595,40.75896],[-73.74441,40.75357],[-73.749,40.75849],[-73.75092,40.75954],[-73.75502,40.76092],[-73.75706,40.76225],[-73.75848,40.762],[-73.758,40.76039],[-73.7624,40.75951],[-73.76186,40.75653],[-73.76831,40.75546],[-73.7758,40.75328],[-73.77948,40.75349],[-73.78637,40.75251],[-73.78786,40.75186],[-73.79458,40.75357],[-73.79779,40.75391],[-73.80112,40.75374],[-73.8003,40.75971],[-73.80421,40.76246],[-73.81099,40.76471],[-73.81047,40.76856],[-73.81734,40.76911],[-73.82141,40.76857],[-73.82187,40.77236],[-73.82468,40.77236],[-73.82433,40.77675],[-73.82583,40.77592],[-73.82809,40.776],[-73.83073,40.77289],[-73.83669,40.76891],[-73.83936,40.76542],[-73.83913,40.766],[-73.8397,40.7664],[-73.83959,40.76712],[-73.84031,40.7663],[-73.84395,40.7655],[-73.84723,40.76632],[-73.84862,40.76812],[-73.84822,40.76853],[-73.849,40.76916],[-73.84847,40.76973],[-73.84867,40.77077],[-73.84994,40.77194],[-73.8513,40.77181],[-73.84995,40.77197],[-73.84898,40.77357],[-73.84897,40.77803],[-73.84993,40.77878],[-73.84964,40.77949],[-73.85148,40.77897],[-73.84982,40.77964],[-73.85235,40.77949],[-73.85236,40.77918],[-73.85239,40.77954],[-73.84956,40.77989],[-73.85167,40.78004],[-73.8495,40.78007],[-73.84989,40.7811],[-73.85094,40.78113],[-73.84989,40.78113],[-73.84984,40.78161],[-73.84919,40.78165],[-73.84955,40.78185],[-73.84925,40.78226],[-73.85029,40.78247],[-73.85528,40.78198],[-73.85545,40.78315],[-73.85646,40.78336],[-73.85665,40.7829],[-73.85684,40.78338],[-73.85808,40.78373],[-73.85798,40.78468],[-73.85911,40.78547],[-73.85946,40.7855],[-73.85935,40.78504],[-73.85951,40.78554],[-73.85899,40.7855],[-73.85913,40.78586],[-73.85813,40.78706],[-73.85681,40.78668],[-73.85594,40.7877],[-73.85345,40.78783],[-73.85284,40.78822],[-73.8548,40.78862],[-73.85447,40.79027],[-73.85265,40.79113],[-73.85377,40.79234],[-73.85369,40.79403],[-73.85277,40.7944],[-73.85263,40.79495],[-73.85159,40.79409],[-73.84906,40.79337],[-73.84871,40.79542],[-73.84625,40.79617],[-73.84558,40.79603],[-73.8446,40.79492],[-73.84355,40.79492],[-73.84331,40.79551],[-73.84285,40.79522],[-73.84329,40.79618],[-73.84281,40.79543],[-73.84226,40.79559],[-73.84287,40.79693],[-73.84217,40.79562],[-73.84142,40.79516],[-73.8413,40.79623],[-73.84014,40.79689],[-73.84042,40.79769],[-73.8379,40.79852],[-73.84026,40.7976],[-73.83997,40.79691],[-73.8384,40.79676],[-73.83707,40.79386],[-73.83659,40.79209],[-73.83752,40.79102],[-73.8375,40.79047],[-73.83682,40.79048],[-73.83748,40.79044],[-73.83728,40.78902],[-73.83714,40.78957],[-73.83566,40.78958],[-73.83414,40.78907],[-73.83381,40.78853],[-73.83293,40.78853],[-73.83144,40.78919],[-73.83215,40.79005],[-73.83137,40.79138],[-73.82895,40.79202],[-73.82852,40.7925],[-73.82923,40.79301],[-73.8284,40.79256],[-73.82792,40.7929],[-73.82797,40.7948],[-73.82881,40.79619],[-73.82945,40.79667],[-73.83003,40.79614],[-73.82947,40.79668],[-73.82977,40.79684],[-73.83052,40.7964],[-73.82996,40.79692],[-73.82906,40.79647],[-73.82743,40.79676],[-73.82697,40.79714],[-73.82718,40.79762],[-73.82674,40.7978],[-73.82612,40.79728],[-73.82507,40.79738],[-73.82399,40.79802],[-73.82423,40.7987],[-73.82386,40.79816],[-73.82343,40.79841],[-73.82372,40.79891],[-73.82326,40.79848],[-73.82331,40.79897],[-73.823,40.79865],[-73.82261,40.7989],[-73.82268,40.79949],[-73.82239,40.79912],[-73.82043,40.80064],[-73.8205,40.80102]]]]}},{"type":"Feature","properties":{"id":18},"geometry":{"type":"MultiPolygon","coordinates":[[[[-73.87233,40.81393],[-73.8725,40.8139],[-73.8724,40.81398],[-73.87233,40.81393]]],[[[-73.84127,40.84066],[-73.83937,40.84089],[-73.83972,40.83957],[-73.8403,40.83953],[-73.83941,40.83461],[-73.83992,40.83333],[-73.84221,40.83156],[-73.84311,40.8298],[-73.84253,40.82754],[-73.84002,40.8222],[-73.84,40.81994],[-73.84199,40.81878],[-73.84521,40.8119],[-73.84617,40.81068],[-73.8472,40.81059],[-73.84822,40.81247],[-73.8506,40.81394],[-73.85301,40.81459],[-73.85262,40.81407],[-73.85337,40.8136],[-73.85538,40.8143],[-73.85347,40.81349],[-73.8512,40.81356],[-73.84915,40.81231],[-73.84917,40.81093],[-73.85004,40.80922],[-73.84995,40.80872],[-73.84955,40.80873],[-73.84997,40.80859],[-73.84961,40.80813],[-73.84871,40.80825],[-73.84952,40.80806],[-73.84842,40.80738],[-73.84838,40.80637],[-73.84754,40.80593],[-73.84753,40.80534],[-73.84808,40.80493],[-73.84865,40.80471],[-73.84934,40.80506],[-73.84941,40.80468],[-73.84943,40.80507],[-73.84982,40.8051],[-73.85015,40.80454],[-73.85065,40.80449],[-73.85561,40.80448],[-73.85663,40.80484],[-73.85569,40.80468],[-73.85572,40.80513],[-73.8572,40.80533],[-73.85684,40.80492],[-73.85813,40.80547],[-73.85891,40.80592],[-73.85832,40.80601],[-73.85852,40.80665],[-73.85905,40.80657],[-73.85897,40.80597],[-73.85937,40.80668],[-73.85938,40.80758],[-73.85916,40.80689],[-73.85867,40.80684],[-73.85839,40.80827],[-73.85895,40.81028],[-73.86013,40.80961],[-73.85933,40.809],[-73.85939,40.80817],[-73.85982,40.80912],[-73.86066,40.80964],[-73.86766,40.81059],[-73.87078,40.8145],[-73.87652,40.81614],[-73.87664,40.81572],[-73.87806,40.81619],[-73.88245,40.81928],[-73.88436,40.82288],[-73.87807,40.82384],[-73.87917,40.82859],[-73.8773,40.82875],[-73.87323,40.82991],[-73.87389,40.83316],[-73.8738,40.83599],[-73.87,40.83566],[-73.86681,40.83485],[-73.86598,40.83521],[-73.86668,40.83925],[-73.86725,40.84035],[-73.86347,40.84131],[-73.84806,40.84308],[-73.84491,40.84544],[-73.84127,40.84066]]]]}},{"type":"Feature","properties":{"id":20},"geometry":{"type":"Polygon","coordinates":[[[-73.77588,40.75327],[-73.7716,40.74412],[-73.77239,40.74386],[-73.78032,40.74256],[-73.79595,40.73782],[-73.81324,40.73845],[-73.81608,40.73887],[-73.81693,40.7384],[-73.82471,40.73984],[-73.82634,40.73884],[-73.82797,40.73851],[-73.82809,40.73709],[-73.82947,40.73703],[-73.83054,40.73753],[-73.83114,40.73857],[-73.83091,40.73914],[-73.83134,40.73918],[-73.83116,40.74235],[-73.83593,40.74351],[-73.83777,40.74336],[-73.83725,40.74469],[-73.83518,40.74724],[-73.83479,40.74892],[-73.83523,40.75031],[-73.83835,40.75521],[-73.83898,40.75833],[-73.83881,40.76077],[-73.84002,40.76424],[-73.83699,40.76863],[-73.83073,40.77289],[-73.82809,40.776],[-73.82583,40.77592],[-73.82433,40.77675],[-73.82468,40.77236],[-73.82187,40.77236],[-73.82141,40.76857],[-73.81734,40.76911],[-73.81047,40.76856],[-73.81099,40.76471],[-73.80421,40.76246],[-73.8003,40.75971],[-73.80112,40.75374],[-73.79779,40.75391],[-73.79458,40.75357],[-73.78786,40.75186],[-73.78637,40.75251],[-73.77948,40.75349],[-73.77588,40.75327]]]}},{"type":"Feature","properties":{"id":23},"geometry":{"type":"Polygon","coordinates":[[[-73.72966,40.72049],[-73.73216,40.72006],[-73.73234,40.72031],[-73.73643,40.71807],[-73.75532,40.71358],[-73.76703,40.7132],[-73.76902,40.71232],[-73.77144,40.7104],[-73.7763,40.70905],[-73.78331,40.70795],[-73.78535,40.71229],[-73.77357,40.71513],[-73.77682,40.72186],[-73.77956,40.72582],[-73.78303,40.73314],[-73.78565,40.73228],[-73.78925,40.73988],[-73.78032,40.74256],[-73.7716,40.74412],[-73.77588,40.75327],[-73.76831,40.75546],[-73.76186,40.75653],[-73.7624,40.75951],[-73.758,40.76039],[-73.75848,40.762],[-73.75706,40.76225],[-73.75474,40.76079],[-73.74965,40.7589],[-73.74741,40.75705],[-73.74441,40.75357],[-73.73595,40.75896],[-73.73186,40.76055],[-73.72755,40.76307],[-73.72473,40.76404],[-73.72071,40.76454],[-73.70163,40.7525],[-73.70002,40.73924],[-73.70766,40.72784],[-73.71693,40.72639],[-73.72567,40.72405],[-73.73033,40.72217],[-73.72966,40.72049]]]}},{"type":"Feature","properties":{"id":8},"geometry":{"type":"MultiPolygon","coordinates":[[[[-73.92134,40.80086],[-73.92032,40.79938],[-73.91663,40.79787],[-73.91546,40.79707],[-73.91444,40.79567],[-73.91379,40.79384],[-73.91514,40.79202],[-73.91687,40.79037],[-73.91856,40.7897],[-73.92219,40.78552],[-73.92285,40.78356],[-73.92448,40.78233],[-73.92572,40.78218],[-73.9281,40.78093],[-73.93105,40.7824],[-73.93502,40.78301],[-73.93607,40.78423],[-73.93571,40.78569],[-73.9324,40.78973],[-73.93084,40.791],[-73.92973,40.79137],[-73.92611,40.79074],[-73.92616,40.79172],[-73.92657,40.79187],[-73.92559,40.79183],[-73.92674,40.79194],[-73.92637,40.79167],[-73.92649,40.79103],[-73.92787,40.79096],[-73.92714,40.79194],[-73.92827,40.79234],[-73.92832,40.79311],[-73.92694,40.79551],[-73.92712,40.79721],[-73.92771,40.79731],[-73.9272,40.7974],[-73.92748,40.79813],[-73.9267,40.80016],[-73.92725,40.8004],[-73.92667,40.80019],[-73.92655,40.80061],[-73.92705,40.80066],[-73.92651,40.80067],[-73.92528,40.80201],[-73.92264,40.80188],[-73.92134,40.80086]]],[[[-73.93382,40.80712],[-73.93326,40.80725],[-73.93116,40.80498],[-73.92904,40.80109],[-73.92928,40.79586],[-73.9302,40.7946],[-73.93583,40.7911],[-73.93708,40.78937],[-73.93613,40.78894],[-73.93715,40.78918],[-73.93812,40.78719],[-73.93983,40.78526],[-73.94247,40.7839],[-73.94365,40.78266],[-73.94406,40.78297],[-73.94447,40.78204],[-73.94436,40.77977],[-73.94659,40.7807],[-73.94521,40.78258],[-73.94983,40.78452],[-73.94933,40.7852],[-73.95417,40.78724],[-73.95466,40.78656],[-73.95626,40.78723],[-73.95111,40.79429],[-73.94951,40.79361],[-73.94809,40.79554],[-73.9467,40.79746],[-73.94831,40.79814],[-73.94646,40.80067],[-73.94324,40.79932],[-73.94227,40.80062],[-73.94067,40.79994],[-73.93467,40.80818],[-73.93382,40.80712]]],[[[-73.92688,40.81949],[-73.92732,40.81857],[-73.92922,40.81907],[-73.93002,40.817],[-73.924,40.81545],[-73.92309,40.81671],[-73.91846,40.81562],[-73.91334,40.81362],[-73.91296,40.81428],[-73.91095,40.81363],[-73.90875,40.81877],[-73.90258,40.81738],[-73.90447,40.81229],[-73.90342,40.81152],[-73.90229,40.80457],[-73.90453,40.80318],[-73.90855,40.79932],[-73.9083,40.79897],[-73.91169,40.79663],[-73.91372,40.7968],[-73.91903,40.79899],[-73.92024,40.79962],[-73.92133,40.80129],[-73.92293,40.80238],[-73.92763,40.8027],[-73.92728,40.80352],[-73.92765,40.804],[-73.92873,40.80411],[-73.93228,40.80837],[-73.93287,40.81013],[-73.93234,40.81764],[-73.93307,40.82816],[-73.93096,40.82835],[-73.93069,40.82707],[-73.92986,40.82672],[-73.92692,40.82247],[-73.92723,40.82172],[-73.92634,40.82059],[-73.92688,40.81949]]]]}},{"type":"Feature","properties":{"id":17},"geometry":{"type":"MultiPolygon","coordinates":[[[[-73.89681,40.79582],[-73.89797,40.79565],[-73.8992,40.79651],[-73.89788,40.79712],[-73.89713,40.79681],[-73.89681,40.79582]]],[[[-73.90838,40.7995],[-73.90796,40.79929],[-73.90803,40.79925],[-73.90838,40.7995]]],[[[-73.90766,40.79943],[-73.9081,40.79955],[-73.90795,40.79955],[-73.90766,40.79943]]],[[[-73.90639,40.8011],[-73.90659,40.80112],[-73.90652,40.80118],[-73.90639,40.8011]]],[[[-73.89833,40.80242],[-73.89647,40.8008],[-73.89864,40.79911],[-73.90021,40.79927],[-73.89979,40.79952],[-73.89972,40.80081],[-73.90004,40.80092],[-73.89949,40.80091],[-73.89939,40.80194],[-73.89833,40.80242]]],[[[-73.90402,40.80348],[-73.90415,40.80346],[-73.90407,40.80353],[-73.90402,40.80348]]],[[[-73.90385,40.80358],[-73.90387,40.80357],[-73.90395,40.80363],[-73.90385,40.80358]]],[[[-73.90367,40.80371],[-73.90369,40.8037],[-73.90377,40.80376],[-73.90367,40.80371]]],[[[-73.90332,40.80378],[-73.90334,40.80378],[-73.90336,40.80387],[-73.90332,40.80378]]],[[[-73.90297,40.80395],[-73.903,40.80393],[-73.90309,40.80401],[-73.90297,40.80395]]],[[[-73.90271,40.80417],[-73.90291,40.80415],[-73.90288,40.80417],[-73.90271,40.80417]]],[[[-73.86668,40.83925],[-73.86598,40.83521],[-73.86681,40.83485],[-73.87,40.83566],[-73.8738,40.83599],[-73.87389,40.83316],[-73.87323,40.82991],[-73.8773,40.82875],[-73.87917,40.82859],[-73.87807,40.82384],[-73.88439,40.82296],[-73.88245,40.81928],[-73.87806,40.81619],[-73.87664,40.81572],[-73.87673,40.81539],[-73.8721,40.81375],[-73.87057,40.8121],[-73.87055,40.81125],[-73.86811,40.80676],[-73.87175,40.80156],[-73.87355,40.80086],[-73.87527,40.80141],[-73.87586,40.80146],[-73.87593,40.80109],[-73.87814,40.80133],[-73.87817,40.80256],[-73.87893,40.80278],[-73.8837,40.80217],[-73.88372,40.80187],[-73.88505,40.80214],[-73.88727,40.80396],[-73.88796,40.80501],[-73.88907,40.80503],[-73.88923,40.80585],[-73.89015,40.80497],[-73.88938,40.80593],[-73.8915,40.80594],[-73.89179,40.80563],[-73.89198,40.80639],[-73.89271,40.80635],[-73.89217,40.80531],[-73.89127,40.80502],[-73.89173,40.80506],[-73.89257,40.80563],[-73.89275,40.80635],[-73.89486,40.80622],[-73.89484,40.80573],[-73.8951,40.80687],[-73.89551,40.8066],[-73.89528,40.80577],[-73.89559,40.80659],[-73.89567,40.8063],[-73.89598,40.80653],[-73.89579,40.80584],[-73.89611,40.8065],[-73.89623,40.80622],[-73.8975,40.80622],[-73.89742,40.80581],[-73.89801,40.80617],[-73.89787,40.80554],[-73.89816,40.80615],[-73.89813,40.80566],[-73.89853,40.80544],[-73.9021,40.80481],[-73.90342,40.81152],[-73.90447,40.81229],[-73.90258,40.81738],[-73.90875,40.81877],[-73.91095,40.81363],[-73.91296,40.81428],[-73.91334,40.81362],[-73.91846,40.81562],[-73.92309,40.81671],[-73.924,40.81545],[-73.93002,40.817],[-73.92922,40.81907],[-73.92732,40.81857],[-73.92634,40.82059],[-73.92488,40.81989],[-73.92265,40.8205],[-73.91609,40.82485],[-73.91552,40.82472],[-73.91395,40.82573],[-73.90871,40.82407],[-73.90657,40.82946],[-73.90553,40.82911],[-73.90344,40.83222],[-73.90188,40.83172],[-73.90018,40.8342],[-73.89676,40.83333],[-73.89487,40.83426],[-73.89332,40.83558],[-73.89004,40.83605],[-73.88535,40.8388],[-73.88625,40.83915],[-73.88576,40.84022],[-73.8807,40.83748],[-73.87747,40.83666],[-73.87526,40.83755],[-73.87399,40.83732],[-73.87315,40.83827],[-73.87315,40.83771],[-73.87253,40.8379],[-73.87053,40.8391],[-73.86725,40.84035],[-73.86668,40.83925]]]]}},{"type":"Feature","properties":{"id":10},"geometry":{"type":"MultiPolygon","coordinates":[[[[-73.92641,40.87763],[-73.92619,40.87707],[-73.92457,40.87744],[-73.9224,40.87679],[-73.92258,40.8743],[-73.92112,40.87304],[-73.92029,40.87311],[-73.91979,40.87361],[-73.9208,40.8742],[-73.92118,40.87515],[-73.92081,40.87549],[-73.91888,40.87469],[-73.91928,40.87366],[-73.9185,40.8732],[-73.9186,40.8735],[-73.91758,40.87456],[-73.91787,40.87391],[-73.91644,40.87452],[-73.91523,40.87449],[-73.91158,40.87328],[-73.91054,40.87207],[-73.91085,40.86966],[-73.91147,40.86948],[-73.91115,40.86889],[-73.91392,40.86475],[-73.91493,40.86459],[-73.91441,40.86418],[-73.9159,40.86432],[-73.9152,40.86395],[-73.91539,40.86309],[-73.9173,40.86169],[-73.9195,40.8588],[-73.92048,40.85911],[-73.92127,40.8602],[-73.92159,40.86008],[-73.92187,40.85919],[-73.92092,40.85823],[-73.92115,40.85756],[-73.92238,40.85659],[-73.92238,40.85599],[-73.92235,40.85569],[-73.92152,40.85661],[-73.92972,40.84524],[-73.93445,40.83599],[-73.93849,40.833],[-73.94014,40.83038],[-73.94583,40.83277],[-73.94114,40.83919],[-73.94307,40.8402],[-73.94374,40.83848],[-73.94554,40.83924],[-73.94559,40.83989],[-73.94468,40.84106],[-73.94756,40.84154],[-73.9461,40.84411],[-73.94635,40.84625],[-73.94683,40.84714],[-73.94664,40.84892],[-73.94705,40.85026],[-73.94652,40.85098],[-73.94348,40.85229],[-73.94187,40.85388],[-73.94029,40.85665],[-73.93243,40.86758],[-73.93227,40.86857],[-73.93265,40.86847],[-73.93226,40.86869],[-73.93257,40.86905],[-73.93219,40.86938],[-73.93236,40.86976],[-73.93205,40.86961],[-73.93192,40.87114],[-73.92998,40.87435],[-73.92901,40.87575],[-73.92641,40.87763]]],[[[-73.9236,40.87891],[-73.92368,40.87883],[-73.92363,40.87897],[-73.9236,40.87891]]],[[[-73.90665,40.87576],[-73.90774,40.87285],[-73.90893,40.87217],[-73.91092,40.87415],[-73.91579,40.87573],[-73.91485,40.87668],[-73.91206,40.87813],[-73.91149,40.87903],[-73.91033,40.87905],[-73.90704,40.8769],[-73.90665,40.87576]]]]}},{"type":"Feature","properties":{"id":11},"geometry":{"type":"Polygon","coordinates":[[[-73.84005,40.90058],[-73.84961,40.89848],[-73.84863,40.89592],[-73.8504,40.89553],[-73.84979,40.89394],[-73.85064,40.89365],[-73.84984,40.89155],[-73.84895,40.89175],[-73.84864,40.89091],[-73.8491,40.89001],[-73.85198,40.89093],[-73.85315,40.88881],[-73.85603,40.88972],[-73.85641,40.88902],[-73.86304,40.89112],[-73.86621,40.88539],[-73.86605,40.8843],[-73.86875,40.87883],[-73.86941,40.8782],[-73.87019,40.87606],[-73.87056,40.87152],[-73.87042,40.86537],[-73.875,40.86708],[-73.87604,40.86851],[-73.87711,40.86905],[-73.87821,40.86885],[-73.87926,40.86798],[-73.8799,40.86838],[-73.8831,40.86661],[-73.88451,40.86835],[-73.88528,40.87001],[-73.88552,40.87019],[-73.88625,40.86948],[-73.88779,40.87075],[-73.88562,40.87228],[-73.88478,40.87428],[-73.88856,40.87521],[-73.89025,40.87193],[-73.89242,40.87171],[-73.89445,40.87073],[-73.89521,40.87032],[-73.89656,40.86857],[-73.89892,40.86967],[-73.89779,40.87086],[-73.89793,40.87255],[-73.89852,40.87386],[-73.90012,40.87432],[-73.90043,40.87499],[-73.89981,40.87641],[-73.89814,40.87844],[-73.89957,40.87878],[-73.89904,40.88155],[-73.9005,40.88041],[-73.90144,40.88093],[-73.90358,40.87857],[-73.90443,40.87646],[-73.90615,40.87711],[-73.90667,40.87678],[-73.90802,40.8783],[-73.90836,40.87793],[-73.9095,40.87879],[-73.91149,40.87903],[-73.91206,40.87813],[-73.91485,40.87668],[-73.91579,40.87573],[-73.91776,40.87567],[-73.91979,40.87643],[-73.92274,40.87891],[-73.9249,40.8789],[-73.92381,40.88033],[-73.92039,40.88766],[-73.91519,40.90159],[-73.91543,40.90182],[-73.91502,40.90309],[-73.91459,40.90413],[-73.91419,40.90415],[-73.91287,40.90754],[-73.91311,40.90785],[-73.91265,40.90808],[-73.91149,40.91224],[-73.91166,40.91343],[-73.91033,40.91554],[-73.85947,40.90053],[-73.85908,40.90102],[-73.85938,40.90157],[-73.85887,40.90172],[-73.85947,40.90194],[-73.85958,40.90245],[-73.85927,40.90268],[-73.85816,40.90231],[-73.85711,40.90366],[-73.85699,40.90459],[-73.85744,40.90485],[-73.85718,40.90529],[-73.85601,40.90531],[-73.85681,40.90616],[-73.85424,40.90704],[-73.85374,40.9078],[-73.85471,40.90801],[-73.85459,40.90895],[-73.85296,40.91036],[-73.85228,40.90986],[-73.85107,40.91038],[-73.85348,40.90754],[-73.85092,40.90662],[-73.85017,40.90752],[-73.84482,40.90554],[-73.84489,40.9042],[-73.84139,40.90418],[-73.84083,40.90175],[-73.84005,40.90058]]]}},{"type":"Feature","properties":{"id":12},"geometry":{"type":"Polygon","coordinates":[[[-73.82392,40.88998],[-73.82462,40.88866],[-73.8238,40.88744],[-73.82188,40.88694],[-73.82065,40.88539],[-73.82024,40.8855],[-73.82006,40.88212],[-73.8233,40.87311],[-73.82127,40.86908],[-73.81579,40.86577],[-73.81785,40.86419],[-73.81762,40.86363],[-73.82017,40.86141],[-73.82451,40.85977],[-73.82444,40.85951],[-73.82716,40.85905],[-73.82802,40.86065],[-73.82956,40.86217],[-73.8316,40.86265],[-73.84123,40.86787],[-73.84321,40.86745],[-73.8472,40.86756],[-73.84879,40.86624],[-73.84935,40.86654],[-73.84903,40.86756],[-73.86627,40.86788],[-73.86634,40.86546],[-73.87042,40.86537],[-73.87056,40.87152],[-73.87019,40.87606],[-73.86941,40.8782],[-73.86875,40.87883],[-73.86605,40.8843],[-73.86621,40.88539],[-73.86304,40.89112],[-73.85641,40.88902],[-73.85603,40.88972],[-73.85315,40.88881],[-73.85198,40.89093],[-73.8491,40.89001],[-73.84864,40.89091],[-73.84895,40.89175],[-73.84984,40.89155],[-73.85064,40.89365],[-73.84979,40.89394],[-73.8504,40.89553],[-73.84863,40.89592],[-73.84961,40.89848],[-73.84005,40.90058],[-73.83921,40.89941],[-73.83965,40.89734],[-73.83839,40.89408],[-73.82392,40.88998]]]}},{"type":"Feature","properties":{"id":13},"geometry":{"type":"MultiPolygon","coordinates":[[[[-73.78833,40.83468],[-73.78931,40.83447],[-73.78951,40.83537],[-73.78846,40.83532],[-73.78833,40.83468]]],[[[-73.80222,40.84164],[-73.80264,40.84109],[-73.80695,40.84147],[-73.80681,40.8425],[-73.80393,40.8426],[-73.80222,40.84164]]],[[[-73.78069,40.85494],[-73.78123,40.85541],[-73.78087,40.85554],[-73.78069,40.85494]]],[[[-73.78285,40.85549],[-73.7826,40.85483],[-73.78386,40.85484],[-73.78331,40.85586],[-73.78285,40.85549]]],[[[-73.78922,40.85875],[-73.78877,40.85841],[-73.78879,40.85743],[-73.78803,40.85752],[-73.78878,40.85741],[-73.78848,40.85441],[-73.78735,40.85439],[-73.78835,40.85414],[-73.78691,40.85407],[-73.788,40.85353],[-73.78588,40.8518],[-73.78338,40.8516],[-73.7846,40.8511],[-73.78384,40.8507],[-73.7842,40.85007],[-73.78304,40.84908],[-73.78155,40.84941],[-73.78214,40.84911],[-73.7815,40.84859],[-73.78268,40.84815],[-73.78098,40.84847],[-73.78264,40.84808],[-73.78149,40.84789],[-73.78143,40.84746],[-73.78208,40.84714],[-73.78217,40.84664],[-73.7804,40.84694],[-73.78106,40.84681],[-73.78115,40.84625],[-73.78111,40.84676],[-73.78174,40.84642],[-73.78109,40.84681],[-73.78251,40.84642],[-73.7825,40.84567],[-73.78315,40.84532],[-73.78182,40.84577],[-73.78305,40.84551],[-73.78306,40.84509],[-73.78182,40.84549],[-73.78315,40.8453],[-73.78298,40.84469],[-73.78337,40.84445],[-73.78301,40.84418],[-73.78349,40.84369],[-73.78053,40.84453],[-73.77993,40.84389],[-73.78053,40.84446],[-73.7804,40.84397],[-73.78059,40.84444],[-73.78106,40.84434],[-73.78088,40.84387],[-73.78109,40.84433],[-73.78155,40.84422],[-73.78138,40.84371],[-73.78158,40.84422],[-73.78201,40.84412],[-73.78183,40.84358],[-73.78204,40.84411],[-73.78244,40.84402],[-73.78225,40.84344],[-73.78247,40.84401],[-73.78282,40.84393],[-73.78257,40.8433],[-73.78309,40.84369],[-73.78288,40.84313],[-73.78313,40.84371],[-73.78284,40.8439],[-73.78348,40.84366],[-73.78289,40.8425],[-73.78282,40.84277],[-73.7823,40.84261],[-73.78245,40.84305],[-73.78227,40.84262],[-73.7818,40.8427],[-73.78193,40.84324],[-73.78177,40.84271],[-73.78125,40.84281],[-73.78143,40.84338],[-73.78122,40.84281],[-73.78068,40.84292],[-73.78083,40.84352],[-73.78065,40.84292],[-73.7803,40.84298],[-73.78023,40.84379],[-73.78023,40.84289],[-73.78287,40.84249],[-73.7806,40.84279],[-73.78237,40.84244],[-73.78162,40.84234],[-73.78233,40.84193],[-73.78144,40.84215],[-73.78232,40.84191],[-73.78217,40.8417],[-73.78035,40.84212],[-73.78043,40.8425],[-73.7802,40.84205],[-73.78185,40.84166],[-73.78166,40.84113],[-73.78084,40.84128],[-73.78089,40.84156],[-73.7808,40.84126],[-73.78165,40.84111],[-73.78114,40.8395],[-73.78189,40.83766],[-73.78291,40.83733],[-73.78282,40.83635],[-73.78338,40.83692],[-73.78498,40.83675],[-73.7845,40.83707],[-73.78485,40.83748],[-73.78583,40.83722],[-73.78517,40.83748],[-73.78558,40.83794],[-73.78574,40.83924],[-73.78653,40.83973],[-73.78741,40.83969],[-73.78749,40.84085],[-73.78816,40.8405],[-73.78826,40.84075],[-73.78753,40.84089],[-73.78787,40.84109],[-73.78761,40.84121],[-73.78837,40.84151],[-73.78802,40.84179],[-73.78839,40.84239],[-73.78884,40.84236],[-73.78853,40.84243],[-73.78906,40.84324],[-73.78993,40.84305],[-73.78981,40.84359],[-73.78934,40.84369],[-73.78947,40.8443],[-73.79067,40.84575],[-73.79099,40.84566],[-73.7907,40.84579],[-73.79097,40.84637],[-73.79149,40.84626],[-73.79118,40.84656],[-73.79179,40.84674],[-73.79137,40.8469],[-73.79144,40.84731],[-73.79192,40.84727],[-73.79127,40.84761],[-73.79162,40.84806],[-73.79102,40.84899],[-73.78976,40.84954],[-73.78986,40.84998],[-73.79099,40.84984],[-73.78987,40.85],[-73.79002,40.85032],[-73.79036,40.85015],[-73.78989,40.85047],[-73.79027,40.85097],[-73.78956,40.8515],[-73.79099,40.85127],[-73.78967,40.85151],[-73.79089,40.85156],[-73.7902,40.85176],[-73.79047,40.85178],[-73.79016,40.85226],[-73.79248,40.85153],[-73.79017,40.85229],[-73.79312,40.85159],[-73.79324,40.85194],[-73.79125,40.85231],[-73.79138,40.85261],[-73.79341,40.85203],[-73.79351,40.85227],[-73.79042,40.85303],[-73.79282,40.8525],[-73.79081,40.85321],[-73.79127,40.85372],[-73.79253,40.85342],[-73.79241,40.85306],[-73.79256,40.85341],[-73.79298,40.85331],[-73.79288,40.85295],[-73.79304,40.85338],[-73.79106,40.85393],[-73.79246,40.85361],[-73.79107,40.85395],[-73.79254,40.85386],[-73.79129,40.85459],[-73.7925,40.8558],[-73.79202,40.85619],[-73.79257,40.85626],[-73.79201,40.85623],[-73.7919,40.85656],[-73.7931,40.85669],[-73.7919,40.85658],[-73.79171,40.85686],[-73.79243,40.85694],[-73.79222,40.85716],[-73.79283,40.85744],[-73.79301,40.85701],[-73.79289,40.85749],[-73.79186,40.85701],[-73.79268,40.85743],[-73.79211,40.85718],[-73.7919,40.85745],[-73.79257,40.85765],[-73.7924,40.85785],[-73.79174,40.8574],[-73.79209,40.85717],[-73.79184,40.85704],[-73.79094,40.85756],[-73.79179,40.85778],[-73.79144,40.85816],[-73.79162,40.85791],[-73.79093,40.85758],[-73.7902,40.85861],[-73.78922,40.85875]]],[[[-73.76783,40.85445],[-73.76939,40.85254],[-73.76861,40.8508],[-73.7696,40.8476],[-73.7679,40.8453],[-73.76902,40.84511],[-73.77157,40.84751],[-73.77089,40.84976],[-73.77205,40.85163],[-73.77296,40.85217],[-73.77173,40.85249],[-73.77172,40.85301],[-73.7723,40.85309],[-73.77235,40.85386],[-73.77296,40.85381],[-73.77296,40.85415],[-73.77233,40.85391],[-73.77214,40.85442],[-73.77236,40.85968],[-73.77219,40.85999],[-73.77085,40.86011],[-73.76947,40.85934],[-73.76836,40.85837],[-73.76836,40.85766],[-73.76533,40.85505],[-73.76783,40.85445]]],[[[-73.78458,40.86054],[-73.78437,40.85986],[-73.78514,40.8588],[-73.78608,40.85928],[-73.7867,40.85869],[-73.78774,40.85878],[-73.787,40.86023],[-73.78458,40.86054]]],[[[-73.77322,40.8608],[-73.77326,40.86064],[-73.7734,40.86075],[-73.77322,40.8608]]],[[[-73.77514,40.86119],[-73.77527,40.86145],[-73.77493,40.86156],[-73.77514,40.86119]]],[[[-73.7746,40.86208],[-73.77464,40.86183],[-73.77485,40.86182],[-73.7746,40.86208]]],[[[-73.78313,40.86286],[-73.78288,40.86241],[-73.78315,40.86208],[-73.78313,40.86286]]],[[[-73.78401,40.86314],[-73.78354,40.8631],[-73.78377,40.86262],[-73.78469,40.86255],[-73.78401,40.86314]]],[[[-73.76964,40.86555],[-73.76994,40.86553],[-73.76945,40.86577],[-73.76964,40.86555]]],[[[-73.76692,40.86706],[-73.76723,40.86694],[-73.76713,40.86725],[-73.76668,40.86733],[-73.76692,40.86706]]],[[[-73.77172,40.87163],[-73.77264,40.87189],[-73.77116,40.87181],[-73.77085,40.87164],[-73.77172,40.87163]]],[[[-73.77483,40.87404],[-73.77514,40.87456],[-73.77468,40.8748],[-73.77483,40.87404]]],[[[-73.78194,40.87522],[-73.78213,40.87454],[-73.7826,40.8747],[-73.78244,40.87522],[-73.78194,40.87522]]],[[[-73.7819,40.87643],[-73.78172,40.8762],[-73.7822,40.87644],[-73.7819,40.87643]]],[[[-73.7813,40.87595],[-73.78151,40.87605],[-73.78121,40.8766],[-73.7813,40.87595]]],[[[-73.78353,40.87725],[-73.78384,40.87653],[-73.78401,40.87687],[-73.78364,40.87749],[-73.78353,40.87725]]],[[[-73.78525,40.87992],[-73.78508,40.87975],[-73.78568,40.87986],[-73.78525,40.87992]]],[[[-73.78484,40.88057],[-73.78382,40.88043],[-73.7837,40.87994],[-73.78407,40.87972],[-73.78433,40.88021],[-73.78509,40.88027],[-73.78535,40.88053],[-73.78484,40.88057]]],[[[-73.81941,40.89027],[-73.79301,40.88337],[-73.79492,40.88055],[-73.79555,40.8807],[-73.79503,40.87976],[-73.79744,40.87514],[-73.79855,40.87441],[-73.79891,40.87465],[-73.79982,40.87417],[-73.80081,40.8715],[-73.80267,40.87016],[-73.80298,40.86875],[-73.80393,40.86904],[-73.80448,40.86872],[-73.80499,40.86915],[-73.80595,40.86894],[-73.80569,40.86956],[-73.80671,40.87043],[-73.80786,40.87114],[-73.80925,40.87123],[-73.80841,40.87094],[-73.80873,40.87044],[-73.80754,40.87039],[-73.80871,40.8691],[-73.80786,40.86974],[-73.80673,40.86954],[-73.80695,40.86887],[-73.80487,40.86824],[-73.80474,40.86666],[-73.80385,40.86717],[-73.80292,40.86699],[-73.80301,40.86576],[-73.80177,40.86589],[-73.8007,40.86815],[-73.79774,40.87235],[-73.79479,40.87321],[-73.79398,40.87457],[-73.7936,40.87673],[-73.79317,40.87706],[-73.7944,40.87765],[-73.7929,40.87959],[-73.79095,40.88008],[-73.79076,40.88085],[-73.78914,40.88127],[-73.78912,40.88009],[-73.79006,40.8796],[-73.78952,40.87901],[-73.78612,40.87907],[-73.78422,40.87829],[-73.7845,40.87692],[-73.78481,40.87687],[-73.78468,40.87607],[-73.78596,40.87515],[-73.78611,40.87436],[-73.78691,40.874],[-73.78714,40.87277],[-73.78625,40.87239],[-73.78508,40.8736],[-73.78554,40.87255],[-73.78522,40.87164],[-73.78402,40.87378],[-73.78341,40.87373],[-73.78336,40.87326],[-73.78395,40.8729],[-73.78307,40.87216],[-73.78329,40.87071],[-73.78489,40.86952],[-73.7856,40.86835],[-73.78558,40.86918],[-73.78595,40.86933],[-73.78858,40.86918],[-73.79026,40.8685],[-73.79153,40.86733],[-73.79223,40.86527],[-73.79146,40.86228],[-73.79189,40.86108],[-73.7936,40.86053],[-73.79412,40.8597],[-73.79488,40.85808],[-73.79435,40.85654],[-73.79686,40.85627],[-73.79799,40.85486],[-73.79872,40.85492],[-73.79903,40.85397],[-73.79796,40.853],[-73.79781,40.85196],[-73.7982,40.8506],[-73.79932,40.84992],[-73.80029,40.84815],[-73.80147,40.84878],[-73.80197,40.85039],[-73.80418,40.85335],[-73.80453,40.85486],[-73.80352,40.85556],[-73.80479,40.86155],[-73.80601,40.86178],[-73.80625,40.86144],[-73.80582,40.86004],[-73.80656,40.85983],[-73.80742,40.86012],[-73.80818,40.8595],[-73.81085,40.86234],[-73.81328,40.86323],[-73.81396,40.86411],[-73.81438,40.86326],[-73.8151,40.86307],[-73.81642,40.86119],[-73.8148,40.86114],[-73.81382,40.86056],[-73.81273,40.85889],[-73.81231,40.85417],[-73.81641,40.85409],[-73.81715,40.85231],[-73.81713,40.85128],[-73.81572,40.85082],[-73.81629,40.8502],[-73.81513,40.84918],[-73.8159,40.84802],[-73.81561,40.84767],[-73.8161,40.84752],[-73.81611,40.84646],[-73.81572,40.8463],[-73.81465,40.84723],[-73.81566,40.8463],[-73.81357,40.84716],[-73.81491,40.84648],[-73.81442,40.8462],[-73.81503,40.84551],[-73.81319,40.84624],[-73.81403,40.8456],[-73.81369,40.84567],[-73.81394,40.84552],[-73.81363,40.84529],[-73.81321,40.84593],[-73.81362,40.84528],[-73.81326,40.84524],[-73.81285,40.84633],[-73.81324,40.84524],[-73.81288,40.84514],[-73.81316,40.84522],[-73.81286,40.84519],[-73.81228,40.84655],[-73.81286,40.84514],[-73.81255,40.84499],[-73.81189,40.8466],[-73.81244,40.84675],[-73.8117,40.84669],[-73.81266,40.84422],[-73.81299,40.84453],[-73.81265,40.84467],[-73.81312,40.8448],[-73.81255,40.84496],[-73.81417,40.84479],[-73.8137,40.84486],[-73.81418,40.84469],[-73.81347,40.84427],[-73.81348,40.84366],[-73.815,40.84351],[-73.81567,40.84444],[-73.81644,40.84407],[-73.81824,40.84435],[-73.81663,40.84395],[-73.81572,40.84254],[-73.81517,40.84259],[-73.8157,40.84253],[-73.81526,40.84127],[-73.81473,40.84138],[-73.81524,40.84102],[-73.81481,40.83981],[-73.81437,40.83987],[-73.81472,40.8396],[-73.81431,40.83963],[-73.81602,40.83853],[-73.81648,40.83771],[-73.81606,40.83604],[-73.8155,40.83596],[-73.81606,40.83578],[-73.81558,40.83553],[-73.81608,40.83537],[-73.81609,40.8346],[-73.81566,40.8345],[-73.81604,40.83418],[-73.81488,40.83104],[-73.81449,40.83118],[-73.81484,40.83099],[-73.81452,40.83063],[-73.8139,40.83092],[-73.81451,40.83062],[-73.81386,40.83057],[-73.8143,40.83036],[-73.81367,40.8299],[-73.81339,40.82903],[-73.8129,40.82896],[-73.81318,40.82881],[-73.81276,40.82826],[-73.80993,40.8282],[-73.8101,40.82783],[-73.81106,40.82799],[-73.81004,40.82779],[-73.81264,40.82784],[-73.81385,40.82681],[-73.81372,40.82628],[-73.81292,40.82636],[-73.81399,40.82608],[-73.81395,40.82574],[-73.81342,40.82593],[-73.81394,40.82573],[-73.8138,40.82531],[-73.81211,40.82556],[-73.81328,40.82517],[-73.81308,40.82495],[-73.81404,40.82449],[-73.81397,40.8242],[-73.81328,40.82397],[-73.81273,40.82479],[-73.81177,40.82435],[-73.80909,40.82588],[-73.80767,40.82591],[-73.80698,40.8254],[-73.80657,40.82461],[-73.80666,40.82343],[-73.80624,40.82332],[-73.80638,40.8229],[-73.80595,40.82289],[-73.80622,40.82275],[-73.80583,40.82178],[-73.80599,40.82083],[-73.80462,40.81904],[-73.80348,40.81829],[-73.80208,40.81857],[-73.80071,40.81805],[-73.80033,40.81757],[-73.79759,40.81652],[-73.79738,40.81577],[-73.79903,40.81555],[-73.80011,40.81403],[-73.80092,40.81377],[-73.80175,40.81287],[-73.80134,40.8124],[-73.80176,40.81287],[-73.80306,40.81246],[-73.80362,40.81253],[-73.80352,40.81293],[-73.80378,40.81282],[-73.80362,40.81305],[-73.80436,40.81362],[-73.80352,40.81294],[-73.80323,40.81337],[-73.80444,40.81433],[-73.8032,40.81351],[-73.80472,40.81524],[-73.80658,40.8166],[-73.80466,40.81455],[-73.80661,40.81667],[-73.80693,40.81658],[-73.80654,40.8159],[-73.80705,40.81654],[-73.8064,40.81571],[-73.80663,40.8156],[-73.80546,40.81469],[-73.805,40.81221],[-73.80391,40.81212],[-73.80235,40.81005],[-73.80101,40.81072],[-73.80147,40.81015],[-73.79854,40.8096],[-73.79229,40.80686],[-73.7914,40.80701],[-73.79152,40.8075],[-73.79087,40.80735],[-73.79006,40.80542],[-73.79104,40.80427],[-73.79339,40.80421],[-73.79578,40.80617],[-73.79621,40.80598],[-73.79792,40.80672],[-73.80167,40.80902],[-73.80278,40.80913],[-73.80393,40.80854],[-73.80992,40.81294],[-73.81079,40.81278],[-73.814,40.81356],[-73.81443,40.81353],[-73.8145,40.81292],[-73.81448,40.81353],[-73.8162,40.81386],[-73.82056,40.81303],[-73.82025,40.81244],[-73.82107,40.81221],[-73.82032,40.81245],[-73.82113,40.81246],[-73.82044,40.81267],[-73.82059,40.81303],[-73.82228,40.81267],[-73.82217,40.81236],[-73.82231,40.81267],[-73.82409,40.81217],[-73.82506,40.81184],[-73.82481,40.81145],[-73.82524,40.81177],[-73.82488,40.81128],[-73.82527,40.81176],[-73.82523,40.81122],[-73.82565,40.8116],[-73.82536,40.81104],[-73.82567,40.81159],[-73.82554,40.81102],[-73.82581,40.81154],[-73.8258,40.81121],[-73.82803,40.81146],[-73.83018,40.81085],[-73.83162,40.80958],[-73.83218,40.80817],[-73.83162,40.80665],[-73.83162,40.80495],[-73.83432,40.80517],[-73.83744,40.80621],[-73.84026,40.81145],[-73.84043,40.81255],[-73.83957,40.8145],[-73.84009,40.81781],[-73.83868,40.8196],[-73.83907,40.81981],[-73.83888,40.82215],[-73.84233,40.82908],[-73.84189,40.83072],[-73.83885,40.8337],[-73.83919,40.83872],[-73.83959,40.83881],[-73.83972,40.83957],[-73.83937,40.84089],[-73.84124,40.84061],[-73.84491,40.84544],[-73.84806,40.84308],[-73.86347,40.84131],[-73.86831,40.84],[-73.87315,40.83771],[-73.87162,40.8446],[-73.87112,40.84488],[-73.87099,40.84595],[-73.87036,40.84663],[-73.86988,40.84663],[-73.86889,40.84812],[-73.86956,40.84803],[-73.86953,40.8487],[-73.86825,40.85097],[-73.86991,40.85588],[-73.8676,40.859],[-73.86736,40.86544],[-73.86634,40.86546],[-73.86627,40.86788],[-73.84903,40.86756],[-73.84935,40.86654],[-73.84879,40.86624],[-73.8472,40.86756],[-73.84321,40.86745],[-73.84123,40.86787],[-73.8316,40.86265],[-73.82956,40.86217],[-73.82802,40.86065],[-73.82716,40.85905],[-73.82444,40.85951],[-73.82451,40.85977],[-73.82101,40.86103],[-73.81896,40.86225],[-73.81762,40.86363],[-73.81785,40.86419],[-73.81579,40.86577],[-73.82127,40.86908],[-73.8233,40.87311],[-73.82006,40.88212],[-73.82024,40.8855],[-73.82065,40.88539],[-73.82188,40.88694],[-73.8238,40.88744],[-73.82462,40.88866],[-73.82392,40.88998],[-73.82242,40.88952],[-73.82337,40.88991],[-73.82337,40.89098],[-73.82285,40.89122],[-73.81941,40.89027]]]]}},{"type":"Feature","properties":{"id":50},"geometry":{"type":"MultiPolygon","coordinates":[[[[-74.05051,40.56643],[-74.04932,40.5659],[-74.04924,40.56537],[-74.05003,40.56533],[-74.05075,40.5659],[-74.05107,40.56673],[-74.05051,40.56643]]],[[[-74.05314,40.57771],[-74.05406,40.57712],[-74.0549,40.57779],[-74.05485,40.57995],[-74.05369,40.58056],[-74.05293,40.57991],[-74.05314,40.57771]]],[[[-74.01984,40.61765],[-74.01833,40.61673],[-74.01595,40.61901],[-74.01375,40.61768],[-74.00934,40.61502],[-74.01171,40.61274],[-74.00649,40.60959],[-74.01356,40.60259],[-74.01452,40.60282],[-74.01473,40.60207],[-74.01832,40.60243],[-74.02102,40.60356],[-74.03005,40.60477],[-74.03271,40.60634],[-74.03604,40.6093],[-74.02972,40.61166],[-74.02319,40.61968],[-74.01984,40.61765]]],[[[-74.19621,40.63469],[-74.18988,40.63137],[-74.1818,40.62785],[-74.1793,40.62638],[-74.17466,40.62252],[-74.17266,40.62177],[-74.16812,40.62106],[-74.16313,40.61886],[-74.15898,40.61638],[-74.15383,40.61247],[-74.15246,40.6171],[-74.14783,40.62219],[-74.14634,40.62493],[-74.14403,40.625],[-74.13764,40.62423],[-74.13361,40.62638],[-74.1307,40.62635],[-74.12216,40.62749],[-74.12155,40.62632],[-74.12,40.62538],[-74.11828,40.62314],[-74.1186,40.62238],[-74.11967,40.62175],[-74.11787,40.61788],[-74.11462,40.61801],[-74.11415,40.61375],[-74.12256,40.61308],[-74.12139,40.60992],[-74.12699,40.60873],[-74.13212,40.60827],[-74.13204,40.60776],[-74.13398,40.60766],[-74.13343,40.60359],[-74.12799,40.60412],[-74.12823,40.60591],[-74.11579,40.60687],[-74.11673,40.61128],[-74.11376,40.61137],[-74.10878,40.61041],[-74.09615,40.61077],[-74.09252,40.61008],[-74.08518,40.60708],[-74.08219,40.60646],[-74.07384,40.60581],[-74.06269,40.60217],[-74.05935,40.60197],[-74.05359,40.60377],[-74.05303,40.60147],[-74.05342,40.60052],[-74.05223,40.59978],[-74.05287,40.59988],[-74.05448,40.59876],[-74.05964,40.59372],[-74.06215,40.59203],[-74.06503,40.589],[-74.06436,40.58828],[-74.06478,40.5885],[-74.06722,40.58674],[-74.07096,40.58319],[-74.07149,40.58218],[-74.07066,40.58163],[-74.07178,40.58188],[-74.075,40.57924],[-74.07336,40.57828],[-74.07508,40.57917],[-74.0758,40.57832],[-74.07535,40.5779],[-74.07602,40.57825],[-74.07926,40.57568],[-74.07868,40.57509],[-74.07934,40.57564],[-74.08091,40.5747],[-74.08655,40.56964],[-74.08691,40.56899],[-74.08622,40.56854],[-74.08725,40.56909],[-74.08925,40.56702],[-74.08998,40.56739],[-74.09055,40.56709],[-74.09407,40.56274],[-74.09543,40.56316],[-74.09662,40.5621],[-74.0982,40.55984],[-74.09829,40.55934],[-74.09782,40.55906],[-74.09877,40.55943],[-74.10021,40.55888],[-74.10185,40.55623],[-74.10141,40.55555],[-74.10265,40.55614],[-74.1031,40.55591],[-74.10466,40.55413],[-74.10509,40.55324],[-74.10485,40.55303],[-74.10657,40.5542],[-74.10769,40.55398],[-74.11029,40.5515],[-74.11301,40.54779],[-74.11458,40.54928],[-74.11656,40.54887],[-74.11954,40.55164],[-74.11946,40.55223],[-74.12872,40.55825],[-74.13006,40.56201],[-74.12955,40.56244],[-74.13015,40.56288],[-74.13056,40.5644],[-74.13174,40.56455],[-74.13341,40.56214],[-74.13481,40.56084],[-74.13561,40.55899],[-74.13818,40.5576],[-74.13925,40.55844],[-74.14261,40.55989],[-74.15172,40.5679],[-74.14724,40.57147],[-74.14655,40.57306],[-74.14708,40.57342],[-74.14682,40.57421],[-74.14757,40.57522],[-74.15036,40.57785],[-74.15093,40.57964],[-74.15253,40.58063],[-74.14632,40.58608],[-74.14567,40.58994],[-74.15523,40.59554],[-74.15965,40.59647],[-74.16139,40.59644],[-74.16145,40.59671],[-74.1608,40.59678],[-74.16094,40.59768],[-74.16144,40.59764],[-74.16164,40.59873],[-74.16259,40.59862],[-74.16329,40.60169],[-74.1672,40.60208],[-74.16887,40.59474],[-74.16674,40.59384],[-74.1636,40.59338],[-74.16449,40.59249],[-74.16552,40.59208],[-74.16742,40.59209],[-74.17158,40.59036],[-74.17495,40.59034],[-74.17485,40.59006],[-74.17571,40.58978],[-74.17653,40.58883],[-74.17855,40.58823],[-74.17966,40.58738],[-74.17979,40.58707],[-74.17908,40.5869],[-74.17911,40.58637],[-74.18126,40.5857],[-74.18111,40.58466],[-74.17932,40.58321],[-74.17798,40.58068],[-74.17832,40.57949],[-74.18038,40.57721],[-74.18217,40.57666],[-74.18486,40.57684],[-74.1854,40.57653],[-74.18688,40.57706],[-74.19177,40.57663],[-74.19926,40.57919],[-74.20607,40.57961],[-74.2044,40.58372],[-74.20464,40.58433],[-74.20412,40.5859],[-74.20458,40.58823],[-74.20412,40.58889],[-74.20432,40.58914],[-74.20471,40.58878],[-74.20465,40.58929],[-74.20386,40.59026],[-74.20389,40.58979],[-74.20202,40.5909],[-74.20305,40.59115],[-74.20203,40.59101],[-74.20184,40.59164],[-74.20232,40.59153],[-74.19974,40.59357],[-74.19752,40.59681],[-74.19731,40.59807],[-74.19876,40.60172],[-74.20222,40.60598],[-74.20282,40.60828],[-74.20245,40.61329],[-74.20045,40.61634],[-74.20092,40.61781],[-74.20035,40.61835],[-74.20084,40.61881],[-74.20107,40.62039],[-74.20043,40.6205],[-74.20087,40.6206],[-74.20143,40.62162],[-74.20128,40.6227],[-74.20163,40.62313],[-74.20108,40.62409],[-74.20106,40.6259],[-74.20142,40.62608],[-74.20099,40.62935],[-74.20043,40.62983],[-74.20041,40.63026],[-74.20079,40.63036],[-74.2004,40.6303],[-74.2004,40.63147],[-74.19862,40.63275],[-74.19679,40.6334],[-74.19621,40.63469]]]]}}]}