rank,company,fortune_ticker,sec_ticker,cik,cik_padded,sec_name,edgar_submissions_api,edgar_companyfacts_api,edgar_companyconcept_revenues_api,edgar_filings_browse,status,match_source
1,Amazon,AMZN,AMZN,1018724,0001018724,AMAZON COM INC,https://data.sec.gov/submissions/CIK0001018724.json,https://data.sec.gov/api/xbrl/companyfacts/CIK0001018724.json,https://data.sec.gov/api/xbrl/companyconcept/CIK0001018724/us-gaap/Revenues.json,https://www.sec.gov/cgi-bin/browse-edgar?action=getcompany&CIK=0001018724&type=&dateb=&owner=include&count=40,matched,company_tickers_json
2,Walmart,WMT,WMT,104169,0000104169,Walmart Inc.,https://data.sec.gov/submissions/CIK0000104169.json,https://data.sec.gov/api/xbrl/companyfacts/CIK0000104169.json,https://data.sec.gov/api/xbrl/companyconcept/CIK0000104169/us-gaap/Revenues.json,https://www.sec.gov/cgi-bin/browse-edgar?action=getcompany&CIK=0000104169&type=&dateb=&owner=include&count=40,matched,company_tickers_json
3,UnitedHealth,UNH,UNH,731766,0000731766,UNITEDHEALTH GROUP INC,https://data.sec.gov/submissions/CIK0000731766.json,https://data.sec.gov/api/xbrl/companyfacts/CIK0000731766.json,https://data.sec.gov/api/xbrl/companyconcept/CIK0000731766/us-gaap/Revenues.json,https://www.sec.gov/cgi-bin/browse-edgar?action=getcompany&CIK=0000731766&type=&dateb=&owner=include&count=40,matched,company_tickers_json
4,Apple,AAPL,AAPL,320193,0000320193,Apple Inc.,https://data.sec.gov/submissions/CIK0000320193.json,https://data.sec.gov/api/xbrl/companyfacts/CIK0000320193.json,https://data.sec.gov/api/xbrl/companyconcept/CIK0000320193/us-gaap/Revenues.json,https://www.sec.gov/cgi-bin/browse-edgar?action=getcompany&CIK=0000320193&type=&dateb=&owner=include&count=40,matched,company_tickers_json
5,McKesson,MCK,MCK,927653,0000927653,MCKESSON CORP,https://data.sec.gov/submissions/CIK0000927653.json,https://data.sec.gov/api/xbrl/companyfacts/CIK0000927653.json,https://data.sec.gov/api/xbrl/companyconcept/CIK0000927653/us-gaap/Revenues.json,https://www.sec.gov/cgi-bin/browse-edgar?action=getcompany&CIK=0000927653&type=&dateb=&owner=include&count=40,matched,company_tickers_json
6,Alphabet,GOOGL,GOOGL,1652044,0001652044,Alphabet Inc.,https://data.sec.gov/submissions/CIK0001652044.json,https://data.sec.gov/api/xbrl/companyfacts/CIK0001652044.json,https://data.sec.gov/api/xbrl/companyconcept/CIK0001652044/us-gaap/Revenues.json,https://www.sec.gov/cgi-bin/browse-edgar?action=getcompany&CIK=0001652044&type=&dateb=&owner=include&count=40,matched,company_tickers_json
7,CVS Health,CVS,CVS,64803,0000064803,CVS HEALTH Corp,https://data.sec.gov/submissions/CIK0000064803.json,https://data.sec.gov/api/xbrl/companyfacts/CIK0000064803.json,https://data.sec.gov/api/xbrl/companyconcept/CIK0000064803/us-gaap/Revenues.json,https://www.sec.gov/cgi-bin/browse-edgar?action=getcompany&CIK=0000064803&type=&dateb=&owner=include&count=40,matched,company_tickers_json
8,Berkshire Hathaway,BRK-A,BRK-B,1067983,0001067983,BERKSHIRE HATHAWAY INC,https://data.sec.gov/submissions/CIK0001067983.json,https://data.sec.gov/api/xbrl/companyfacts/CIK0001067983.json,https://data.sec.gov/api/xbrl/companyconcept/CIK0001067983/us-gaap/Revenues.json,https://www.sec.gov/cgi-bin/browse-edgar?action=getcompany&CIK=0001067983&type=&dateb=&owner=include&count=40,matched,company_tickers_json
9,Exxon Mobil,XOM,XOM,34088,0000034088,EXXON MOBIL CORPORATION,https://data.sec.gov/submissions/CIK0000034088.json,https://data.sec.gov/api/xbrl/companyfacts/CIK0000034088.json,https://data.sec.gov/api/xbrl/companyconcept/CIK0000034088/us-gaap/Revenues.json,https://www.sec.gov/cgi-bin/browse-edgar?action=getcompany&CIK=0000034088&type=&dateb=&owner=include&count=40,matched,manual_cik_lookup
10,Cencora,COR,COR,1140859,0001140859,"Cencora, Inc.",https://data.sec.gov/submissions/CIK0001140859.json,https://data.sec.gov/api/xbrl/companyfacts/CIK0001140859.json,https://data.sec.gov/api/xbrl/companyconcept/CIK0001140859/us-gaap/Revenues.json,https://www.sec.gov/cgi-bin/browse-edgar?action=getcompany&CIK=0001140859&type=&dateb=&owner=include&count=40,matched,company_tickers_json
11,Microsoft,MSFT,MSFT,789019,0000789019,MICROSOFT CORP,https://data.sec.gov/submissions/CIK0000789019.json,https://data.sec.gov/api/xbrl/companyfacts/CIK0000789019.json,https://data.sec.gov/api/xbrl/companyconcept/CIK0000789019/us-gaap/Revenues.json,https://www.sec.gov/cgi-bin/browse-edgar?action=getcompany&CIK=0000789019&type=&dateb=&owner=include&count=40,matched,company_tickers_json
12,Costco,COST,COST,909832,0000909832,COSTCO WHOLESALE CORP /NEW,https://data.sec.gov/submissions/CIK0000909832.json,https://data.sec.gov/api/xbrl/companyfacts/CIK0000909832.json,https://data.sec.gov/api/xbrl/companyconcept/CIK0000909832/us-gaap/Revenues.json,https://www.sec.gov/cgi-bin/browse-edgar?action=getcompany&CIK=0000909832&type=&dateb=&owner=include&count=40,matched,company_tickers_json
13,Cigna,CI,CI,1739940,0001739940,Cigna Group,https://data.sec.gov/submissions/CIK0001739940.json,https://data.sec.gov/api/xbrl/companyfacts/CIK0001739940.json,https://data.sec.gov/api/xbrl/companyconcept/CIK0001739940/us-gaap/Revenues.json,https://www.sec.gov/cgi-bin/browse-edgar?action=getcompany&CIK=0001739940&type=&dateb=&owner=include&count=40,matched,company_tickers_json
14,Cardinal Health,CAH,CAH,721371,0000721371,CARDINAL HEALTH INC,https://data.sec.gov/submissions/CIK0000721371.json,https://data.sec.gov/api/xbrl/companyfacts/CIK0000721371.json,https://data.sec.gov/api/xbrl/companyconcept/CIK0000721371/us-gaap/Revenues.json,https://www.sec.gov/cgi-bin/browse-edgar?action=getcompany&CIK=0000721371&type=&dateb=&owner=include&count=40,matched,company_tickers_json
15,Nvidia,NVDA,NVDA,1045810,0001045810,NVIDIA CORP,https://data.sec.gov/submissions/CIK0001045810.json,https://data.sec.gov/api/xbrl/companyfacts/CIK0001045810.json,https://data.sec.gov/api/xbrl/companyconcept/CIK0001045810/us-gaap/Revenues.json,https://www.sec.gov/cgi-bin/browse-edgar?action=getcompany&CIK=0001045810&type=&dateb=&owner=include&count=40,matched,company_tickers_json
16,Meta,META,META,1326801,0001326801,"Meta Platforms, Inc.",https://data.sec.gov/submissions/CIK0001326801.json,https://data.sec.gov/api/xbrl/companyfacts/CIK0001326801.json,https://data.sec.gov/api/xbrl/companyconcept/CIK0001326801/us-gaap/Revenues.json,https://www.sec.gov/cgi-bin/browse-edgar?action=getcompany&CIK=0001326801&type=&dateb=&owner=include&count=40,matched,company_tickers_json
17,Elevance Health,ELV,ELV,1156039,0001156039,"Elevance Health, Inc.",https://data.sec.gov/submissions/CIK0001156039.json,https://data.sec.gov/api/xbrl/companyfacts/CIK0001156039.json,https://data.sec.gov/api/xbrl/companyconcept/CIK0001156039/us-gaap/Revenues.json,https://www.sec.gov/cgi-bin/browse-edgar?action=getcompany&CIK=0001156039&type=&dateb=&owner=include&count=40,matched,company_tickers_json
18,Centene,CNC,CNC,1071739,0001071739,CENTENE CORP,https://data.sec.gov/submissions/CIK0001071739.json,https://data.sec.gov/api/xbrl/companyfacts/CIK0001071739.json,https://data.sec.gov/api/xbrl/companyconcept/CIK0001071739/us-gaap/Revenues.json,https://www.sec.gov/cgi-bin/browse-edgar?action=getcompany&CIK=0001071739&type=&dateb=&owner=include&count=40,matched,company_tickers_json
19,Chevron,CVX,CVX,93410,0000093410,CHEVRON CORP,https://data.sec.gov/submissions/CIK0000093410.json,https://data.sec.gov/api/xbrl/companyfacts/CIK0000093410.json,https://data.sec.gov/api/xbrl/companyconcept/CIK0000093410/us-gaap/Revenues.json,https://www.sec.gov/cgi-bin/browse-edgar?action=getcompany&CIK=0000093410&type=&dateb=&owner=include&count=40,matched,company_tickers_json
20,Ford Motor,F,F,37996,0000037996,FORD MOTOR CO,https://data.sec.gov/submissions/CIK0000037996.json,https://data.sec.gov/api/xbrl/companyfacts/CIK0000037996.json,https://data.sec.gov/api/xbrl/companyconcept/CIK0000037996/us-gaap/Revenues.json,https://www.sec.gov/cgi-bin/browse-edgar?action=getcompany&CIK=0000037996&type=&dateb=&owner=include&count=40,matched,company_tickers_json
21,General Motors,GM,GM,1467858,0001467858,General Motors Co,https://data.sec.gov/submissions/CIK0001467858.json,https://data.sec.gov/api/xbrl/companyfacts/CIK0001467858.json,https://data.sec.gov/api/xbrl/companyconcept/CIK0001467858/us-gaap/Revenues.json,https://www.sec.gov/cgi-bin/browse-edgar?action=getcompany&CIK=0001467858&type=&dateb=&owner=include&count=40,matched,company_tickers_json
22,JPMorgan Chase,JPM,JPM,19617,0000019617,JPMORGAN CHASE & CO,https://data.sec.gov/submissions/CIK0000019617.json,https://data.sec.gov/api/xbrl/companyfacts/CIK0000019617.json,https://data.sec.gov/api/xbrl/companyconcept/CIK0000019617/us-gaap/Revenues.json,https://www.sec.gov/cgi-bin/browse-edgar?action=getcompany&CIK=0000019617&type=&dateb=&owner=include&count=40,matched,company_tickers_json
23,Home Depot,HD,HD,354950,0000354950,"HOME DEPOT, INC.",https://data.sec.gov/submissions/CIK0000354950.json,https://data.sec.gov/api/xbrl/companyfacts/CIK0000354950.json,https://data.sec.gov/api/xbrl/companyconcept/CIK0000354950/us-gaap/Revenues.json,https://www.sec.gov/cgi-bin/browse-edgar?action=getcompany&CIK=0000354950&type=&dateb=&owner=include&count=40,matched,company_tickers_json
24,Fannie Mae,FNMA,FNMA,310522,0000310522,FEDERAL NATIONAL MORTGAGE ASSOCIATION FANNIE MAE,https://data.sec.gov/submissions/CIK0000310522.json,https://data.sec.gov/api/xbrl/companyfacts/CIK0000310522.json,https://data.sec.gov/api/xbrl/companyconcept/CIK0000310522/us-gaap/Revenues.json,https://www.sec.gov/cgi-bin/browse-edgar?action=getcompany&CIK=0000310522&type=&dateb=&owner=include&count=40,matched,company_tickers_json
25,Walgreens,WBA,WBA,1618921,0001618921,"Walgreens Boots Alliance, Inc.",https://data.sec.gov/submissions/CIK0001618921.json,https://data.sec.gov/api/xbrl/companyfacts/CIK0001618921.json,https://data.sec.gov/api/xbrl/companyconcept/CIK0001618921/us-gaap/Revenues.json,https://www.sec.gov/cgi-bin/browse-edgar?action=getcompany&CIK=0001618921&type=&dateb=&owner=include&count=40,matched,manual_cik_lookup
26,Kroger,KR,KR,56873,0000056873,KROGER CO,https://data.sec.gov/submissions/CIK0000056873.json,https://data.sec.gov/api/xbrl/companyfacts/CIK0000056873.json,https://data.sec.gov/api/xbrl/companyconcept/CIK0000056873/us-gaap/Revenues.json,https://www.sec.gov/cgi-bin/browse-edgar?action=getcompany&CIK=0000056873&type=&dateb=&owner=include&count=40,matched,company_tickers_json
27,Verizon,VZ,VZ,732712,0000732712,VERIZON COMMUNICATIONS INC,https://data.sec.gov/submissions/CIK0000732712.json,https://data.sec.gov/api/xbrl/companyfacts/CIK0000732712.json,https://data.sec.gov/api/xbrl/companyconcept/CIK0000732712/us-gaap/Revenues.json,https://www.sec.gov/cgi-bin/browse-edgar?action=getcompany&CIK=0000732712&type=&dateb=&owner=include&count=40,matched,company_tickers_json
28,Marathon Petroleum,MPC,MPC,1510295,0001510295,Marathon Petroleum Corp,https://data.sec.gov/submissions/CIK0001510295.json,https://data.sec.gov/api/xbrl/companyfacts/CIK0001510295.json,https://data.sec.gov/api/xbrl/companyconcept/CIK0001510295/us-gaap/Revenues.json,https://www.sec.gov/cgi-bin/browse-edgar?action=getcompany&CIK=0001510295&type=&dateb=&owner=include&count=40,matched,company_tickers_json
29,StoneX,SNEX,SNEX,913760,0000913760,StoneX Group Inc.,https://data.sec.gov/submissions/CIK0000913760.json,https://data.sec.gov/api/xbrl/companyfacts/CIK0000913760.json,https://data.sec.gov/api/xbrl/companyconcept/CIK0000913760/us-gaap/Revenues.json,https://www.sec.gov/cgi-bin/browse-edgar?action=getcompany&CIK=0000913760&type=&dateb=&owner=include&count=40,matched,company_tickers_json
30,Phillips 66,PSX,PSX,1534701,0001534701,Phillips 66,https://data.sec.gov/submissions/CIK0001534701.json,https://data.sec.gov/api/xbrl/companyfacts/CIK0001534701.json,https://data.sec.gov/api/xbrl/companyconcept/CIK0001534701/us-gaap/Revenues.json,https://www.sec.gov/cgi-bin/browse-edgar?action=getcompany&CIK=0001534701&type=&dateb=&owner=include&count=40,matched,company_tickers_json
31,Humana,HUM,HUM,49071,0000049071,HUMANA INC,https://data.sec.gov/submissions/CIK0000049071.json,https://data.sec.gov/api/xbrl/companyfacts/CIK0000049071.json,https://data.sec.gov/api/xbrl/companyconcept/CIK0000049071/us-gaap/Revenues.json,https://www.sec.gov/cgi-bin/browse-edgar?action=getcompany&CIK=0000049071&type=&dateb=&owner=include&count=40,matched,company_tickers_json
32,AT&T,T,T,732717,0000732717,AT&T INC.,https://data.sec.gov/submissions/CIK0000732717.json,https://data.sec.gov/api/xbrl/companyfacts/CIK0000732717.json,https://data.sec.gov/api/xbrl/companyconcept/CIK0000732717/us-gaap/Revenues.json,https://www.sec.gov/cgi-bin/browse-edgar?action=getcompany&CIK=0000732717&type=&dateb=&owner=include&count=40,matched,company_tickers_json
33,Comcast,CMCSA,CMCSA,1166691,0001166691,COMCAST CORP,https://data.sec.gov/submissions/CIK0001166691.json,https://data.sec.gov/api/xbrl/companyfacts/CIK0001166691.json,https://data.sec.gov/api/xbrl/companyconcept/CIK0001166691/us-gaap/Revenues.json,https://www.sec.gov/cgi-bin/browse-edgar?action=getcompany&CIK=0001166691&type=&dateb=&owner=include&count=40,matched,company_tickers_json
34,State Farm,Non-public,,,,,,,,,no_ticker,
35,Valero Energy,VLO,VLO,1035002,0001035002,VALERO ENERGY CORP/TX,https://data.sec.gov/submissions/CIK0001035002.json,https://data.sec.gov/api/xbrl/companyfacts/CIK0001035002.json,https://data.sec.gov/api/xbrl/companyconcept/CIK0001035002/us-gaap/Revenues.json,https://www.sec.gov/cgi-bin/browse-edgar?action=getcompany&CIK=0001035002&type=&dateb=&owner=include&count=40,matched,company_tickers_json
36,Freddie Mac,FMCC,FMCC,1026214,0001026214,FEDERAL HOME LOAN MORTGAGE CORP,https://data.sec.gov/submissions/CIK0001026214.json,https://data.sec.gov/api/xbrl/companyfacts/CIK0001026214.json,https://data.sec.gov/api/xbrl/companyconcept/CIK0001026214/us-gaap/Revenues.json,https://www.sec.gov/cgi-bin/browse-edgar?action=getcompany&CIK=0001026214&type=&dateb=&owner=include&count=40,matched,company_tickers_json
37,Dell Technologies,DELL,DELL,1571996,0001571996,Dell Technologies Inc.,https://data.sec.gov/submissions/CIK0001571996.json,https://data.sec.gov/api/xbrl/companyfacts/CIK0001571996.json,https://data.sec.gov/api/xbrl/companyconcept/CIK0001571996/us-gaap/Revenues.json,https://www.sec.gov/cgi-bin/browse-edgar?action=getcompany&CIK=0001571996&type=&dateb=&owner=include&count=40,matched,company_tickers_json
38,Bank of America,BAC,BAC,70858,0000070858,BANK OF AMERICA CORP /DE/,https://data.sec.gov/submissions/CIK0000070858.json,https://data.sec.gov/api/xbrl/companyfacts/CIK0000070858.json,https://data.sec.gov/api/xbrl/companyconcept/CIK0000070858/us-gaap/Revenues.json,https://www.sec.gov/cgi-bin/browse-edgar?action=getcompany&CIK=0000070858&type=&dateb=&owner=include&count=40,matched,company_tickers_json
39,Target,TGT,TGT,27419,0000027419,TARGET CORP,https://data.sec.gov/submissions/CIK0000027419.json,https://data.sec.gov/api/xbrl/companyfacts/CIK0000027419.json,https://data.sec.gov/api/xbrl/companyconcept/CIK0000027419/us-gaap/Revenues.json,https://www.sec.gov/cgi-bin/browse-edgar?action=getcompany&CIK=0000027419&type=&dateb=&owner=include&count=40,matched,company_tickers_json
40,Tesla,TSLA,TSLA,1318605,0001318605,"Tesla, Inc.",https://data.sec.gov/submissions/CIK0001318605.json,https://data.sec.gov/api/xbrl/companyfacts/CIK0001318605.json,https://data.sec.gov/api/xbrl/companyconcept/CIK0001318605/us-gaap/Revenues.json,https://www.sec.gov/cgi-bin/browse-edgar?action=getcompany&CIK=0001318605&type=&dateb=&owner=include&count=40,matched,company_tickers_json
41,FedEx,FDX,FDX,1048911,0001048911,FEDEX CORP,https://data.sec.gov/submissions/CIK0001048911.json,https://data.sec.gov/api/xbrl/companyfacts/CIK0001048911.json,https://data.sec.gov/api/xbrl/companyconcept/CIK0001048911/us-gaap/Revenues.json,https://www.sec.gov/cgi-bin/browse-edgar?action=getcompany&CIK=0001048911&type=&dateb=&owner=include&count=40,matched,company_tickers_json
42,Walt Disney,DIS,DIS,1744489,0001744489,Walt Disney Co,https://data.sec.gov/submissions/CIK0001744489.json,https://data.sec.gov/api/xbrl/companyfacts/CIK0001744489.json,https://data.sec.gov/api/xbrl/companyconcept/CIK0001744489/us-gaap/Revenues.json,https://www.sec.gov/cgi-bin/browse-edgar?action=getcompany&CIK=0001744489&type=&dateb=&owner=include&count=40,matched,company_tickers_json
43,Johnson & Johnson,JNJ,JNJ,200406,0000200406,JOHNSON & JOHNSON,https://data.sec.gov/submissions/CIK0000200406.json,https://data.sec.gov/api/xbrl/companyfacts/CIK0000200406.json,https://data.sec.gov/api/xbrl/companyconcept/CIK0000200406/us-gaap/Revenues.json,https://www.sec.gov/cgi-bin/browse-edgar?action=getcompany&CIK=0000200406&type=&dateb=&owner=include&count=40,matched,company_tickers_json
44,PepsiCo,PEP,PEP,77476,0000077476,PEPSICO INC,https://data.sec.gov/submissions/CIK0000077476.json,https://data.sec.gov/api/xbrl/companyfacts/CIK0000077476.json,https://data.sec.gov/api/xbrl/companyconcept/CIK0000077476/us-gaap/Revenues.json,https://www.sec.gov/cgi-bin/browse-edgar?action=getcompany&CIK=0000077476&type=&dateb=&owner=include&count=40,matched,company_tickers_json
45,Boeing,BA,BA,12927,0000012927,BOEING CO,https://data.sec.gov/submissions/CIK0000012927.json,https://data.sec.gov/api/xbrl/companyfacts/CIK0000012927.json,https://data.sec.gov/api/xbrl/companyconcept/CIK0000012927/us-gaap/Revenues.json,https://www.sec.gov/cgi-bin/browse-edgar?action=getcompany&CIK=0000012927&type=&dateb=&owner=include&count=40,matched,company_tickers_json
46,UPS,UPS,UPS,1090727,0001090727,UNITED PARCEL SERVICE INC,https://data.sec.gov/submissions/CIK0001090727.json,https://data.sec.gov/api/xbrl/companyfacts/CIK0001090727.json,https://data.sec.gov/api/xbrl/companyconcept/CIK0001090727/us-gaap/Revenues.json,https://www.sec.gov/cgi-bin/browse-edgar?action=getcompany&CIK=0001090727&type=&dateb=&owner=include&count=40,matched,company_tickers_json
47,RTX,RTX,RTX,101829,0000101829,RTX Corp,https://data.sec.gov/submissions/CIK0000101829.json,https://data.sec.gov/api/xbrl/companyfacts/CIK0000101829.json,https://data.sec.gov/api/xbrl/companyconcept/CIK0000101829/us-gaap/Revenues.json,https://www.sec.gov/cgi-bin/browse-edgar?action=getcompany&CIK=0000101829&type=&dateb=&owner=include&count=40,matched,company_tickers_json
48,T-Mobile US,TMUS,TMUS,1283699,0001283699,"T-Mobile US, Inc.",https://data.sec.gov/submissions/CIK0001283699.json,https://data.sec.gov/api/xbrl/companyfacts/CIK0001283699.json,https://data.sec.gov/api/xbrl/companyconcept/CIK0001283699/us-gaap/Revenues.json,https://www.sec.gov/cgi-bin/browse-edgar?action=getcompany&CIK=0001283699&type=&dateb=&owner=include&count=40,matched,company_tickers_json
49,Progressive,PGR,PGR,80661,0000080661,PROGRESSIVE CORP/OH/,https://data.sec.gov/submissions/CIK0000080661.json,https://data.sec.gov/api/xbrl/companyfacts/CIK0000080661.json,https://data.sec.gov/api/xbrl/companyconcept/CIK0000080661/us-gaap/Revenues.json,https://www.sec.gov/cgi-bin/browse-edgar?action=getcompany&CIK=0000080661&type=&dateb=&owner=include&count=40,matched,company_tickers_json
50,Lowe's,LOW,LOW,60667,0000060667,LOWES COMPANIES INC,https://data.sec.gov/submissions/CIK0000060667.json,https://data.sec.gov/api/xbrl/companyfacts/CIK0000060667.json,https://data.sec.gov/api/xbrl/companyconcept/CIK0000060667/us-gaap/Revenues.json,https://www.sec.gov/cgi-bin/browse-edgar?action=getcompany&CIK=0000060667&type=&dateb=&owner=include&count=40,matched,company_tickers_json
51,Energy Transfer,ET,ET,1276187,0001276187,Energy Transfer LP,https://data.sec.gov/submissions/CIK0001276187.json,https://data.sec.gov/api/xbrl/companyfacts/CIK0001276187.json,https://data.sec.gov/api/xbrl/companyconcept/CIK0001276187/us-gaap/Revenues.json,https://www.sec.gov/cgi-bin/browse-edgar?action=getcompany&CIK=0001276187&type=&dateb=&owner=include&count=40,matched,company_tickers_json
52,Citi,C,C,831001,0000831001,CITIGROUP INC,https://data.sec.gov/submissions/CIK0000831001.json,https://data.sec.gov/api/xbrl/companyfacts/CIK0000831001.json,https://data.sec.gov/api/xbrl/companyconcept/CIK0000831001/us-gaap/Revenues.json,https://www.sec.gov/cgi-bin/browse-edgar?action=getcompany&CIK=0000831001&type=&dateb=&owner=include&count=40,matched,company_tickers_json
53,Procter & Gamble,PG,PG,80424,0000080424,PROCTER & GAMBLE Co,https://data.sec.gov/submissions/CIK0000080424.json,https://data.sec.gov/api/xbrl/companyfacts/CIK0000080424.json,https://data.sec.gov/api/xbrl/companyconcept/CIK0000080424/us-gaap/Revenues.json,https://www.sec.gov/cgi-bin/browse-edgar?action=getcompany&CIK=0000080424&type=&dateb=&owner=include&count=40,matched,company_tickers_json
54,Wells Fargo,WFC,WFC,72971,0000072971,WELLS FARGO & COMPANY/MN,https://data.sec.gov/submissions/CIK0000072971.json,https://data.sec.gov/api/xbrl/companyfacts/CIK0000072971.json,https://data.sec.gov/api/xbrl/companyconcept/CIK0000072971/us-gaap/Revenues.json,https://www.sec.gov/cgi-bin/browse-edgar?action=getcompany&CIK=0000072971&type=&dateb=&owner=include&count=40,matched,company_tickers_json
55,Albertsons,ACI,ACI,1646972,0001646972,"Albertsons Companies, Inc.",https://data.sec.gov/submissions/CIK0001646972.json,https://data.sec.gov/api/xbrl/companyfacts/CIK0001646972.json,https://data.sec.gov/api/xbrl/companyconcept/CIK0001646972/us-gaap/Revenues.json,https://www.sec.gov/cgi-bin/browse-edgar?action=getcompany&CIK=0001646972&type=&dateb=&owner=include&count=40,matched,company_tickers_json
56,Sysco,SYY,SYY,96021,0000096021,SYSCO CORP,https://data.sec.gov/submissions/CIK0000096021.json,https://data.sec.gov/api/xbrl/companyfacts/CIK0000096021.json,https://data.sec.gov/api/xbrl/companyconcept/CIK0000096021/us-gaap/Revenues.json,https://www.sec.gov/cgi-bin/browse-edgar?action=getcompany&CIK=0000096021&type=&dateb=&owner=include&count=40,matched,company_tickers_json
57,Archer Daniels Midland,ADM,ADM,7084,0000007084,Archer-Daniels-Midland Co,https://data.sec.gov/submissions/CIK0000007084.json,https://data.sec.gov/api/xbrl/companyfacts/CIK0000007084.json,https://data.sec.gov/api/xbrl/companyconcept/CIK0000007084/us-gaap/Revenues.json,https://www.sec.gov/cgi-bin/browse-edgar?action=getcompany&CIK=0000007084&type=&dateb=&owner=include&count=40,matched,company_tickers_json
58,MetLife,MET,MET,1099219,0001099219,METLIFE INC,https://data.sec.gov/submissions/CIK0001099219.json,https://data.sec.gov/api/xbrl/companyfacts/CIK0001099219.json,https://data.sec.gov/api/xbrl/companyconcept/CIK0001099219/us-gaap/Revenues.json,https://www.sec.gov/cgi-bin/browse-edgar?action=getcompany&CIK=0001099219&type=&dateb=&owner=include&count=40,matched,company_tickers_json
59,HCA Healthcare,HCA,HCA,860730,0000860730,"HCA Healthcare, Inc.",https://data.sec.gov/submissions/CIK0000860730.json,https://data.sec.gov/api/xbrl/companyfacts/CIK0000860730.json,https://data.sec.gov/api/xbrl/companyconcept/CIK0000860730/us-gaap/Revenues.json,https://www.sec.gov/cgi-bin/browse-edgar?action=getcompany&CIK=0000860730&type=&dateb=&owner=include&count=40,matched,company_tickers_json
60,Lockheed Martin,LMT,LMT,936468,0000936468,LOCKHEED MARTIN CORP,https://data.sec.gov/submissions/CIK0000936468.json,https://data.sec.gov/api/xbrl/companyfacts/CIK0000936468.json,https://data.sec.gov/api/xbrl/companyconcept/CIK0000936468/us-gaap/Revenues.json,https://www.sec.gov/cgi-bin/browse-edgar?action=getcompany&CIK=0000936468&type=&dateb=&owner=include&count=40,matched,company_tickers_json
61,American Express,AXP,AXP,4962,0000004962,AMERICAN EXPRESS CO,https://data.sec.gov/submissions/CIK0000004962.json,https://data.sec.gov/api/xbrl/companyfacts/CIK0000004962.json,https://data.sec.gov/api/xbrl/companyconcept/CIK0000004962/us-gaap/Revenues.json,https://www.sec.gov/cgi-bin/browse-edgar?action=getcompany&CIK=0000004962&type=&dateb=&owner=include&count=40,matched,company_tickers_json
62,Morgan Stanley,MS,MS,895421,0000895421,MORGAN STANLEY,https://data.sec.gov/submissions/CIK0000895421.json,https://data.sec.gov/api/xbrl/companyfacts/CIK0000895421.json,https://data.sec.gov/api/xbrl/companyconcept/CIK0000895421/us-gaap/Revenues.json,https://www.sec.gov/cgi-bin/browse-edgar?action=getcompany&CIK=0000895421&type=&dateb=&owner=include&count=40,matched,company_tickers_json
63,Bunge,BG,BG,1996862,0001996862,Bunge Global SA,https://data.sec.gov/submissions/CIK0001996862.json,https://data.sec.gov/api/xbrl/companyfacts/CIK0001996862.json,https://data.sec.gov/api/xbrl/companyconcept/CIK0001996862/us-gaap/Revenues.json,https://www.sec.gov/cgi-bin/browse-edgar?action=getcompany&CIK=0001996862&type=&dateb=&owner=include&count=40,matched,company_tickers_json
64,Accenture,ACN,ACN,1467373,0001467373,Accenture plc,https://data.sec.gov/submissions/CIK0001467373.json,https://data.sec.gov/api/xbrl/companyfacts/CIK0001467373.json,https://data.sec.gov/api/xbrl/companyconcept/CIK0001467373/us-gaap/Revenues.json,https://www.sec.gov/cgi-bin/browse-edgar?action=getcompany&CIK=0001467373&type=&dateb=&owner=include&count=40,matched,company_tickers_json
65,Allstate,ALL,ALL,899051,0000899051,ALLSTATE CORP,https://data.sec.gov/submissions/CIK0000899051.json,https://data.sec.gov/api/xbrl/companyfacts/CIK0000899051.json,https://data.sec.gov/api/xbrl/companyconcept/CIK0000899051/us-gaap/Revenues.json,https://www.sec.gov/cgi-bin/browse-edgar?action=getcompany&CIK=0000899051&type=&dateb=&owner=include&count=40,matched,company_tickers_json
66,Caterpillar,CAT,CAT,18230,0000018230,CATERPILLAR INC,https://data.sec.gov/submissions/CIK0000018230.json,https://data.sec.gov/api/xbrl/companyfacts/CIK0000018230.json,https://data.sec.gov/api/xbrl/companyconcept/CIK0000018230/us-gaap/Revenues.json,https://www.sec.gov/cgi-bin/browse-edgar?action=getcompany&CIK=0000018230&type=&dateb=&owner=include&count=40,matched,company_tickers_json
67,IBM,IBM,IBM,51143,0000051143,INTERNATIONAL BUSINESS MACHINES CORP,https://data.sec.gov/submissions/CIK0000051143.json,https://data.sec.gov/api/xbrl/companyfacts/CIK0000051143.json,https://data.sec.gov/api/xbrl/companyconcept/CIK0000051143/us-gaap/Revenues.json,https://www.sec.gov/cgi-bin/browse-edgar?action=getcompany&CIK=0000051143&type=&dateb=&owner=include&count=40,matched,company_tickers_json
68,Oracle,ORCL,ORCL,1341439,0001341439,ORACLE CORP,https://data.sec.gov/submissions/CIK0001341439.json,https://data.sec.gov/api/xbrl/companyfacts/CIK0001341439.json,https://data.sec.gov/api/xbrl/companyconcept/CIK0001341439/us-gaap/Revenues.json,https://www.sec.gov/cgi-bin/browse-edgar?action=getcompany&CIK=0001341439&type=&dateb=&owner=include&count=40,matched,company_tickers_json
69,Eli Lilly,LLY,LLY,59478,0000059478,ELI LILLY & Co,https://data.sec.gov/submissions/CIK0000059478.json,https://data.sec.gov/api/xbrl/companyfacts/CIK0000059478.json,https://data.sec.gov/api/xbrl/companyconcept/CIK0000059478/us-gaap/Revenues.json,https://www.sec.gov/cgi-bin/browse-edgar?action=getcompany&CIK=0000059478&type=&dateb=&owner=include&count=40,matched,company_tickers_json
70,Merck,MRK,MRK,310158,0000310158,"Merck & Co., Inc.",https://data.sec.gov/submissions/CIK0000310158.json,https://data.sec.gov/api/xbrl/companyfacts/CIK0000310158.json,https://data.sec.gov/api/xbrl/companyconcept/CIK0000310158/us-gaap/Revenues.json,https://www.sec.gov/cgi-bin/browse-edgar?action=getcompany&CIK=0000310158&type=&dateb=&owner=include&count=40,matched,company_tickers_json
71,Broadcom,AVGO,AVGO,1730168,0001730168,Broadcom Inc.,https://data.sec.gov/submissions/CIK0001730168.json,https://data.sec.gov/api/xbrl/companyfacts/CIK0001730168.json,https://data.sec.gov/api/xbrl/companyconcept/CIK0001730168/us-gaap/Revenues.json,https://www.sec.gov/cgi-bin/browse-edgar?action=getcompany&CIK=0001730168&type=&dateb=&owner=include&count=40,matched,company_tickers_json
72,Delta Airlines,DAL,DAL,27904,0000027904,"DELTA AIR LINES, INC.",https://data.sec.gov/submissions/CIK0000027904.json,https://data.sec.gov/api/xbrl/companyfacts/CIK0000027904.json,https://data.sec.gov/api/xbrl/companyconcept/CIK0000027904/us-gaap/Revenues.json,https://www.sec.gov/cgi-bin/browse-edgar?action=getcompany&CIK=0000027904&type=&dateb=&owner=include&count=40,matched,company_tickers_json
73,Performance Food,PFGC,PFGC,1618673,0001618673,Performance Food Group Co,https://data.sec.gov/submissions/CIK0001618673.json,https://data.sec.gov/api/xbrl/companyfacts/CIK0001618673.json,https://data.sec.gov/api/xbrl/companyconcept/CIK0001618673/us-gaap/Revenues.json,https://www.sec.gov/cgi-bin/browse-edgar?action=getcompany&CIK=0001618673&type=&dateb=&owner=include&count=40,matched,company_tickers_json
74,New York Life Insurance,Non-public,,,,,,,,,no_ticker,
75,Pfizer,PFE,PFE,78003,0000078003,PFIZER INC,https://data.sec.gov/submissions/CIK0000078003.json,https://data.sec.gov/api/xbrl/companyfacts/CIK0000078003.json,https://data.sec.gov/api/xbrl/companyconcept/CIK0000078003/us-gaap/Revenues.json,https://www.sec.gov/cgi-bin/browse-edgar?action=getcompany&CIK=0000078003&type=&dateb=&owner=include&count=40,matched,company_tickers_json
76,TD Synnex,SNX,SNX,1177394,0001177394,TD SYNNEX CORP,https://data.sec.gov/submissions/CIK0001177394.json,https://data.sec.gov/api/xbrl/companyfacts/CIK0001177394.json,https://data.sec.gov/api/xbrl/companyconcept/CIK0001177394/us-gaap/Revenues.json,https://www.sec.gov/cgi-bin/browse-edgar?action=getcompany&CIK=0001177394&type=&dateb=&owner=include&count=40,matched,company_tickers_json
77,AbbVie,ABBV,ABBV,1551152,0001551152,AbbVie Inc.,https://data.sec.gov/submissions/CIK0001551152.json,https://data.sec.gov/api/xbrl/companyfacts/CIK0001551152.json,https://data.sec.gov/api/xbrl/companyconcept/CIK0001551152/us-gaap/Revenues.json,https://www.sec.gov/cgi-bin/browse-edgar?action=getcompany&CIK=0001551152&type=&dateb=&owner=include&count=40,matched,company_tickers_json
78,Prudential Financial,PRU,PRU,1137774,0001137774,PRUDENTIAL FINANCIAL INC,https://data.sec.gov/submissions/CIK0001137774.json,https://data.sec.gov/api/xbrl/companyfacts/CIK0001137774.json,https://data.sec.gov/api/xbrl/companyconcept/CIK0001137774/us-gaap/Revenues.json,https://www.sec.gov/cgi-bin/browse-edgar?action=getcompany&CIK=0001137774&type=&dateb=&owner=include&count=40,matched,company_tickers_json
79,TJX,TJX,TJX,109198,0000109198,TJX COMPANIES INC /DE/,https://data.sec.gov/submissions/CIK0000109198.json,https://data.sec.gov/api/xbrl/companyfacts/CIK0000109198.json,https://data.sec.gov/api/xbrl/companyconcept/CIK0000109198/us-gaap/Revenues.json,https://www.sec.gov/cgi-bin/browse-edgar?action=getcompany&CIK=0000109198&type=&dateb=&owner=include&count=40,matched,company_tickers_json
80,Publix Super Markets,Non-public,,,,,,,,,no_ticker,
81,United Airlines,UAL,UAL,100517,0000100517,"United Airlines Holdings, Inc.",https://data.sec.gov/submissions/CIK0000100517.json,https://data.sec.gov/api/xbrl/companyfacts/CIK0000100517.json,https://data.sec.gov/api/xbrl/companyconcept/CIK0000100517/us-gaap/Revenues.json,https://www.sec.gov/cgi-bin/browse-edgar?action=getcompany&CIK=0000100517&type=&dateb=&owner=include&count=40,matched,company_tickers_json
82,ConocoPhillips,COP,COP,1163165,0001163165,CONOCOPHILLIPS,https://data.sec.gov/submissions/CIK0001163165.json,https://data.sec.gov/api/xbrl/companyfacts/CIK0001163165.json,https://data.sec.gov/api/xbrl/companyconcept/CIK0001163165/us-gaap/Revenues.json,https://www.sec.gov/cgi-bin/browse-edgar?action=getcompany&CIK=0001163165&type=&dateb=&owner=include&count=40,matched,company_tickers_json
83,Nationwide,Non-public,,,,,,,,,no_ticker,
84,Goldman Sachs,GS,GS,886982,0000886982,GOLDMAN SACHS GROUP INC,https://data.sec.gov/submissions/CIK0000886982.json,https://data.sec.gov/api/xbrl/companyfacts/CIK0000886982.json,https://data.sec.gov/api/xbrl/companyconcept/CIK0000886982/us-gaap/Revenues.json,https://www.sec.gov/cgi-bin/browse-edgar?action=getcompany&CIK=0000886982&type=&dateb=&owner=include&count=40,matched,company_tickers_json
85,Cisco Systems,CSCO,CSCO,858877,0000858877,"CISCO SYSTEMS, INC.",https://data.sec.gov/submissions/CIK0000858877.json,https://data.sec.gov/api/xbrl/companyfacts/CIK0000858877.json,https://data.sec.gov/api/xbrl/companyconcept/CIK0000858877/us-gaap/Revenues.json,https://www.sec.gov/cgi-bin/browse-edgar?action=getcompany&CIK=0000858877&type=&dateb=&owner=include&count=40,matched,company_tickers_json
86,HP,HPQ,HPQ,47217,0000047217,HP INC,https://data.sec.gov/submissions/CIK0000047217.json,https://data.sec.gov/api/xbrl/companyfacts/CIK0000047217.json,https://data.sec.gov/api/xbrl/companyconcept/CIK0000047217/us-gaap/Revenues.json,https://www.sec.gov/cgi-bin/browse-edgar?action=getcompany&CIK=0000047217&type=&dateb=&owner=include&count=40,matched,company_tickers_json
87,Charter Communications,CHTR,CHTR,1091667,0001091667,"CHARTER COMMUNICATIONS, INC. /MO/",https://data.sec.gov/submissions/CIK0001091667.json,https://data.sec.gov/api/xbrl/companyfacts/CIK0001091667.json,https://data.sec.gov/api/xbrl/companyconcept/CIK0001091667/us-gaap/Revenues.json,https://www.sec.gov/cgi-bin/browse-edgar?action=getcompany&CIK=0001091667&type=&dateb=&owner=include&count=40,matched,company_tickers_json
88,American Airlines,AAL,AAL,6201,0000006201,American Airlines Group Inc.,https://data.sec.gov/submissions/CIK0000006201.json,https://data.sec.gov/api/xbrl/companyfacts/CIK0000006201.json,https://data.sec.gov/api/xbrl/companyconcept/CIK0000006201/us-gaap/Revenues.json,https://www.sec.gov/cgi-bin/browse-edgar?action=getcompany&CIK=0000006201&type=&dateb=&owner=include&count=40,matched,company_tickers_json
89,Tyson Foods,TSN,TSN,100493,0000100493,"TYSON FOODS, INC.",https://data.sec.gov/submissions/CIK0000100493.json,https://data.sec.gov/api/xbrl/companyfacts/CIK0000100493.json,https://data.sec.gov/api/xbrl/companyconcept/CIK0000100493/us-gaap/Revenues.json,https://www.sec.gov/cgi-bin/browse-edgar?action=getcompany&CIK=0000100493&type=&dateb=&owner=include&count=40,matched,company_tickers_json
90,Capital One,COF,COF,927628,0000927628,CAPITAL ONE FINANCIAL CORP,https://data.sec.gov/submissions/CIK0000927628.json,https://data.sec.gov/api/xbrl/companyfacts/CIK0000927628.json,https://data.sec.gov/api/xbrl/companyconcept/CIK0000927628/us-gaap/Revenues.json,https://www.sec.gov/cgi-bin/browse-edgar?action=getcompany&CIK=0000927628&type=&dateb=&owner=include&count=40,matched,company_tickers_json
91,Intel,INTC,INTC,50863,0000050863,INTEL CORP,https://data.sec.gov/submissions/CIK0000050863.json,https://data.sec.gov/api/xbrl/companyfacts/CIK0000050863.json,https://data.sec.gov/api/xbrl/companyconcept/CIK0000050863/us-gaap/Revenues.json,https://www.sec.gov/cgi-bin/browse-edgar?action=getcompany&CIK=0000050863&type=&dateb=&owner=include&count=40,matched,company_tickers_json
92,Enterprise Products Partners,EPD,EPD,1061219,0001061219,ENTERPRISE PRODUCTS PARTNERS L.P.,https://data.sec.gov/submissions/CIK0001061219.json,https://data.sec.gov/api/xbrl/companyfacts/CIK0001061219.json,https://data.sec.gov/api/xbrl/companyconcept/CIK0001061219/us-gaap/Revenues.json,https://www.sec.gov/cgi-bin/browse-edgar?action=getcompany&CIK=0001061219&type=&dateb=&owner=include&count=40,matched,company_tickers_json
93,Ingram Micro,INGM,INGM,1897762,0001897762,Ingram Micro Holding Corp,https://data.sec.gov/submissions/CIK0001897762.json,https://data.sec.gov/api/xbrl/companyfacts/CIK0001897762.json,https://data.sec.gov/api/xbrl/companyconcept/CIK0001897762/us-gaap/Revenues.json,https://www.sec.gov/cgi-bin/browse-edgar?action=getcompany&CIK=0001897762&type=&dateb=&owner=include&count=40,matched,company_tickers_json
94,General Dynamics,GD,GD,40533,0000040533,GENERAL DYNAMICS CORP,https://data.sec.gov/submissions/CIK0000040533.json,https://data.sec.gov/api/xbrl/companyfacts/CIK0000040533.json,https://data.sec.gov/api/xbrl/companyconcept/CIK0000040533/us-gaap/Revenues.json,https://www.sec.gov/cgi-bin/browse-edgar?action=getcompany&CIK=0000040533&type=&dateb=&owner=include&count=40,matched,company_tickers_json
95,Uber,UBER,UBER,1543151,0001543151,"Uber Technologies, Inc",https://data.sec.gov/submissions/CIK0001543151.json,https://data.sec.gov/api/xbrl/companyfacts/CIK0001543151.json,https://data.sec.gov/api/xbrl/companyconcept/CIK0001543151/us-gaap/Revenues.json,https://www.sec.gov/cgi-bin/browse-edgar?action=getcompany&CIK=0001543151&type=&dateb=&owner=include&count=40,matched,company_tickers_json
96,Liberty Mutual Insurance,Non-public,,,,,,,,,no_ticker,
97,Travelers,TRV,TRV,86312,0000086312,"TRAVELERS COMPANIES, INC.",https://data.sec.gov/submissions/CIK0000086312.json,https://data.sec.gov/api/xbrl/companyfacts/CIK0000086312.json,https://data.sec.gov/api/xbrl/companyconcept/CIK0000086312/us-gaap/Revenues.json,https://www.sec.gov/cgi-bin/browse-edgar?action=getcompany&CIK=0000086312&type=&dateb=&owner=include&count=40,matched,company_tickers_json
98,USAA,Non-public,,,,,,,,,no_ticker,
99,Bristol-Myers Squibb,BMY,BMY,14272,0000014272,BRISTOL MYERS SQUIBB CO,https://data.sec.gov/submissions/CIK0000014272.json,https://data.sec.gov/api/xbrl/companyfacts/CIK0000014272.json,https://data.sec.gov/api/xbrl/companyconcept/CIK0000014272/us-gaap/Revenues.json,https://www.sec.gov/cgi-bin/browse-edgar?action=getcompany&CIK=0000014272&type=&dateb=&owner=include&count=40,matched,company_tickers_json
100,Coca-Cola,KO,KO,21344,0000021344,COCA COLA CO,https://data.sec.gov/submissions/CIK0000021344.json,https://data.sec.gov/api/xbrl/companyfacts/CIK0000021344.json,https://data.sec.gov/api/xbrl/companyconcept/CIK0000021344/us-gaap/Revenues.json,https://www.sec.gov/cgi-bin/browse-edgar?action=getcompany&CIK=0000021344&type=&dateb=&owner=include&count=40,matched,company_tickers_json
101,TIAA,Non-public,,,,,,,,,no_ticker,
102,Nike,NKE,NKE,320187,0000320187,"NIKE, Inc.",https://data.sec.gov/submissions/CIK0000320187.json,https://data.sec.gov/api/xbrl/companyfacts/CIK0000320187.json,https://data.sec.gov/api/xbrl/companyconcept/CIK0000320187/us-gaap/Revenues.json,https://www.sec.gov/cgi-bin/browse-edgar?action=getcompany&CIK=0000320187&type=&dateb=&owner=include&count=40,matched,company_tickers_json
103,General Electric,GE,GE,40545,0000040545,GENERAL ELECTRIC CO,https://data.sec.gov/submissions/CIK0000040545.json,https://data.sec.gov/api/xbrl/companyfacts/CIK0000040545.json,https://data.sec.gov/api/xbrl/companyconcept/CIK0000040545/us-gaap/Revenues.json,https://www.sec.gov/cgi-bin/browse-edgar?action=getcompany&CIK=0000040545&type=&dateb=&owner=include&count=40,matched,company_tickers_json
104,Deere,DE,DE,315189,0000315189,DEERE & CO,https://data.sec.gov/submissions/CIK0000315189.json,https://data.sec.gov/api/xbrl/companyfacts/CIK0000315189.json,https://data.sec.gov/api/xbrl/companyconcept/CIK0000315189/us-gaap/Revenues.json,https://www.sec.gov/cgi-bin/browse-edgar?action=getcompany&CIK=0000315189&type=&dateb=&owner=include&count=40,matched,company_tickers_json
105,Molina Healthcare,MOH,MOH,1179929,0001179929,"MOLINA HEALTHCARE, INC.",https://data.sec.gov/submissions/CIK0001179929.json,https://data.sec.gov/api/xbrl/companyfacts/CIK0001179929.json,https://data.sec.gov/api/xbrl/companyconcept/CIK0001179929/us-gaap/Revenues.json,https://www.sec.gov/cgi-bin/browse-edgar?action=getcompany&CIK=0001179929&type=&dateb=&owner=include&count=40,matched,company_tickers_json
106,Netflix,NFLX,NFLX,1065280,0001065280,NETFLIX INC,https://data.sec.gov/submissions/CIK0001065280.json,https://data.sec.gov/api/xbrl/companyfacts/CIK0001065280.json,https://data.sec.gov/api/xbrl/companyconcept/CIK0001065280/us-gaap/Revenues.json,https://www.sec.gov/cgi-bin/browse-edgar?action=getcompany&CIK=0001065280&type=&dateb=&owner=include&count=40,matched,company_tickers_json
107,Thermo Fisher Scientific,TMO,TMO,97745,0000097745,THERMO FISHER SCIENTIFIC INC.,https://data.sec.gov/submissions/CIK0000097745.json,https://data.sec.gov/api/xbrl/companyfacts/CIK0000097745.json,https://data.sec.gov/api/xbrl/companyconcept/CIK0000097745/us-gaap/Revenues.json,https://www.sec.gov/cgi-bin/browse-edgar?action=getcompany&CIK=0000097745&type=&dateb=&owner=include&count=40,matched,company_tickers_json
108,Abbott Laboratories,ABT,ABT,1800,0000001800,ABBOTT LABORATORIES,https://data.sec.gov/submissions/CIK0000001800.json,https://data.sec.gov/api/xbrl/companyfacts/CIK0000001800.json,https://data.sec.gov/api/xbrl/companyconcept/CIK0000001800/us-gaap/Revenues.json,https://www.sec.gov/cgi-bin/browse-edgar?action=getcompany&CIK=0000001800&type=&dateb=&owner=include&count=40,matched,company_tickers_json
109,Qualcomm,QCOM,QCOM,804328,0000804328,QUALCOMM INC/DE,https://data.sec.gov/submissions/CIK0000804328.json,https://data.sec.gov/api/xbrl/companyfacts/CIK0000804328.json,https://data.sec.gov/api/xbrl/companyconcept/CIK0000804328/us-gaap/Revenues.json,https://www.sec.gov/cgi-bin/browse-edgar?action=getcompany&CIK=0000804328&type=&dateb=&owner=include&count=40,matched,company_tickers_json
110,Plains All American Pipeline,PAA,PAA,1070423,0001070423,PLAINS ALL AMERICAN PIPELINE LP,https://data.sec.gov/submissions/CIK0001070423.json,https://data.sec.gov/api/xbrl/companyfacts/CIK0001070423.json,https://data.sec.gov/api/xbrl/companyconcept/CIK0001070423/us-gaap/Revenues.json,https://www.sec.gov/cgi-bin/browse-edgar?action=getcompany&CIK=0001070423&type=&dateb=&owner=include&count=40,matched,company_tickers_json
111,Plains GP,PAGP,PAGP,1581990,0001581990,PLAINS GP HOLDINGS LP,https://data.sec.gov/submissions/CIK0001581990.json,https://data.sec.gov/api/xbrl/companyfacts/CIK0001581990.json,https://data.sec.gov/api/xbrl/companyconcept/CIK0001581990/us-gaap/Revenues.json,https://www.sec.gov/cgi-bin/browse-edgar?action=getcompany&CIK=0001581990&type=&dateb=&owner=include&count=40,matched,company_tickers_json
112,Mass Mutual,Non-public,,,,,,,,,no_ticker,
113,Dollar General,DG,DG,29534,0000029534,DOLLAR GENERAL CORP,https://data.sec.gov/submissions/CIK0000029534.json,https://data.sec.gov/api/xbrl/companyfacts/CIK0000029534.json,https://data.sec.gov/api/xbrl/companyconcept/CIK0000029534/us-gaap/Revenues.json,https://www.sec.gov/cgi-bin/browse-edgar?action=getcompany&CIK=0000029534&type=&dateb=&owner=include&count=40,matched,company_tickers_json
114,Northrop Grumman,NOC,NOC,1133421,0001133421,NORTHROP GRUMMAN CORP /DE/,https://data.sec.gov/submissions/CIK0001133421.json,https://data.sec.gov/api/xbrl/companyfacts/CIK0001133421.json,https://data.sec.gov/api/xbrl/companyconcept/CIK0001133421/us-gaap/Revenues.json,https://www.sec.gov/cgi-bin/browse-edgar?action=getcompany&CIK=0001133421&type=&dateb=&owner=include&count=40,matched,company_tickers_json
115,Best Buy,BBY,BBY,764478,0000764478,BEST BUY CO INC,https://data.sec.gov/submissions/CIK0000764478.json,https://data.sec.gov/api/xbrl/companyfacts/CIK0000764478.json,https://data.sec.gov/api/xbrl/companyconcept/CIK0000764478/us-gaap/Revenues.json,https://www.sec.gov/cgi-bin/browse-edgar?action=getcompany&CIK=0000764478&type=&dateb=&owner=include&count=40,matched,company_tickers_json
116,Salesforce,CRM,CRM,1108524,0001108524,"Salesforce, Inc.",https://data.sec.gov/submissions/CIK0001108524.json,https://data.sec.gov/api/xbrl/companyfacts/CIK0001108524.json,https://data.sec.gov/api/xbrl/companyconcept/CIK0001108524/us-gaap/Revenues.json,https://www.sec.gov/cgi-bin/browse-edgar?action=getcompany&CIK=0001108524&type=&dateb=&owner=include&count=40,matched,company_tickers_json
117,Northwestern Mutual,Non-public,,,,,,,,,no_ticker,
118,Philip Morris,PM,PM,1413329,0001413329,Philip Morris International Inc.,https://data.sec.gov/submissions/CIK0001413329.json,https://data.sec.gov/api/xbrl/companyfacts/CIK0001413329.json,https://data.sec.gov/api/xbrl/companyconcept/CIK0001413329/us-gaap/Revenues.json,https://www.sec.gov/cgi-bin/browse-edgar?action=getcompany&CIK=0001413329&type=&dateb=&owner=include&count=40,matched,company_tickers_json
119,CBRE,CBRE,CBRE,1138118,0001138118,"CBRE GROUP, INC.",https://data.sec.gov/submissions/CIK0001138118.json,https://data.sec.gov/api/xbrl/companyfacts/CIK0001138118.json,https://data.sec.gov/api/xbrl/companyconcept/CIK0001138118/us-gaap/Revenues.json,https://www.sec.gov/cgi-bin/browse-edgar?action=getcompany&CIK=0001138118&type=&dateb=&owner=include&count=40,matched,company_tickers_json
120,Visa,V,V,1403161,0001403161,VISA INC.,https://data.sec.gov/submissions/CIK0001403161.json,https://data.sec.gov/api/xbrl/companyfacts/CIK0001403161.json,https://data.sec.gov/api/xbrl/companyconcept/CIK0001403161/us-gaap/Revenues.json,https://www.sec.gov/cgi-bin/browse-edgar?action=getcompany&CIK=0001403161&type=&dateb=&owner=include&count=40,matched,company_tickers_json
121,Dow,DOW,DOW,1751788,0001751788,DOW INC.,https://data.sec.gov/submissions/CIK0001751788.json,https://data.sec.gov/api/xbrl/companyfacts/CIK0001751788.json,https://data.sec.gov/api/xbrl/companyconcept/CIK0001751788/us-gaap/Revenues.json,https://www.sec.gov/cgi-bin/browse-edgar?action=getcompany&CIK=0001751788&type=&dateb=&owner=include&count=40,matched,company_tickers_json
122,US Foods,USFD,USFD,1665918,0001665918,US Foods Holding Corp.,https://data.sec.gov/submissions/CIK0001665918.json,https://data.sec.gov/api/xbrl/companyfacts/CIK0001665918.json,https://data.sec.gov/api/xbrl/companyconcept/CIK0001665918/us-gaap/Revenues.json,https://www.sec.gov/cgi-bin/browse-edgar?action=getcompany&CIK=0001665918&type=&dateb=&owner=include&count=40,matched,company_tickers_json
123,Mondelez,MDLZ,MDLZ,1103982,0001103982,"Mondelez International, Inc.",https://data.sec.gov/submissions/CIK0001103982.json,https://data.sec.gov/api/xbrl/companyfacts/CIK0001103982.json,https://data.sec.gov/api/xbrl/companyconcept/CIK0001103982/us-gaap/Revenues.json,https://www.sec.gov/cgi-bin/browse-edgar?action=getcompany&CIK=0001103982&type=&dateb=&owner=include&count=40,matched,company_tickers_json
124,GE Vernova,GEV,GEV,1996810,0001996810,GE Vernova Inc.,https://data.sec.gov/submissions/CIK0001996810.json,https://data.sec.gov/api/xbrl/companyfacts/CIK0001996810.json,https://data.sec.gov/api/xbrl/companyconcept/CIK0001996810/us-gaap/Revenues.json,https://www.sec.gov/cgi-bin/browse-edgar?action=getcompany&CIK=0001996810&type=&dateb=&owner=include&count=40,matched,company_tickers_json
125,Lithia Motors,LAD,LAD,1023128,0001023128,LITHIA MOTORS INC,https://data.sec.gov/submissions/CIK0001023128.json,https://data.sec.gov/api/xbrl/companyfacts/CIK0001023128.json,https://data.sec.gov/api/xbrl/companyconcept/CIK0001023128/us-gaap/Revenues.json,https://www.sec.gov/cgi-bin/browse-edgar?action=getcompany&CIK=0001023128&type=&dateb=&owner=include&count=40,matched,company_tickers_json
126,Honeywell,HON,HON,773840,0000773840,HONEYWELL INTERNATIONAL INC,https://data.sec.gov/submissions/CIK0000773840.json,https://data.sec.gov/api/xbrl/companyfacts/CIK0000773840.json,https://data.sec.gov/api/xbrl/companyconcept/CIK0000773840/us-gaap/Revenues.json,https://www.sec.gov/cgi-bin/browse-edgar?action=getcompany&CIK=0000773840&type=&dateb=&owner=include&count=40,matched,company_tickers_json
127,Micron Technology,MU,MU,723125,0000723125,MICRON TECHNOLOGY INC,https://data.sec.gov/submissions/CIK0000723125.json,https://data.sec.gov/api/xbrl/companyfacts/CIK0000723125.json,https://data.sec.gov/api/xbrl/companyconcept/CIK0000723125/us-gaap/Revenues.json,https://www.sec.gov/cgi-bin/browse-edgar?action=getcompany&CIK=0000723125&type=&dateb=&owner=include&count=40,matched,company_tickers_json
128,Warner Bros. Discovery,WBD,WBD,1437107,0001437107,"Warner Bros. Discovery, Inc.",https://data.sec.gov/submissions/CIK0001437107.json,https://data.sec.gov/api/xbrl/companyfacts/CIK0001437107.json,https://data.sec.gov/api/xbrl/companyconcept/CIK0001437107/us-gaap/Revenues.json,https://www.sec.gov/cgi-bin/browse-edgar?action=getcompany&CIK=0001437107&type=&dateb=&owner=include&count=40,matched,company_tickers_json
129,Starbucks,SBUX,SBUX,829224,0000829224,STARBUCKS CORP,https://data.sec.gov/submissions/CIK0000829224.json,https://data.sec.gov/api/xbrl/companyfacts/CIK0000829224.json,https://data.sec.gov/api/xbrl/companyconcept/CIK0000829224/us-gaap/Revenues.json,https://www.sec.gov/cgi-bin/browse-edgar?action=getcompany&CIK=0000829224&type=&dateb=&owner=include&count=40,matched,company_tickers_json
130,World Kinect,WKC,WKC,789460,0000789460,WORLD KINECT CORP,https://data.sec.gov/submissions/CIK0000789460.json,https://data.sec.gov/api/xbrl/companyfacts/CIK0000789460.json,https://data.sec.gov/api/xbrl/companyconcept/CIK0000789460/us-gaap/Revenues.json,https://www.sec.gov/cgi-bin/browse-edgar?action=getcompany&CIK=0000789460&type=&dateb=&owner=include&count=40,matched,company_tickers_json
131,Amgen,AMGN,AMGN,318154,0000318154,AMGEN INC,https://data.sec.gov/submissions/CIK0000318154.json,https://data.sec.gov/api/xbrl/companyfacts/CIK0000318154.json,https://data.sec.gov/api/xbrl/companyconcept/CIK0000318154/us-gaap/Revenues.json,https://www.sec.gov/cgi-bin/browse-edgar?action=getcompany&CIK=0000318154&type=&dateb=&owner=include&count=40,matched,company_tickers_json
132,SLB,SLB,SLB,87347,0000087347,SLB LIMITED/NV,https://data.sec.gov/submissions/CIK0000087347.json,https://data.sec.gov/api/xbrl/companyfacts/CIK0000087347.json,https://data.sec.gov/api/xbrl/companyconcept/CIK0000087347/us-gaap/Revenues.json,https://www.sec.gov/cgi-bin/browse-edgar?action=getcompany&CIK=0000087347&type=&dateb=&owner=include&count=40,matched,company_tickers_json
133,CHS,CHSCP,CHSCP,823277,0000823277,CHS INC,https://data.sec.gov/submissions/CIK0000823277.json,https://data.sec.gov/api/xbrl/companyfacts/CIK0000823277.json,https://data.sec.gov/api/xbrl/companyconcept/CIK0000823277/us-gaap/Revenues.json,https://www.sec.gov/cgi-bin/browse-edgar?action=getcompany&CIK=0000823277&type=&dateb=&owner=include&count=40,matched,company_tickers_json
134,Advanced Micro Devices,AMD,AMD,2488,0000002488,ADVANCED MICRO DEVICES INC,https://data.sec.gov/submissions/CIK0000002488.json,https://data.sec.gov/api/xbrl/companyfacts/CIK0000002488.json,https://data.sec.gov/api/xbrl/companyconcept/CIK0000002488/us-gaap/Revenues.json,https://www.sec.gov/cgi-bin/browse-edgar?action=getcompany&CIK=0000002488&type=&dateb=&owner=include&count=40,matched,company_tickers_json
135,Coupang,CPNG,CPNG,1834584,0001834584,"Coupang, Inc.",https://data.sec.gov/submissions/CIK0001834584.json,https://data.sec.gov/api/xbrl/companyfacts/CIK0001834584.json,https://data.sec.gov/api/xbrl/companyconcept/CIK0001834584/us-gaap/Revenues.json,https://www.sec.gov/cgi-bin/browse-edgar?action=getcompany&CIK=0001834584&type=&dateb=&owner=include&count=40,matched,company_tickers_json
136,Hewlett Packard,HPE,HPE,1645590,0001645590,Hewlett Packard Enterprise Co,https://data.sec.gov/submissions/CIK0001645590.json,https://data.sec.gov/api/xbrl/companyfacts/CIK0001645590.json,https://data.sec.gov/api/xbrl/companyconcept/CIK0001645590/us-gaap/Revenues.json,https://www.sec.gov/cgi-bin/browse-edgar?action=getcompany&CIK=0001645590&type=&dateb=&owner=include&count=40,matched,company_tickers_json
137,D.R. Horton,DHI,DHI,882184,0000882184,HORTON D R INC /DE/,https://data.sec.gov/submissions/CIK0000882184.json,https://data.sec.gov/api/xbrl/companyfacts/CIK0000882184.json,https://data.sec.gov/api/xbrl/companyconcept/CIK0000882184/us-gaap/Revenues.json,https://www.sec.gov/cgi-bin/browse-edgar?action=getcompany&CIK=0000882184&type=&dateb=&owner=include&count=40,matched,company_tickers_json
138,Lennar,LEN,LEN,920760,0000920760,LENNAR CORP /NEW/,https://data.sec.gov/submissions/CIK0000920760.json,https://data.sec.gov/api/xbrl/companyfacts/CIK0000920760.json,https://data.sec.gov/api/xbrl/companyconcept/CIK0000920760/us-gaap/Revenues.json,https://www.sec.gov/cgi-bin/browse-edgar?action=getcompany&CIK=0000920760&type=&dateb=&owner=include&count=40,matched,company_tickers_json
139,Cummins,CMI,CMI,26172,0000026172,CUMMINS INC,https://data.sec.gov/submissions/CIK0000026172.json,https://data.sec.gov/api/xbrl/companyfacts/CIK0000026172.json,https://data.sec.gov/api/xbrl/companyconcept/CIK0000026172/us-gaap/Revenues.json,https://www.sec.gov/cgi-bin/browse-edgar?action=getcompany&CIK=0000026172&type=&dateb=&owner=include&count=40,matched,company_tickers_json
140,Oneok,OKE,OKE,1039684,0001039684,ONEOK INC /NEW/,https://data.sec.gov/submissions/CIK0001039684.json,https://data.sec.gov/api/xbrl/companyfacts/CIK0001039684.json,https://data.sec.gov/api/xbrl/companyconcept/CIK0001039684/us-gaap/Revenues.json,https://www.sec.gov/cgi-bin/browse-edgar?action=getcompany&CIK=0001039684&type=&dateb=&owner=include&count=40,matched,company_tickers_json
141,PayPal,PYPL,PYPL,1633917,0001633917,"PayPal Holdings, Inc.",https://data.sec.gov/submissions/CIK0001633917.json,https://data.sec.gov/api/xbrl/companyfacts/CIK0001633917.json,https://data.sec.gov/api/xbrl/companyconcept/CIK0001633917/us-gaap/Revenues.json,https://www.sec.gov/cgi-bin/browse-edgar?action=getcompany&CIK=0001633917&type=&dateb=&owner=include&count=40,matched,company_tickers_json
142,GuideWell Mutual,Non-public,,,,,,,,,no_ticker,
143,Mastercard,MA,MA,1141391,0001141391,Mastercard Inc,https://data.sec.gov/submissions/CIK0001141391.json,https://data.sec.gov/api/xbrl/companyfacts/CIK0001141391.json,https://data.sec.gov/api/xbrl/companyconcept/CIK0001141391/us-gaap/Revenues.json,https://www.sec.gov/cgi-bin/browse-edgar?action=getcompany&CIK=0001141391&type=&dateb=&owner=include&count=40,matched,company_tickers_json
144,Nucor,NUE,NUE,73309,0000073309,NUCOR CORP,https://data.sec.gov/submissions/CIK0000073309.json,https://data.sec.gov/api/xbrl/companyfacts/CIK0000073309.json,https://data.sec.gov/api/xbrl/companyconcept/CIK0000073309/us-gaap/Revenues.json,https://www.sec.gov/cgi-bin/browse-edgar?action=getcompany&CIK=0000073309&type=&dateb=&owner=include&count=40,matched,company_tickers_json
145,Duke Energy,DUK,DUK,1326160,0001326160,Duke Energy CORP,https://data.sec.gov/submissions/CIK0001326160.json,https://data.sec.gov/api/xbrl/companyfacts/CIK0001326160.json,https://data.sec.gov/api/xbrl/companyconcept/CIK0001326160/us-gaap/Revenues.json,https://www.sec.gov/cgi-bin/browse-edgar?action=getcompany&CIK=0001326160&type=&dateb=&owner=include&count=40,matched,company_tickers_json
146,Apollo Global Management,APO,APO,1858681,0001858681,"Apollo Global Management, Inc.",https://data.sec.gov/submissions/CIK0001858681.json,https://data.sec.gov/api/xbrl/companyfacts/CIK0001858681.json,https://data.sec.gov/api/xbrl/companyconcept/CIK0001858681/us-gaap/Revenues.json,https://www.sec.gov/cgi-bin/browse-edgar?action=getcompany&CIK=0001858681&type=&dateb=&owner=include&count=40,matched,company_tickers_json
147,Penske Automotive,PAG,PAG,1019849,0001019849,"PENSKE AUTOMOTIVE GROUP, INC.",https://data.sec.gov/submissions/CIK0001019849.json,https://data.sec.gov/api/xbrl/companyfacts/CIK0001019849.json,https://data.sec.gov/api/xbrl/companyconcept/CIK0001019849/us-gaap/Revenues.json,https://www.sec.gov/cgi-bin/browse-edgar?action=getcompany&CIK=0001019849&type=&dateb=&owner=include&count=40,matched,company_tickers_json
148,United Natural Foods,UNFI,UNFI,1020859,0001020859,UNITED NATURAL FOODS INC,https://data.sec.gov/submissions/CIK0001020859.json,https://data.sec.gov/api/xbrl/companyfacts/CIK0001020859.json,https://data.sec.gov/api/xbrl/companyconcept/CIK0001020859/us-gaap/Revenues.json,https://www.sec.gov/cgi-bin/browse-edgar?action=getcompany&CIK=0001020859&type=&dateb=&owner=include&count=40,matched,company_tickers_json
149,Arrow Electronics,ARW,ARW,7536,0000007536,"ARROW ELECTRONICS, INC.",https://data.sec.gov/submissions/CIK0000007536.json,https://data.sec.gov/api/xbrl/companyfacts/CIK0000007536.json,https://data.sec.gov/api/xbrl/companyconcept/CIK0000007536/us-gaap/Revenues.json,https://www.sec.gov/cgi-bin/browse-edgar?action=getcompany&CIK=0000007536&type=&dateb=&owner=include&count=40,matched,company_tickers_json
150,Ferguson,FERG,FERG,2011641,0002011641,Ferguson Enterprises Inc. /DE/,https://data.sec.gov/submissions/CIK0002011641.json,https://data.sec.gov/api/xbrl/companyfacts/CIK0002011641.json,https://data.sec.gov/api/xbrl/companyconcept/CIK0002011641/us-gaap/Revenues.json,https://www.sec.gov/cgi-bin/browse-edgar?action=getcompany&CIK=0002011641&type=&dateb=&owner=include&count=40,matched,company_tickers_json
151,NRG Energy,NRG,NRG,1013871,0001013871,"NRG ENERGY, INC.",https://data.sec.gov/submissions/CIK0001013871.json,https://data.sec.gov/api/xbrl/companyfacts/CIK0001013871.json,https://data.sec.gov/api/xbrl/companyconcept/CIK0001013871/us-gaap/Revenues.json,https://www.sec.gov/cgi-bin/browse-edgar?action=getcompany&CIK=0001013871&type=&dateb=&owner=include&count=40,matched,company_tickers_json
152,Jabil,JBL,JBL,898293,0000898293,JABIL INC,https://data.sec.gov/submissions/CIK0000898293.json,https://data.sec.gov/api/xbrl/companyfacts/CIK0000898293.json,https://data.sec.gov/api/xbrl/companyconcept/CIK0000898293/us-gaap/Revenues.json,https://www.sec.gov/cgi-bin/browse-edgar?action=getcompany&CIK=0000898293&type=&dateb=&owner=include&count=40,matched,company_tickers_json
153,Southern,SO,SO,92122,0000092122,SOUTHERN CO,https://data.sec.gov/submissions/CIK0000092122.json,https://data.sec.gov/api/xbrl/companyfacts/CIK0000092122.json,https://data.sec.gov/api/xbrl/companyconcept/CIK0000092122/us-gaap/Revenues.json,https://www.sec.gov/cgi-bin/browse-edgar?action=getcompany&CIK=0000092122&type=&dateb=&owner=include&count=40,matched,company_tickers_json
154,Gilead Sciences,GILD,GILD,882095,0000882095,"GILEAD SCIENCES, INC.",https://data.sec.gov/submissions/CIK0000882095.json,https://data.sec.gov/api/xbrl/companyfacts/CIK0000882095.json,https://data.sec.gov/api/xbrl/companyconcept/CIK0000882095/us-gaap/Revenues.json,https://www.sec.gov/cgi-bin/browse-edgar?action=getcompany&CIK=0000882095&type=&dateb=&owner=include&count=40,matched,company_tickers_json
155,PBF Energy,PBF,PBF,1534504,0001534504,PBF Energy Inc.,https://data.sec.gov/submissions/CIK0001534504.json,https://data.sec.gov/api/xbrl/companyfacts/CIK0001534504.json,https://data.sec.gov/api/xbrl/companyconcept/CIK0001534504/us-gaap/Revenues.json,https://www.sec.gov/cgi-bin/browse-edgar?action=getcompany&CIK=0001534504&type=&dateb=&owner=include&count=40,matched,company_tickers_json
156,Paramount,PSKY,PSKY,2041610,0002041610,Paramount Skydance Corp,https://data.sec.gov/submissions/CIK0002041610.json,https://data.sec.gov/api/xbrl/companyfacts/CIK0002041610.json,https://data.sec.gov/api/xbrl/companyconcept/CIK0002041610/us-gaap/Revenues.json,https://www.sec.gov/cgi-bin/browse-edgar?action=getcompany&CIK=0002041610&type=&dateb=&owner=include&count=40,matched,company_tickers_json
157,Medline,Non-public,,,,,,,,,no_ticker,
158,U.S. Bancorp,USB,USB,36104,0000036104,US BANCORP DE,https://data.sec.gov/submissions/CIK0000036104.json,https://data.sec.gov/api/xbrl/companyfacts/CIK0000036104.json,https://data.sec.gov/api/xbrl/companyconcept/CIK0000036104/us-gaap/Revenues.json,https://www.sec.gov/cgi-bin/browse-edgar?action=getcompany&CIK=0000036104&type=&dateb=&owner=include&count=40,matched,company_tickers_json
159,Quanta Services,PWR,PWR,1050915,0001050915,"QUANTA SERVICES, INC.",https://data.sec.gov/submissions/CIK0001050915.json,https://data.sec.gov/api/xbrl/companyfacts/CIK0001050915.json,https://data.sec.gov/api/xbrl/companyconcept/CIK0001050915/us-gaap/Revenues.json,https://www.sec.gov/cgi-bin/browse-edgar?action=getcompany&CIK=0001050915&type=&dateb=&owner=include&count=40,matched,company_tickers_json
160,Paccar,PCAR,PCAR,75362,0000075362,PACCAR INC,https://data.sec.gov/submissions/CIK0000075362.json,https://data.sec.gov/api/xbrl/companyfacts/CIK0000075362.json,https://data.sec.gov/api/xbrl/companyconcept/CIK0000075362/us-gaap/Revenues.json,https://www.sec.gov/cgi-bin/browse-edgar?action=getcompany&CIK=0000075362&type=&dateb=&owner=include&count=40,matched,company_tickers_json
161,Applied Materials,AMAT,AMAT,6951,0000006951,APPLIED MATERIALS INC /DE,https://data.sec.gov/submissions/CIK0000006951.json,https://data.sec.gov/api/xbrl/companyfacts/CIK0000006951.json,https://data.sec.gov/api/xbrl/companyconcept/CIK0000006951/us-gaap/Revenues.json,https://www.sec.gov/cgi-bin/browse-edgar?action=getcompany&CIK=0000006951&type=&dateb=&owner=include&count=40,matched,company_tickers_json
162,Hartford Insurance,HIG,HIG,874766,0000874766,"HARTFORD INSURANCE GROUP, INC.",https://data.sec.gov/submissions/CIK0000874766.json,https://data.sec.gov/api/xbrl/companyfacts/CIK0000874766.json,https://data.sec.gov/api/xbrl/companyconcept/CIK0000874766/us-gaap/Revenues.json,https://www.sec.gov/cgi-bin/browse-edgar?action=getcompany&CIK=0000874766&type=&dateb=&owner=include&count=40,matched,company_tickers_json
163,Southwest Airlines,LUV,LUV,92380,0000092380,SOUTHWEST AIRLINES CO,https://data.sec.gov/submissions/CIK0000092380.json,https://data.sec.gov/api/xbrl/companyfacts/CIK0000092380.json,https://data.sec.gov/api/xbrl/companyconcept/CIK0000092380/us-gaap/Revenues.json,https://www.sec.gov/cgi-bin/browse-edgar?action=getcompany&CIK=0000092380&type=&dateb=&owner=include&count=40,matched,company_tickers_json
164,Flex,FLEX,FLEX,866374,0000866374,FLEX LTD.,https://data.sec.gov/submissions/CIK0000866374.json,https://data.sec.gov/api/xbrl/companyfacts/CIK0000866374.json,https://data.sec.gov/api/xbrl/companyconcept/CIK0000866374/us-gaap/Revenues.json,https://www.sec.gov/cgi-bin/browse-edgar?action=getcompany&CIK=0000866374&type=&dateb=&owner=include&count=40,matched,company_tickers_json
165,Baker Hughes,BKR,BKR,1701605,0001701605,Baker Hughes Co,https://data.sec.gov/submissions/CIK0001701605.json,https://data.sec.gov/api/xbrl/companyfacts/CIK0001701605.json,https://data.sec.gov/api/xbrl/companyconcept/CIK0001701605/us-gaap/Revenues.json,https://www.sec.gov/cgi-bin/browse-edgar?action=getcompany&CIK=0001701605&type=&dateb=&owner=include&count=40,matched,company_tickers_json
166,AutoNation,AN,AN,350698,0000350698,"AUTONATION, INC.",https://data.sec.gov/submissions/CIK0000350698.json,https://data.sec.gov/api/xbrl/companyfacts/CIK0000350698.json,https://data.sec.gov/api/xbrl/companyconcept/CIK0000350698/us-gaap/Revenues.json,https://www.sec.gov/cgi-bin/browse-edgar?action=getcompany&CIK=0000350698&type=&dateb=&owner=include&count=40,matched,company_tickers_json
167,NextEra Energy,NEE,NEE,753308,0000753308,NEXTERA ENERGY INC,https://data.sec.gov/submissions/CIK0000753308.json,https://data.sec.gov/api/xbrl/companyfacts/CIK0000753308.json,https://data.sec.gov/api/xbrl/companyconcept/CIK0000753308/us-gaap/Revenues.json,https://www.sec.gov/cgi-bin/browse-edgar?action=getcompany&CIK=0000753308&type=&dateb=&owner=include&count=40,matched,company_tickers_json
168,Marsh & McLennan,MMC,MRSH,62709,0000062709,"MARSH & MCLENNAN COMPANIES, INC.",https://data.sec.gov/submissions/CIK0000062709.json,https://data.sec.gov/api/xbrl/companyfacts/CIK0000062709.json,https://data.sec.gov/api/xbrl/companyconcept/CIK0000062709/us-gaap/Revenues.json,https://www.sec.gov/cgi-bin/browse-edgar?action=getcompany&CIK=0000062709&type=&dateb=&owner=include&count=40,matched,company_tickers_json
169,Booking.com,BKNG,BKNG,1075531,0001075531,Booking Holdings Inc.,https://data.sec.gov/submissions/CIK0001075531.json,https://data.sec.gov/api/xbrl/companyfacts/CIK0001075531.json,https://data.sec.gov/api/xbrl/companyconcept/CIK0001075531/us-gaap/Revenues.json,https://www.sec.gov/cgi-bin/browse-edgar?action=getcompany&CIK=0001075531&type=&dateb=&owner=include&count=40,matched,company_tickers_json
170,McDonald's,MCD,MCD,63908,0000063908,MCDONALDS CORP,https://data.sec.gov/submissions/CIK0000063908.json,https://data.sec.gov/api/xbrl/companyfacts/CIK0000063908.json,https://data.sec.gov/api/xbrl/companyconcept/CIK0000063908/us-gaap/Revenues.json,https://www.sec.gov/cgi-bin/browse-edgar?action=getcompany&CIK=0000063908&type=&dateb=&owner=include&count=40,matched,company_tickers_json
171,HF Sinclair,DINO,DINO,1915657,0001915657,HF Sinclair Corp,https://data.sec.gov/submissions/CIK0001915657.json,https://data.sec.gov/api/xbrl/companyfacts/CIK0001915657.json,https://data.sec.gov/api/xbrl/companyconcept/CIK0001915657/us-gaap/Revenues.json,https://www.sec.gov/cgi-bin/browse-edgar?action=getcompany&CIK=0001915657&type=&dateb=&owner=include&count=40,matched,company_tickers_json
172,American International,AIG,AIG,5272,0000005272,"AMERICAN INTERNATIONAL GROUP, INC.",https://data.sec.gov/submissions/CIK0000005272.json,https://data.sec.gov/api/xbrl/companyfacts/CIK0000005272.json,https://data.sec.gov/api/xbrl/companyconcept/CIK0000005272/us-gaap/Revenues.json,https://www.sec.gov/cgi-bin/browse-edgar?action=getcompany&CIK=0000005272&type=&dateb=&owner=include&count=40,matched,company_tickers_json
173,Carnival,CCL,CCL,815097,0000815097,Carnival Corp Ltd.,https://data.sec.gov/submissions/CIK0000815097.json,https://data.sec.gov/api/xbrl/companyfacts/CIK0000815097.json,https://data.sec.gov/api/xbrl/companyconcept/CIK0000815097/us-gaap/Revenues.json,https://www.sec.gov/cgi-bin/browse-edgar?action=getcompany&CIK=0000815097&type=&dateb=&owner=include&count=40,matched,company_tickers_json
174,Marriott International,MAR,MAR,1048286,0001048286,MARRIOTT INTERNATIONAL INC /MD/,https://data.sec.gov/submissions/CIK0001048286.json,https://data.sec.gov/api/xbrl/companyfacts/CIK0001048286.json,https://data.sec.gov/api/xbrl/companyconcept/CIK0001048286/us-gaap/Revenues.json,https://www.sec.gov/cgi-bin/browse-edgar?action=getcompany&CIK=0001048286&type=&dateb=&owner=include&count=40,matched,company_tickers_json
175,Jones Lang LaSalle,JLL,JLL,1037976,0001037976,JONES LANG LASALLE INC,https://data.sec.gov/submissions/CIK0001037976.json,https://data.sec.gov/api/xbrl/companyfacts/CIK0001037976.json,https://data.sec.gov/api/xbrl/companyconcept/CIK0001037976/us-gaap/Revenues.json,https://www.sec.gov/cgi-bin/browse-edgar?action=getcompany&CIK=0001037976&type=&dateb=&owner=include&count=40,matched,company_tickers_json
176,Freeport-McMoRan,FCX,FCX,831259,0000831259,FREEPORT-MCMORAN INC,https://data.sec.gov/submissions/CIK0000831259.json,https://data.sec.gov/api/xbrl/companyfacts/CIK0000831259.json,https://data.sec.gov/api/xbrl/companyconcept/CIK0000831259/us-gaap/Revenues.json,https://www.sec.gov/cgi-bin/browse-edgar?action=getcompany&CIK=0000831259&type=&dateb=&owner=include&count=40,matched,company_tickers_json
177,CarMax,KMX,KMX,1170010,0001170010,CARMAX INC,https://data.sec.gov/submissions/CIK0001170010.json,https://data.sec.gov/api/xbrl/companyfacts/CIK0001170010.json,https://data.sec.gov/api/xbrl/companyconcept/CIK0001170010/us-gaap/Revenues.json,https://www.sec.gov/cgi-bin/browse-edgar?action=getcompany&CIK=0001170010&type=&dateb=&owner=include&count=40,matched,company_tickers_json
178,Constellation Energy,CEG,CEG,1868275,0001868275,Constellation Energy Corp,https://data.sec.gov/submissions/CIK0001868275.json,https://data.sec.gov/api/xbrl/companyfacts/CIK0001868275.json,https://data.sec.gov/api/xbrl/companyconcept/CIK0001868275/us-gaap/Revenues.json,https://www.sec.gov/cgi-bin/browse-edgar?action=getcompany&CIK=0001868275&type=&dateb=&owner=include&count=40,matched,company_tickers_json
179,Waste Management,WM,WM,823768,0000823768,WASTE MANAGEMENT INC,https://data.sec.gov/submissions/CIK0000823768.json,https://data.sec.gov/api/xbrl/companyfacts/CIK0000823768.json,https://data.sec.gov/api/xbrl/companyconcept/CIK0000823768/us-gaap/Revenues.json,https://www.sec.gov/cgi-bin/browse-edgar?action=getcompany&CIK=0000823768&type=&dateb=&owner=include&count=40,matched,company_tickers_json
180,Live Nation Entertainment,LYV,LYV,1335258,0001335258,"Live Nation Entertainment, Inc.",https://data.sec.gov/submissions/CIK0001335258.json,https://data.sec.gov/api/xbrl/companyfacts/CIK0001335258.json,https://data.sec.gov/api/xbrl/companyconcept/CIK0001335258/us-gaap/Revenues.json,https://www.sec.gov/cgi-bin/browse-edgar?action=getcompany&CIK=0001335258&type=&dateb=&owner=include&count=40,matched,company_tickers_json
181,Stryker,SYK,SYK,310764,0000310764,STRYKER CORP,https://data.sec.gov/submissions/CIK0000310764.json,https://data.sec.gov/api/xbrl/companyfacts/CIK0000310764.json,https://data.sec.gov/api/xbrl/companyconcept/CIK0000310764/us-gaap/Revenues.json,https://www.sec.gov/cgi-bin/browse-edgar?action=getcompany&CIK=0000310764&type=&dateb=&owner=include&count=40,matched,company_tickers_json
182,3M,MMM,MMM,66740,0000066740,3M CO,https://data.sec.gov/submissions/CIK0000066740.json,https://data.sec.gov/api/xbrl/companyfacts/CIK0000066740.json,https://data.sec.gov/api/xbrl/companyconcept/CIK0000066740/us-gaap/Revenues.json,https://www.sec.gov/cgi-bin/browse-edgar?action=getcompany&CIK=0000066740&type=&dateb=&owner=include&count=40,matched,company_tickers_json
183,Kraft Heinz,KHC,KHC,1637459,0001637459,Kraft Heinz Co,https://data.sec.gov/submissions/CIK0001637459.json,https://data.sec.gov/api/xbrl/companyfacts/CIK0001637459.json,https://data.sec.gov/api/xbrl/companyconcept/CIK0001637459/us-gaap/Revenues.json,https://www.sec.gov/cgi-bin/browse-edgar?action=getcompany&CIK=0001637459&type=&dateb=&owner=include&count=40,matched,company_tickers_json
184,PG&E,PCG,PCG,1004980,0001004980,PG&E Corp,https://data.sec.gov/submissions/CIK0001004980.json,https://data.sec.gov/api/xbrl/companyfacts/CIK0001004980.json,https://data.sec.gov/api/xbrl/companyconcept/CIK0001004980/us-gaap/Revenues.json,https://www.sec.gov/cgi-bin/browse-edgar?action=getcompany&CIK=0001004980&type=&dateb=&owner=include&count=40,matched,company_tickers_json
185,Danaher,DHR,DHR,313616,0000313616,DANAHER CORP /DE/,https://data.sec.gov/submissions/CIK0000313616.json,https://data.sec.gov/api/xbrl/companyfacts/CIK0000313616.json,https://data.sec.gov/api/xbrl/companyconcept/CIK0000313616/us-gaap/Revenues.json,https://www.sec.gov/cgi-bin/browse-edgar?action=getcompany&CIK=0000313616&type=&dateb=&owner=include&count=40,matched,company_tickers_json
186,Union Pacific,UNP,UNP,100885,0000100885,UNION PACIFIC CORP,https://data.sec.gov/submissions/CIK0000100885.json,https://data.sec.gov/api/xbrl/companyfacts/CIK0000100885.json,https://data.sec.gov/api/xbrl/companyconcept/CIK0000100885/us-gaap/Revenues.json,https://www.sec.gov/cgi-bin/browse-edgar?action=getcompany&CIK=0000100885&type=&dateb=&owner=include&count=40,matched,company_tickers_json
187,Genuine Parts,GPC,GPC,40987,0000040987,GENUINE PARTS CO,https://data.sec.gov/submissions/CIK0000040987.json,https://data.sec.gov/api/xbrl/companyfacts/CIK0000040987.json,https://data.sec.gov/api/xbrl/companyconcept/CIK0000040987/us-gaap/Revenues.json,https://www.sec.gov/cgi-bin/browse-edgar?action=getcompany&CIK=0000040987&type=&dateb=&owner=include&count=40,matched,company_tickers_json
188,Exelon,EXC,EXC,1109357,0001109357,EXELON CORP,https://data.sec.gov/submissions/CIK0001109357.json,https://data.sec.gov/api/xbrl/companyfacts/CIK0001109357.json,https://data.sec.gov/api/xbrl/companyconcept/CIK0001109357/us-gaap/Revenues.json,https://www.sec.gov/cgi-bin/browse-edgar?action=getcompany&CIK=0001109357&type=&dateb=&owner=include&count=40,matched,company_tickers_json
189,BlackRock,BLK,BLK,2012383,0002012383,"BlackRock, Inc.",https://data.sec.gov/submissions/CIK0002012383.json,https://data.sec.gov/api/xbrl/companyfacts/CIK0002012383.json,https://data.sec.gov/api/xbrl/companyconcept/CIK0002012383/us-gaap/Revenues.json,https://www.sec.gov/cgi-bin/browse-edgar?action=getcompany&CIK=0002012383&type=&dateb=&owner=include&count=40,matched,company_tickers_json
190,Block,XYZ,XYZ,1512673,0001512673,"Block, Inc.",https://data.sec.gov/submissions/CIK0001512673.json,https://data.sec.gov/api/xbrl/companyfacts/CIK0001512673.json,https://data.sec.gov/api/xbrl/companyconcept/CIK0001512673/us-gaap/Revenues.json,https://www.sec.gov/cgi-bin/browse-edgar?action=getcompany&CIK=0001512673&type=&dateb=&owner=include&count=40,matched,company_tickers_json
191,Charles Schwab,SCHW,SCHW,316709,0000316709,SCHWAB CHARLES CORP,https://data.sec.gov/submissions/CIK0000316709.json,https://data.sec.gov/api/xbrl/companyfacts/CIK0000316709.json,https://data.sec.gov/api/xbrl/companyconcept/CIK0000316709/us-gaap/Revenues.json,https://www.sec.gov/cgi-bin/browse-edgar?action=getcompany&CIK=0000316709&type=&dateb=&owner=include&count=40,matched,company_tickers_json
192,Adobe,ADBE,ADBE,796343,0000796343,ADOBE INC.,https://data.sec.gov/submissions/CIK0000796343.json,https://data.sec.gov/api/xbrl/companyfacts/CIK0000796343.json,https://data.sec.gov/api/xbrl/companyconcept/CIK0000796343/us-gaap/Revenues.json,https://www.sec.gov/cgi-bin/browse-edgar?action=getcompany&CIK=0000796343&type=&dateb=&owner=include&count=40,matched,company_tickers_json
193,Reinsurance of America,RGA,RGA,898174,0000898174,REINSURANCE GROUP OF AMERICA INC,https://data.sec.gov/submissions/CIK0000898174.json,https://data.sec.gov/api/xbrl/companyfacts/CIK0000898174.json,https://data.sec.gov/api/xbrl/companyconcept/CIK0000898174/us-gaap/Revenues.json,https://www.sec.gov/cgi-bin/browse-edgar?action=getcompany&CIK=0000898174&type=&dateb=&owner=include&count=40,matched,company_tickers_json
194,International Paper,IP,IP,51434,0000051434,INTERNATIONAL PAPER CO /NEW/,https://data.sec.gov/submissions/CIK0000051434.json,https://data.sec.gov/api/xbrl/companyfacts/CIK0000051434.json,https://data.sec.gov/api/xbrl/companyconcept/CIK0000051434/us-gaap/Revenues.json,https://www.sec.gov/cgi-bin/browse-edgar?action=getcompany&CIK=0000051434&type=&dateb=&owner=include&count=40,matched,company_tickers_json
195,Sherwin-Williams,SHW,SHW,89800,0000089800,SHERWIN WILLIAMS CO,https://data.sec.gov/submissions/CIK0000089800.json,https://data.sec.gov/api/xbrl/companyfacts/CIK0000089800.json,https://data.sec.gov/api/xbrl/companyconcept/CIK0000089800/us-gaap/Revenues.json,https://www.sec.gov/cgi-bin/browse-edgar?action=getcompany&CIK=0000089800&type=&dateb=&owner=include&count=40,matched,company_tickers_json
196,WESCO International,WCC,WCC,929008,0000929008,WESCO INTERNATIONAL INC,https://data.sec.gov/submissions/CIK0000929008.json,https://data.sec.gov/api/xbrl/companyfacts/CIK0000929008.json,https://data.sec.gov/api/xbrl/companyconcept/CIK0000929008/us-gaap/Revenues.json,https://www.sec.gov/cgi-bin/browse-edgar?action=getcompany&CIK=0000929008&type=&dateb=&owner=include&count=40,matched,company_tickers_json
197,Altria,MO,MO,764180,0000764180,"ALTRIA GROUP, INC.",https://data.sec.gov/submissions/CIK0000764180.json,https://data.sec.gov/api/xbrl/companyfacts/CIK0000764180.json,https://data.sec.gov/api/xbrl/companyconcept/CIK0000764180/us-gaap/Revenues.json,https://www.sec.gov/cgi-bin/browse-edgar?action=getcompany&CIK=0000764180&type=&dateb=&owner=include&count=40,matched,company_tickers_json
198,Lear,LEA,LEA,842162,0000842162,LEAR CORP,https://data.sec.gov/submissions/CIK0000842162.json,https://data.sec.gov/api/xbrl/companyfacts/CIK0000842162.json,https://data.sec.gov/api/xbrl/companyconcept/CIK0000842162/us-gaap/Revenues.json,https://www.sec.gov/cgi-bin/browse-edgar?action=getcompany&CIK=0000842162&type=&dateb=&owner=include&count=40,matched,company_tickers_json
199,PNC,PNC,PNC,713676,0000713676,"PNC FINANCIAL SERVICES GROUP, INC.",https://data.sec.gov/submissions/CIK0000713676.json,https://data.sec.gov/api/xbrl/companyfacts/CIK0000713676.json,https://data.sec.gov/api/xbrl/companyconcept/CIK0000713676/us-gaap/Revenues.json,https://www.sec.gov/cgi-bin/browse-edgar?action=getcompany&CIK=0000713676&type=&dateb=&owner=include&count=40,matched,company_tickers_json
200,Amphenol,APH,APH,820313,0000820313,AMPHENOL CORP /DE/,https://data.sec.gov/submissions/CIK0000820313.json,https://data.sec.gov/api/xbrl/companyfacts/CIK0000820313.json,https://data.sec.gov/api/xbrl/companyconcept/CIK0000820313/us-gaap/Revenues.json,https://www.sec.gov/cgi-bin/browse-edgar?action=getcompany&CIK=0000820313&type=&dateb=&owner=include&count=40,matched,company_tickers_json
201,Ross Stores,ROST,ROST,745732,0000745732,"ROSS STORES, INC.",https://data.sec.gov/submissions/CIK0000745732.json,https://data.sec.gov/api/xbrl/companyfacts/CIK0000745732.json,https://data.sec.gov/api/xbrl/companyconcept/CIK0000745732/us-gaap/Revenues.json,https://www.sec.gov/cgi-bin/browse-edgar?action=getcompany&CIK=0000745732&type=&dateb=&owner=include&count=40,matched,company_tickers_json
202,Newmont,NEM,NEM,1164727,0001164727,NEWMONT Corp /DE/,https://data.sec.gov/submissions/CIK0001164727.json,https://data.sec.gov/api/xbrl/companyfacts/CIK0001164727.json,https://data.sec.gov/api/xbrl/companyconcept/CIK0001164727/us-gaap/Revenues.json,https://www.sec.gov/cgi-bin/browse-edgar?action=getcompany&CIK=0001164727&type=&dateb=&owner=include&count=40,matched,company_tickers_json
203,EOG Resources,EOG,EOG,821189,0000821189,EOG RESOURCES INC,https://data.sec.gov/submissions/CIK0000821189.json,https://data.sec.gov/api/xbrl/companyfacts/CIK0000821189.json,https://data.sec.gov/api/xbrl/companyconcept/CIK0000821189/us-gaap/Revenues.json,https://www.sec.gov/cgi-bin/browse-edgar?action=getcompany&CIK=0000821189&type=&dateb=&owner=include&count=40,matched,company_tickers_json
204,Macy's,M,M,794367,0000794367,"Macy's, Inc.",https://data.sec.gov/submissions/CIK0000794367.json,https://data.sec.gov/api/xbrl/companyfacts/CIK0000794367.json,https://data.sec.gov/api/xbrl/companyconcept/CIK0000794367/us-gaap/Revenues.json,https://www.sec.gov/cgi-bin/browse-edgar?action=getcompany&CIK=0000794367&type=&dateb=&owner=include&count=40,matched,company_tickers_json
205,1 Automotive,GPI,GPI,1031203,0001031203,GROUP 1 AUTOMOTIVE INC,https://data.sec.gov/submissions/CIK0001031203.json,https://data.sec.gov/api/xbrl/companyfacts/CIK0001031203.json,https://data.sec.gov/api/xbrl/companyconcept/CIK0001031203/us-gaap/Revenues.json,https://www.sec.gov/cgi-bin/browse-edgar?action=getcompany&CIK=0001031203&type=&dateb=&owner=include&count=40,matched,company_tickers_json
206,CDW,CDW,CDW,1402057,0001402057,CDW Corp,https://data.sec.gov/submissions/CIK0001402057.json,https://data.sec.gov/api/xbrl/companyfacts/CIK0001402057.json,https://data.sec.gov/api/xbrl/companyconcept/CIK0001402057/us-gaap/Revenues.json,https://www.sec.gov/cgi-bin/browse-edgar?action=getcompany&CIK=0001402057&type=&dateb=&owner=include&count=40,matched,company_tickers_json
207,Avnet,AVT,AVT,8858,0000008858,AVNET INC,https://data.sec.gov/submissions/CIK0000008858.json,https://data.sec.gov/api/xbrl/companyfacts/CIK0000008858.json,https://data.sec.gov/api/xbrl/companyconcept/CIK0000008858/us-gaap/Revenues.json,https://www.sec.gov/cgi-bin/browse-edgar?action=getcompany&CIK=0000008858&type=&dateb=&owner=include&count=40,matched,company_tickers_json
208,Halliburton,HAL,HAL,45012,0000045012,HALLIBURTON CO,https://data.sec.gov/submissions/CIK0000045012.json,https://data.sec.gov/api/xbrl/companyfacts/CIK0000045012.json,https://data.sec.gov/api/xbrl/companyconcept/CIK0000045012/us-gaap/Revenues.json,https://www.sec.gov/cgi-bin/browse-edgar?action=getcompany&CIK=0000045012&type=&dateb=&owner=include&count=40,matched,company_tickers_json
209,Super Micro Computer,SMCI,SMCI,1375365,0001375365,"Super Micro Computer, Inc.",https://data.sec.gov/submissions/CIK0001375365.json,https://data.sec.gov/api/xbrl/companyfacts/CIK0001375365.json,https://data.sec.gov/api/xbrl/companyconcept/CIK0001375365/us-gaap/Revenues.json,https://www.sec.gov/cgi-bin/browse-edgar?action=getcompany&CIK=0001375365&type=&dateb=&owner=include&count=40,matched,company_tickers_json
210,American Electric Power,AEP,AEP,4904,0000004904,AMERICAN ELECTRIC POWER CO INC,https://data.sec.gov/submissions/CIK0000004904.json,https://data.sec.gov/api/xbrl/companyfacts/CIK0000004904.json,https://data.sec.gov/api/xbrl/companyconcept/CIK0000004904/us-gaap/Revenues.json,https://www.sec.gov/cgi-bin/browse-edgar?action=getcompany&CIK=0000004904&type=&dateb=&owner=include&count=40,matched,manual_cik_lookup
211,Becton Dickinson,BDX,BDX,10795,0000010795,BECTON DICKINSON & CO,https://data.sec.gov/submissions/CIK0000010795.json,https://data.sec.gov/api/xbrl/companyfacts/CIK0000010795.json,https://data.sec.gov/api/xbrl/companyconcept/CIK0000010795/us-gaap/Revenues.json,https://www.sec.gov/cgi-bin/browse-edgar?action=getcompany&CIK=0000010795&type=&dateb=&owner=include&count=40,matched,company_tickers_json
212,Carrier Global,CARR,CARR,1783180,0001783180,CARRIER GLOBAL Corp,https://data.sec.gov/submissions/CIK0001783180.json,https://data.sec.gov/api/xbrl/companyfacts/CIK0001783180.json,https://data.sec.gov/api/xbrl/companyconcept/CIK0001783180/us-gaap/Revenues.json,https://www.sec.gov/cgi-bin/browse-edgar?action=getcompany&CIK=0001783180&type=&dateb=&owner=include&count=40,matched,company_tickers_json
213,Occidental Petroleum,OXY,OXY,797468,0000797468,OCCIDENTAL PETROLEUM CORP /DE/,https://data.sec.gov/submissions/CIK0000797468.json,https://data.sec.gov/api/xbrl/companyfacts/CIK0000797468.json,https://data.sec.gov/api/xbrl/companyconcept/CIK0000797468/us-gaap/Revenues.json,https://www.sec.gov/cgi-bin/browse-edgar?action=getcompany&CIK=0000797468&type=&dateb=&owner=include&count=40,matched,company_tickers_json
214,BJ's Wholesale Club,BJ,BJ,1531152,0001531152,"BJ's Wholesale Club Holdings, Inc.",https://data.sec.gov/submissions/CIK0001531152.json,https://data.sec.gov/api/xbrl/companyfacts/CIK0001531152.json,https://data.sec.gov/api/xbrl/companyconcept/CIK0001531152/us-gaap/Revenues.json,https://www.sec.gov/cgi-bin/browse-edgar?action=getcompany&CIK=0001531152&type=&dateb=&owner=include&count=40,matched,company_tickers_json
215,American Family Insurance,Non-public,,,,,,,,,no_ticker,
216,L3Harris Technologies,LHX,LHX,202058,0000202058,"L3HARRIS TECHNOLOGIES, INC. /DE/",https://data.sec.gov/submissions/CIK0000202058.json,https://data.sec.gov/api/xbrl/companyfacts/CIK0000202058.json,https://data.sec.gov/api/xbrl/companyconcept/CIK0000202058/us-gaap/Revenues.json,https://www.sec.gov/cgi-bin/browse-edgar?action=getcompany&CIK=0000202058&type=&dateb=&owner=include&count=40,matched,company_tickers_json
217,Tenet Healthcare,THC,THC,70318,0000070318,TENET HEALTHCARE CORP,https://data.sec.gov/submissions/CIK0000070318.json,https://data.sec.gov/api/xbrl/companyfacts/CIK0000070318.json,https://data.sec.gov/api/xbrl/companyconcept/CIK0000070318/us-gaap/Revenues.json,https://www.sec.gov/cgi-bin/browse-edgar?action=getcompany&CIK=0000070318&type=&dateb=&owner=include&count=40,matched,company_tickers_json
218,Fiserv,FI,FISV,798354,0000798354,FISERV INC,https://data.sec.gov/submissions/CIK0000798354.json,https://data.sec.gov/api/xbrl/companyfacts/CIK0000798354.json,https://data.sec.gov/api/xbrl/companyconcept/CIK0000798354/us-gaap/Revenues.json,https://www.sec.gov/cgi-bin/browse-edgar?action=getcompany&CIK=0000798354&type=&dateb=&owner=include&count=40,matched,company_tickers_json
219,Cognizant Technology,CTSH,CTSH,1058290,0001058290,COGNIZANT TECHNOLOGY SOLUTIONS CORP,https://data.sec.gov/submissions/CIK0001058290.json,https://data.sec.gov/api/xbrl/companyfacts/CIK0001058290.json,https://data.sec.gov/api/xbrl/companyconcept/CIK0001058290/us-gaap/Revenues.json,https://www.sec.gov/cgi-bin/browse-edgar?action=getcompany&CIK=0001058290&type=&dateb=&owner=include&count=40,matched,company_tickers_json
220,GE HealthCare Technologies,GEHC,GEHC,1932393,0001932393,GE HealthCare Technologies Inc.,https://data.sec.gov/submissions/CIK0001932393.json,https://data.sec.gov/api/xbrl/companyfacts/CIK0001932393.json,https://data.sec.gov/api/xbrl/companyconcept/CIK0001932393/us-gaap/Revenues.json,https://www.sec.gov/cgi-bin/browse-edgar?action=getcompany&CIK=0001932393&type=&dateb=&owner=include&count=40,matched,company_tickers_json
221,Automatic Data Processing,ADP,ADP,8670,0000008670,AUTOMATIC DATA PROCESSING INC,https://data.sec.gov/submissions/CIK0000008670.json,https://data.sec.gov/api/xbrl/companyfacts/CIK0000008670.json,https://data.sec.gov/api/xbrl/companyconcept/CIK0000008670/us-gaap/Revenues.json,https://www.sec.gov/cgi-bin/browse-edgar?action=getcompany&CIK=0000008670&type=&dateb=&owner=include&count=40,matched,company_tickers_json
222,Colgate-Palmolive,CL,CL,21665,0000021665,COLGATE PALMOLIVE CO,https://data.sec.gov/submissions/CIK0000021665.json,https://data.sec.gov/api/xbrl/companyfacts/CIK0000021665.json,https://data.sec.gov/api/xbrl/companyconcept/CIK0000021665/us-gaap/Revenues.json,https://www.sec.gov/cgi-bin/browse-edgar?action=getcompany&CIK=0000021665&type=&dateb=&owner=include&count=40,matched,company_tickers_json
223,Carvana,CVNA,CVNA,1690820,0001690820,CARVANA CO.,https://data.sec.gov/submissions/CIK0001690820.json,https://data.sec.gov/api/xbrl/companyfacts/CIK0001690820.json,https://data.sec.gov/api/xbrl/companyconcept/CIK0001690820/us-gaap/Revenues.json,https://www.sec.gov/cgi-bin/browse-edgar?action=getcompany&CIK=0001690820&type=&dateb=&owner=include&count=40,matched,company_tickers_json
224,Bank of New York,BK,BNY,1390777,0001390777,Bank of New York Mellon Corp,https://data.sec.gov/submissions/CIK0001390777.json,https://data.sec.gov/api/xbrl/companyfacts/CIK0001390777.json,https://data.sec.gov/api/xbrl/companyconcept/CIK0001390777/us-gaap/Revenues.json,https://www.sec.gov/cgi-bin/browse-edgar?action=getcompany&CIK=0001390777&type=&dateb=&owner=include&count=40,matched,company_tickers_json
225,Boston Scientific,BSX,BSX,885725,0000885725,BOSTON SCIENTIFIC CORP,https://data.sec.gov/submissions/CIK0000885725.json,https://data.sec.gov/api/xbrl/companyfacts/CIK0000885725.json,https://data.sec.gov/api/xbrl/companyconcept/CIK0000885725/us-gaap/Revenues.json,https://www.sec.gov/cgi-bin/browse-edgar?action=getcompany&CIK=0000885725&type=&dateb=&owner=include&count=40,matched,company_tickers_json
226,Cheniere Energy,LNG,LNG,3570,0000003570,"Cheniere Energy, Inc.",https://data.sec.gov/submissions/CIK0000003570.json,https://data.sec.gov/api/xbrl/companyfacts/CIK0000003570.json,https://data.sec.gov/api/xbrl/companyconcept/CIK0000003570/us-gaap/Revenues.json,https://www.sec.gov/cgi-bin/browse-edgar?action=getcompany&CIK=0000003570&type=&dateb=&owner=include&count=40,matched,company_tickers_json
227,Parker-Hannifin,PH,PH,76334,0000076334,Parker-Hannifin Corp,https://data.sec.gov/submissions/CIK0000076334.json,https://data.sec.gov/api/xbrl/companyfacts/CIK0000076334.json,https://data.sec.gov/api/xbrl/companyconcept/CIK0000076334/us-gaap/Revenues.json,https://www.sec.gov/cgi-bin/browse-edgar?action=getcompany&CIK=0000076334&type=&dateb=&owner=include&count=40,matched,company_tickers_json
228,KKR,KKR,KKR,1404912,0001404912,KKR & Co. Inc.,https://data.sec.gov/submissions/CIK0001404912.json,https://data.sec.gov/api/xbrl/companyfacts/CIK0001404912.json,https://data.sec.gov/api/xbrl/companyconcept/CIK0001404912/us-gaap/Revenues.json,https://www.sec.gov/cgi-bin/browse-edgar?action=getcompany&CIK=0001404912&type=&dateb=&owner=include&count=40,matched,company_tickers_json
229,Dollar Tree,DLTR,DLTR,935703,0000935703,"DOLLAR TREE, INC.",https://data.sec.gov/submissions/CIK0000935703.json,https://data.sec.gov/api/xbrl/companyfacts/CIK0000935703.json,https://data.sec.gov/api/xbrl/companyconcept/CIK0000935703/us-gaap/Revenues.json,https://www.sec.gov/cgi-bin/browse-edgar?action=getcompany&CIK=0000935703&type=&dateb=&owner=include&count=40,matched,company_tickers_json
230,Murphy USA,MUSA,MUSA,1573516,0001573516,Murphy USA Inc.,https://data.sec.gov/submissions/CIK0001573516.json,https://data.sec.gov/api/xbrl/companyfacts/CIK0001573516.json,https://data.sec.gov/api/xbrl/companyconcept/CIK0001573516/us-gaap/Revenues.json,https://www.sec.gov/cgi-bin/browse-edgar?action=getcompany&CIK=0001573516&type=&dateb=&owner=include&count=40,matched,company_tickers_json
231,Edison International,EIX,EIX,827052,0000827052,EDISON INTERNATIONAL,https://data.sec.gov/submissions/CIK0000827052.json,https://data.sec.gov/api/xbrl/companyfacts/CIK0000827052.json,https://data.sec.gov/api/xbrl/companyconcept/CIK0000827052/us-gaap/Revenues.json,https://www.sec.gov/cgi-bin/browse-edgar?action=getcompany&CIK=0000827052&type=&dateb=&owner=include&count=40,matched,company_tickers_json
232,Republic Services,RSG,RSG,1060391,0001060391,"REPUBLIC SERVICES, INC.",https://data.sec.gov/submissions/CIK0001060391.json,https://data.sec.gov/api/xbrl/companyfacts/CIK0001060391.json,https://data.sec.gov/api/xbrl/companyconcept/CIK0001060391/us-gaap/Revenues.json,https://www.sec.gov/cgi-bin/browse-edgar?action=getcompany&CIK=0001060391&type=&dateb=&owner=include&count=40,matched,company_tickers_json
233,AutoZone,AZO,AZO,866787,0000866787,AUTOZONE INC,https://data.sec.gov/submissions/CIK0000866787.json,https://data.sec.gov/api/xbrl/companyfacts/CIK0000866787.json,https://data.sec.gov/api/xbrl/companyconcept/CIK0000866787/us-gaap/Revenues.json,https://www.sec.gov/cgi-bin/browse-edgar?action=getcompany&CIK=0000866787&type=&dateb=&owner=include&count=40,matched,company_tickers_json
234,Ameriprise Financial,AMP,AMP,820027,0000820027,AMERIPRISE FINANCIAL INC,https://data.sec.gov/submissions/CIK0000820027.json,https://data.sec.gov/api/xbrl/companyfacts/CIK0000820027.json,https://data.sec.gov/api/xbrl/companyconcept/CIK0000820027/us-gaap/Revenues.json,https://www.sec.gov/cgi-bin/browse-edgar?action=getcompany&CIK=0000820027&type=&dateb=&owner=include&count=40,matched,company_tickers_json
235,Intuit,INTU,INTU,896878,0000896878,INTUIT INC.,https://data.sec.gov/submissions/CIK0000896878.json,https://data.sec.gov/api/xbrl/companyfacts/CIK0000896878.json,https://data.sec.gov/api/xbrl/companyconcept/CIK0000896878/us-gaap/Revenues.json,https://www.sec.gov/cgi-bin/browse-edgar?action=getcompany&CIK=0000896878&type=&dateb=&owner=include&count=40,matched,company_tickers_json
236,SpaceX,SPCX,SPCX,1181412,0001181412,SPACE EXPLORATION TECHNOLOGIES CORP,https://data.sec.gov/submissions/CIK0001181412.json,https://data.sec.gov/api/xbrl/companyfacts/CIK0001181412.json,https://data.sec.gov/api/xbrl/companyconcept/CIK0001181412/us-gaap/Revenues.json,https://www.sec.gov/cgi-bin/browse-edgar?action=getcompany&CIK=0001181412&type=&dateb=&owner=include&count=40,matched,company_tickers_json
237,Cleveland-Cliffs,CLF,CLF,764065,0000764065,CLEVELAND-CLIFFS INC.,https://data.sec.gov/submissions/CIK0000764065.json,https://data.sec.gov/api/xbrl/companyfacts/CIK0000764065.json,https://data.sec.gov/api/xbrl/companyconcept/CIK0000764065/us-gaap/Revenues.json,https://www.sec.gov/cgi-bin/browse-edgar?action=getcompany&CIK=0000764065&type=&dateb=&owner=include&count=40,matched,company_tickers_json
238,Global Partners,GLP,GLP,1323468,0001323468,GLOBAL PARTNERS LP,https://data.sec.gov/submissions/CIK0001323468.json,https://data.sec.gov/api/xbrl/companyfacts/CIK0001323468.json,https://data.sec.gov/api/xbrl/companyconcept/CIK0001323468/us-gaap/Revenues.json,https://www.sec.gov/cgi-bin/browse-edgar?action=getcompany&CIK=0001323468&type=&dateb=&owner=include&count=40,matched,company_tickers_json
239,Aramark,ARMK,ARMK,1584509,0001584509,Aramark,https://data.sec.gov/submissions/CIK0001584509.json,https://data.sec.gov/api/xbrl/companyfacts/CIK0001584509.json,https://data.sec.gov/api/xbrl/companyconcept/CIK0001584509/us-gaap/Revenues.json,https://www.sec.gov/cgi-bin/browse-edgar?action=getcompany&CIK=0001584509&type=&dateb=&owner=include&count=40,matched,company_tickers_json
240,Pilgrim's Pride,PPC,PPC,802481,0000802481,PILGRIMS PRIDE CORP,https://data.sec.gov/submissions/CIK0000802481.json,https://data.sec.gov/api/xbrl/companyfacts/CIK0000802481.json,https://data.sec.gov/api/xbrl/companyconcept/CIK0000802481/us-gaap/Revenues.json,https://www.sec.gov/cgi-bin/browse-edgar?action=getcompany&CIK=0000802481&type=&dateb=&owner=include&count=40,matched,company_tickers_json
241,Corebridge Financial,CRBG,CRBG,1889539,0001889539,"Corebridge Financial, Inc.",https://data.sec.gov/submissions/CIK0001889539.json,https://data.sec.gov/api/xbrl/companyfacts/CIK0001889539.json,https://data.sec.gov/api/xbrl/companyconcept/CIK0001889539/us-gaap/Revenues.json,https://www.sec.gov/cgi-bin/browse-edgar?action=getcompany&CIK=0001889539&type=&dateb=&owner=include&count=40,matched,company_tickers_json
242,Loews,L,L,60086,0000060086,LOEWS CORP,https://data.sec.gov/submissions/CIK0000060086.json,https://data.sec.gov/api/xbrl/companyfacts/CIK0000060086.json,https://data.sec.gov/api/xbrl/companyconcept/CIK0000060086/us-gaap/Revenues.json,https://www.sec.gov/cgi-bin/browse-edgar?action=getcompany&CIK=0000060086&type=&dateb=&owner=include&count=40,matched,company_tickers_json
243,Lam Research,LRCX,LRCX,707549,0000707549,LAM RESEARCH CORP,https://data.sec.gov/submissions/CIK0000707549.json,https://data.sec.gov/api/xbrl/companyfacts/CIK0000707549.json,https://data.sec.gov/api/xbrl/companyconcept/CIK0000707549/us-gaap/Revenues.json,https://www.sec.gov/cgi-bin/browse-edgar?action=getcompany&CIK=0000707549&type=&dateb=&owner=include&count=40,matched,company_tickers_json
244,General Mills,GIS,GIS,40704,0000040704,GENERAL MILLS INC,https://data.sec.gov/submissions/CIK0000040704.json,https://data.sec.gov/api/xbrl/companyfacts/CIK0000040704.json,https://data.sec.gov/api/xbrl/companyconcept/CIK0000040704/us-gaap/Revenues.json,https://www.sec.gov/cgi-bin/browse-edgar?action=getcompany&CIK=0000040704&type=&dateb=&owner=include&count=40,matched,company_tickers_json
245,Goodyear Tire & Rubber,GT,GT,42582,0000042582,GOODYEAR TIRE & RUBBER CO /OH/,https://data.sec.gov/submissions/CIK0000042582.json,https://data.sec.gov/api/xbrl/companyfacts/CIK0000042582.json,https://data.sec.gov/api/xbrl/companyconcept/CIK0000042582/us-gaap/Revenues.json,https://www.sec.gov/cgi-bin/browse-edgar?action=getcompany&CIK=0000042582&type=&dateb=&owner=include&count=40,matched,company_tickers_json
246,Truist Financial,TFC,TFC,92230,0000092230,TRUIST FINANCIAL CORP,https://data.sec.gov/submissions/CIK0000092230.json,https://data.sec.gov/api/xbrl/companyfacts/CIK0000092230.json,https://data.sec.gov/api/xbrl/companyconcept/CIK0000092230/us-gaap/Revenues.json,https://www.sec.gov/cgi-bin/browse-edgar?action=getcompany&CIK=0000092230&type=&dateb=&owner=include&count=40,matched,company_tickers_json
247,Lincoln National,LNC,LNC,59558,0000059558,LINCOLN NATIONAL CORP,https://data.sec.gov/submissions/CIK0000059558.json,https://data.sec.gov/api/xbrl/companyfacts/CIK0000059558.json,https://data.sec.gov/api/xbrl/companyconcept/CIK0000059558/us-gaap/Revenues.json,https://www.sec.gov/cgi-bin/browse-edgar?action=getcompany&CIK=0000059558&type=&dateb=&owner=include&count=40,matched,company_tickers_json
248,Steel Dynamics,STLD,STLD,1022671,0001022671,STEEL DYNAMICS INC,https://data.sec.gov/submissions/CIK0001022671.json,https://data.sec.gov/api/xbrl/companyfacts/CIK0001022671.json,https://data.sec.gov/api/xbrl/companyconcept/CIK0001022671/us-gaap/Revenues.json,https://www.sec.gov/cgi-bin/browse-edgar?action=getcompany&CIK=0001022671&type=&dateb=&owner=include&count=40,matched,company_tickers_json
249,Emerson Electric,EMR,EMR,32604,0000032604,EMERSON ELECTRIC CO,https://data.sec.gov/submissions/CIK0000032604.json,https://data.sec.gov/api/xbrl/companyfacts/CIK0000032604.json,https://data.sec.gov/api/xbrl/companyconcept/CIK0000032604/us-gaap/Revenues.json,https://www.sec.gov/cgi-bin/browse-edgar?action=getcompany&CIK=0000032604&type=&dateb=&owner=include&count=40,matched,company_tickers_json
250,Asbury Automotive,ABG,ABG,1144980,0001144980,ASBURY AUTOMOTIVE GROUP INC,https://data.sec.gov/submissions/CIK0001144980.json,https://data.sec.gov/api/xbrl/companyfacts/CIK0001144980.json,https://data.sec.gov/api/xbrl/companyconcept/CIK0001144980/us-gaap/Revenues.json,https://www.sec.gov/cgi-bin/browse-edgar?action=getcompany&CIK=0001144980&type=&dateb=&owner=include&count=40,matched,company_tickers_json
251,Manpower,MAN,MAN,871763,0000871763,ManpowerGroup Inc.,https://data.sec.gov/submissions/CIK0000871763.json,https://data.sec.gov/api/xbrl/companyfacts/CIK0000871763.json,https://data.sec.gov/api/xbrl/companyconcept/CIK0000871763/us-gaap/Revenues.json,https://www.sec.gov/cgi-bin/browse-edgar?action=getcompany&CIK=0000871763&type=&dateb=&owner=include&count=40,matched,company_tickers_json
252,W.W. Grainger,GWW,GWW,277135,0000277135,"W.W. GRAINGER, INC.",https://data.sec.gov/submissions/CIK0000277135.json,https://data.sec.gov/api/xbrl/companyfacts/CIK0000277135.json,https://data.sec.gov/api/xbrl/companyconcept/CIK0000277135/us-gaap/Revenues.json,https://www.sec.gov/cgi-bin/browse-edgar?action=getcompany&CIK=0000277135&type=&dateb=&owner=include&count=40,matched,company_tickers_json
253,Royal Caribbean Cruises,RCL,RCL,884887,0000884887,ROYAL CARIBBEAN CRUISES LTD,https://data.sec.gov/submissions/CIK0000884887.json,https://data.sec.gov/api/xbrl/companyfacts/CIK0000884887.json,https://data.sec.gov/api/xbrl/companyconcept/CIK0000884887/us-gaap/Revenues.json,https://www.sec.gov/cgi-bin/browse-edgar?action=getcompany&CIK=0000884887&type=&dateb=&owner=include&count=40,matched,company_tickers_json
254,O'Reilly Automotive,ORLY,ORLY,898173,0000898173,O REILLY AUTOMOTIVE INC,https://data.sec.gov/submissions/CIK0000898173.json,https://data.sec.gov/api/xbrl/companyfacts/CIK0000898173.json,https://data.sec.gov/api/xbrl/companyconcept/CIK0000898173/us-gaap/Revenues.json,https://www.sec.gov/cgi-bin/browse-edgar?action=getcompany&CIK=0000898173&type=&dateb=&owner=include&count=40,matched,company_tickers_json
255,Vistra,VST,VST,1692819,0001692819,Vistra Corp.,https://data.sec.gov/submissions/CIK0001692819.json,https://data.sec.gov/api/xbrl/companyfacts/CIK0001692819.json,https://data.sec.gov/api/xbrl/companyconcept/CIK0001692819/us-gaap/Revenues.json,https://www.sec.gov/cgi-bin/browse-edgar?action=getcompany&CIK=0001692819&type=&dateb=&owner=include&count=40,matched,company_tickers_json
256,Texas Instruments,TXN,TXN,97476,0000097476,TEXAS INSTRUMENTS INC,https://data.sec.gov/submissions/CIK0000097476.json,https://data.sec.gov/api/xbrl/companyfacts/CIK0000097476.json,https://data.sec.gov/api/xbrl/companyconcept/CIK0000097476/us-gaap/Revenues.json,https://www.sec.gov/cgi-bin/browse-edgar?action=getcompany&CIK=0000097476&type=&dateb=&owner=include&count=40,matched,company_tickers_json
257,Casey's General Stores,CASY,CASY,726958,0000726958,CASEYS GENERAL STORES INC,https://data.sec.gov/submissions/CIK0000726958.json,https://data.sec.gov/api/xbrl/companyfacts/CIK0000726958.json,https://data.sec.gov/api/xbrl/companyconcept/CIK0000726958/us-gaap/Revenues.json,https://www.sec.gov/cgi-bin/browse-edgar?action=getcompany&CIK=0000726958&type=&dateb=&owner=include&count=40,matched,company_tickers_json
258,MGM Resorts International,MGM,MGM,789570,0000789570,MGM Resorts International,https://data.sec.gov/submissions/CIK0000789570.json,https://data.sec.gov/api/xbrl/companyfacts/CIK0000789570.json,https://data.sec.gov/api/xbrl/companyconcept/CIK0000789570/us-gaap/Revenues.json,https://www.sec.gov/cgi-bin/browse-edgar?action=getcompany&CIK=0000789570&type=&dateb=&owner=include&count=40,matched,company_tickers_json
259,Discover Financial,DFS,DFS,1393612,0001393612,Discover Financial Services,https://data.sec.gov/submissions/CIK0001393612.json,https://data.sec.gov/api/xbrl/companyfacts/CIK0001393612.json,https://data.sec.gov/api/xbrl/companyconcept/CIK0001393612/us-gaap/Revenues.json,https://www.sec.gov/cgi-bin/browse-edgar?action=getcompany&CIK=0001393612&type=&dateb=&owner=include&count=40,matched,manual_cik_lookup
260,Corteva,CTVA,CTVA,1755672,0001755672,"Corteva, Inc.",https://data.sec.gov/submissions/CIK0001755672.json,https://data.sec.gov/api/xbrl/companyfacts/CIK0001755672.json,https://data.sec.gov/api/xbrl/companyconcept/CIK0001755672/us-gaap/Revenues.json,https://www.sec.gov/cgi-bin/browse-edgar?action=getcompany&CIK=0001755672&type=&dateb=&owner=include&count=40,matched,company_tickers_json
261,Universal Health Services,UHS,UHS,352915,0000352915,UNIVERSAL HEALTH SERVICES INC,https://data.sec.gov/submissions/CIK0000352915.json,https://data.sec.gov/api/xbrl/companyfacts/CIK0000352915.json,https://data.sec.gov/api/xbrl/companyconcept/CIK0000352915/us-gaap/Revenues.json,https://www.sec.gov/cgi-bin/browse-edgar?action=getcompany&CIK=0000352915&type=&dateb=&owner=include&count=40,matched,company_tickers_json
262,Pulte,PHM,PHM,822416,0000822416,PULTEGROUP INC/MI/,https://data.sec.gov/submissions/CIK0000822416.json,https://data.sec.gov/api/xbrl/companyfacts/CIK0000822416.json,https://data.sec.gov/api/xbrl/companyconcept/CIK0000822416/us-gaap/Revenues.json,https://www.sec.gov/cgi-bin/browse-edgar?action=getcompany&CIK=0000822416&type=&dateb=&owner=include&count=40,matched,company_tickers_json
263,Omnicom,OMC,OMC,29989,0000029989,OMNICOM GROUP INC.,https://data.sec.gov/submissions/CIK0000029989.json,https://data.sec.gov/api/xbrl/companyfacts/CIK0000029989.json,https://data.sec.gov/api/xbrl/companyconcept/CIK0000029989/us-gaap/Revenues.json,https://www.sec.gov/cgi-bin/browse-edgar?action=getcompany&CIK=0000029989&type=&dateb=&owner=include&count=40,matched,company_tickers_json
264,Dick's Sporting Goods,DKS,DKS,1089063,0001089063,"DICK'S SPORTING GOODS, INC.",https://data.sec.gov/submissions/CIK0001089063.json,https://data.sec.gov/api/xbrl/companyfacts/CIK0001089063.json,https://data.sec.gov/api/xbrl/companyconcept/CIK0001089063/us-gaap/Revenues.json,https://www.sec.gov/cgi-bin/browse-edgar?action=getcompany&CIK=0001089063&type=&dateb=&owner=include&count=40,matched,company_tickers_json
265,Devon Energy,DVN,DVN,1090012,0001090012,DEVON ENERGY CORP/DE,https://data.sec.gov/submissions/CIK0001090012.json,https://data.sec.gov/api/xbrl/companyfacts/CIK0001090012.json,https://data.sec.gov/api/xbrl/companyconcept/CIK0001090012/us-gaap/Revenues.json,https://www.sec.gov/cgi-bin/browse-edgar?action=getcompany&CIK=0001090012&type=&dateb=&owner=include&count=40,matched,company_tickers_json
266,Leidos,LDOS,LDOS,1336920,0001336920,"Leidos Holdings, Inc.",https://data.sec.gov/submissions/CIK0001336920.json,https://data.sec.gov/api/xbrl/companyfacts/CIK0001336920.json,https://data.sec.gov/api/xbrl/companyconcept/CIK0001336920/us-gaap/Revenues.json,https://www.sec.gov/cgi-bin/browse-edgar?action=getcompany&CIK=0001336920&type=&dateb=&owner=include&count=40,matched,company_tickers_json
267,Aflac,AFL,AFL,4977,0000004977,AFLAC INC,https://data.sec.gov/submissions/CIK0000004977.json,https://data.sec.gov/api/xbrl/companyfacts/CIK0000004977.json,https://data.sec.gov/api/xbrl/companyconcept/CIK0000004977/us-gaap/Revenues.json,https://www.sec.gov/cgi-bin/browse-edgar?action=getcompany&CIK=0000004977&type=&dateb=&owner=include&count=40,matched,company_tickers_json
268,Targa Resources,TRGP,TRGP,1389170,0001389170,Targa Resources Corp.,https://data.sec.gov/submissions/CIK0001389170.json,https://data.sec.gov/api/xbrl/companyfacts/CIK0001389170.json,https://data.sec.gov/api/xbrl/companyconcept/CIK0001389170/us-gaap/Revenues.json,https://www.sec.gov/cgi-bin/browse-edgar?action=getcompany&CIK=0001389170&type=&dateb=&owner=include&count=40,matched,company_tickers_json
269,LPL Financial,LPLA,LPLA,1397911,0001397911,LPL Financial Holdings Inc.,https://data.sec.gov/submissions/CIK0001397911.json,https://data.sec.gov/api/xbrl/companyfacts/CIK0001397911.json,https://data.sec.gov/api/xbrl/companyconcept/CIK0001397911/us-gaap/Revenues.json,https://www.sec.gov/cgi-bin/browse-edgar?action=getcompany&CIK=0001397911&type=&dateb=&owner=include&count=40,matched,company_tickers_json
270,EMCOR,EME,EME,105634,0000105634,"EMCOR Group, Inc.",https://data.sec.gov/submissions/CIK0000105634.json,https://data.sec.gov/api/xbrl/companyfacts/CIK0000105634.json,https://data.sec.gov/api/xbrl/companyconcept/CIK0000105634/us-gaap/Revenues.json,https://www.sec.gov/cgi-bin/browse-edgar?action=getcompany&CIK=0000105634&type=&dateb=&owner=include&count=40,matched,company_tickers_json
271,Kinder Morgan,KMI,KMI,1506307,0001506307,"KINDER MORGAN, INC.",https://data.sec.gov/submissions/CIK0001506307.json,https://data.sec.gov/api/xbrl/companyfacts/CIK0001506307.json,https://data.sec.gov/api/xbrl/companyconcept/CIK0001506307/us-gaap/Revenues.json,https://www.sec.gov/cgi-bin/browse-edgar?action=getcompany&CIK=0001506307&type=&dateb=&owner=include&count=40,matched,company_tickers_json
272,Consolidated Edison,ED,ED,1047862,0001047862,CONSOLIDATED EDISON INC,https://data.sec.gov/submissions/CIK0001047862.json,https://data.sec.gov/api/xbrl/companyfacts/CIK0001047862.json,https://data.sec.gov/api/xbrl/companyconcept/CIK0001047862/us-gaap/Revenues.json,https://www.sec.gov/cgi-bin/browse-edgar?action=getcompany&CIK=0001047862&type=&dateb=&owner=include&count=40,matched,company_tickers_json
273,Peter Kiewit Sons',Non-public,,,,,,,,,no_ticker,
274,Keurig Dr Pepper,KDP,KDP,1418135,0001418135,Keurig Dr Pepper Inc.,https://data.sec.gov/submissions/CIK0001418135.json,https://data.sec.gov/api/xbrl/companyfacts/CIK0001418135.json,https://data.sec.gov/api/xbrl/companyconcept/CIK0001418135/us-gaap/Revenues.json,https://www.sec.gov/cgi-bin/browse-edgar?action=getcompany&CIK=0001418135&type=&dateb=&owner=include&count=40,matched,company_tickers_json
275,Dominion Energy,D,D,715957,0000715957,"DOMINION ENERGY, INC",https://data.sec.gov/submissions/CIK0000715957.json,https://data.sec.gov/api/xbrl/companyfacts/CIK0000715957.json,https://data.sec.gov/api/xbrl/companyconcept/CIK0000715957/us-gaap/Revenues.json,https://www.sec.gov/cgi-bin/browse-edgar?action=getcompany&CIK=0000715957&type=&dateb=&owner=include&count=40,matched,company_tickers_json
276,Guardian Life,Non-public,,,,,,,,,no_ticker,
277,Kimberly-Clark,KMB,KMB,55785,0000055785,KIMBERLY CLARK CORP,https://data.sec.gov/submissions/CIK0000055785.json,https://data.sec.gov/api/xbrl/companyfacts/CIK0000055785.json,https://data.sec.gov/api/xbrl/companyconcept/CIK0000055785/us-gaap/Revenues.json,https://www.sec.gov/cgi-bin/browse-edgar?action=getcompany&CIK=0000055785&type=&dateb=&owner=include&count=40,matched,company_tickers_json
278,IQVIA,IQV,IQV,1478242,0001478242,IQVIA HOLDINGS INC.,https://data.sec.gov/submissions/CIK0001478242.json,https://data.sec.gov/api/xbrl/companyfacts/CIK0001478242.json,https://data.sec.gov/api/xbrl/companyconcept/CIK0001478242/us-gaap/Revenues.json,https://www.sec.gov/cgi-bin/browse-edgar?action=getcompany&CIK=0001478242&type=&dateb=&owner=include&count=40,matched,company_tickers_json
279,Fox,FOX,FOX,1754301,0001754301,Fox Corp,https://data.sec.gov/submissions/CIK0001754301.json,https://data.sec.gov/api/xbrl/companyfacts/CIK0001754301.json,https://data.sec.gov/api/xbrl/companyconcept/CIK0001754301/us-gaap/Revenues.json,https://www.sec.gov/cgi-bin/browse-edgar?action=getcompany&CIK=0001754301&type=&dateb=&owner=include&count=40,matched,company_tickers_json
280,Edward Jones,Non-public,,,,,,,,,no_ticker,
281,C.H. Robinson Worldwide,CHRW,CHRW,1043277,0001043277,"C. H. ROBINSON WORLDWIDE, INC.",https://data.sec.gov/submissions/CIK0001043277.json,https://data.sec.gov/api/xbrl/companyfacts/CIK0001043277.json,https://data.sec.gov/api/xbrl/companyconcept/CIK0001043277/us-gaap/Revenues.json,https://www.sec.gov/cgi-bin/browse-edgar?action=getcompany&CIK=0001043277&type=&dateb=&owner=include&count=40,matched,company_tickers_json
282,Land O'Lakes,Non-public,,,,,,,,,no_ticker,
283,AECOM,ACM,ACM,868857,0000868857,AECOM,https://data.sec.gov/submissions/CIK0000868857.json,https://data.sec.gov/api/xbrl/companyfacts/CIK0000868857.json,https://data.sec.gov/api/xbrl/companyconcept/CIK0000868857/us-gaap/Revenues.json,https://www.sec.gov/cgi-bin/browse-edgar?action=getcompany&CIK=0000868857&type=&dateb=&owner=include&count=40,matched,company_tickers_json
284,United Rentals,URI,URI,1067701,0001067701,"UNITED RENTALS, INC.",https://data.sec.gov/submissions/CIK0001067701.json,https://data.sec.gov/api/xbrl/companyfacts/CIK0001067701.json,https://data.sec.gov/api/xbrl/companyconcept/CIK0001067701/us-gaap/Revenues.json,https://www.sec.gov/cgi-bin/browse-edgar?action=getcompany&CIK=0001067701&type=&dateb=&owner=include&count=40,matched,company_tickers_json
285,Ecolab,ECL,ECL,31462,0000031462,ECOLAB INC.,https://data.sec.gov/submissions/CIK0000031462.json,https://data.sec.gov/api/xbrl/companyfacts/CIK0000031462.json,https://data.sec.gov/api/xbrl/companyconcept/CIK0000031462/us-gaap/Revenues.json,https://www.sec.gov/cgi-bin/browse-edgar?action=getcompany&CIK=0000031462&type=&dateb=&owner=include&count=40,matched,company_tickers_json
286,Illinois Tool Works,ITW,ITW,49826,0000049826,ILLINOIS TOOL WORKS INC,https://data.sec.gov/submissions/CIK0000049826.json,https://data.sec.gov/api/xbrl/companyfacts/CIK0000049826.json,https://data.sec.gov/api/xbrl/companyconcept/CIK0000049826/us-gaap/Revenues.json,https://www.sec.gov/cgi-bin/browse-edgar?action=getcompany&CIK=0000049826&type=&dateb=&owner=include&count=40,matched,company_tickers_json
287,Raymond James Financial,RJF,RJF,720005,0000720005,RAYMOND JAMES FINANCIAL INC,https://data.sec.gov/submissions/CIK0000720005.json,https://data.sec.gov/api/xbrl/companyfacts/CIK0000720005.json,https://data.sec.gov/api/xbrl/companyconcept/CIK0000720005/us-gaap/Revenues.json,https://www.sec.gov/cgi-bin/browse-edgar?action=getcompany&CIK=0000720005&type=&dateb=&owner=include&count=40,matched,company_tickers_json
288,PPG Industries,PPG,PPG,79879,0000079879,PPG INDUSTRIES INC,https://data.sec.gov/submissions/CIK0000079879.json,https://data.sec.gov/api/xbrl/companyfacts/CIK0000079879.json,https://data.sec.gov/api/xbrl/companyconcept/CIK0000079879/us-gaap/Revenues.json,https://www.sec.gov/cgi-bin/browse-edgar?action=getcompany&CIK=0000079879&type=&dateb=&owner=include&count=40,matched,company_tickers_json
289,Auto-Owners Insurance,Non-public,,,,,,,,,no_ticker,
290,Pacific Life,Non-public,,,,,,,,,no_ticker,
291,DTE Energy,DTE,DTE,936340,0000936340,DTE ENERGY CO,https://data.sec.gov/submissions/CIK0000936340.json,https://data.sec.gov/api/xbrl/companyfacts/CIK0000936340.json,https://data.sec.gov/api/xbrl/companyconcept/CIK0000936340/us-gaap/Revenues.json,https://www.sec.gov/cgi-bin/browse-edgar?action=getcompany&CIK=0000936340&type=&dateb=&owner=include&count=40,matched,company_tickers_json
292,United States Steel,X,X,1163302,0001163302,UNITED STATES STEEL CORP,https://data.sec.gov/submissions/CIK0001163302.json,https://data.sec.gov/api/xbrl/companyfacts/CIK0001163302.json,https://data.sec.gov/api/xbrl/companyconcept/CIK0001163302/us-gaap/Revenues.json,https://www.sec.gov/cgi-bin/browse-edgar?action=getcompany&CIK=0001163302&type=&dateb=&owner=include&count=40,matched,manual_cik_lookup
293,Corning,GLW,GLW,24741,0000024741,CORNING INC /NY,https://data.sec.gov/submissions/CIK0000024741.json,https://data.sec.gov/api/xbrl/companyfacts/CIK0000024741.json,https://data.sec.gov/api/xbrl/companyconcept/CIK0000024741/us-gaap/Revenues.json,https://www.sec.gov/cgi-bin/browse-edgar?action=getcompany&CIK=0000024741&type=&dateb=&owner=include&count=40,matched,company_tickers_json
294,Principal Financial,PFG,PFG,1126328,0001126328,PRINCIPAL FINANCIAL GROUP INC,https://data.sec.gov/submissions/CIK0001126328.json,https://data.sec.gov/api/xbrl/companyfacts/CIK0001126328.json,https://data.sec.gov/api/xbrl/companyconcept/CIK0001126328/us-gaap/Revenues.json,https://www.sec.gov/cgi-bin/browse-edgar?action=getcompany&CIK=0001126328&type=&dateb=&owner=include&count=40,matched,company_tickers_json
295,Smithfield Foods,SFD,SFD,91388,0000091388,SMITHFIELD FOODS INC,https://data.sec.gov/submissions/CIK0000091388.json,https://data.sec.gov/api/xbrl/companyfacts/CIK0000091388.json,https://data.sec.gov/api/xbrl/companyconcept/CIK0000091388/us-gaap/Revenues.json,https://www.sec.gov/cgi-bin/browse-edgar?action=getcompany&CIK=0000091388&type=&dateb=&owner=include&count=40,matched,company_tickers_json
296,Kohl's,KSS,KSS,885639,0000885639,KOHLS Corp,https://data.sec.gov/submissions/CIK0000885639.json,https://data.sec.gov/api/xbrl/companyfacts/CIK0000885639.json,https://data.sec.gov/api/xbrl/companyconcept/CIK0000885639/us-gaap/Revenues.json,https://www.sec.gov/cgi-bin/browse-edgar?action=getcompany&CIK=0000885639&type=&dateb=&owner=include&count=40,matched,company_tickers_json
297,Tractor Supply,TSCO,TSCO,916365,0000916365,TRACTOR SUPPLY CO /DE/,https://data.sec.gov/submissions/CIK0000916365.json,https://data.sec.gov/api/xbrl/companyfacts/CIK0000916365.json,https://data.sec.gov/api/xbrl/companyconcept/CIK0000916365/us-gaap/Revenues.json,https://www.sec.gov/cgi-bin/browse-edgar?action=getcompany&CIK=0000916365&type=&dateb=&owner=include&count=40,matched,company_tickers_json
298,Whirlpool,WHR,WHR,106640,0000106640,WHIRLPOOL CORP /DE/,https://data.sec.gov/submissions/CIK0000106640.json,https://data.sec.gov/api/xbrl/companyfacts/CIK0000106640.json,https://data.sec.gov/api/xbrl/companyconcept/CIK0000106640/us-gaap/Revenues.json,https://www.sec.gov/cgi-bin/browse-edgar?action=getcompany&CIK=0000106640&type=&dateb=&owner=include&count=40,matched,company_tickers_json
299,Markel,MKL,MKL,1096343,0001096343,MARKEL GROUP INC.,https://data.sec.gov/submissions/CIK0001096343.json,https://data.sec.gov/api/xbrl/companyfacts/CIK0001096343.json,https://data.sec.gov/api/xbrl/companyconcept/CIK0001096343/us-gaap/Revenues.json,https://www.sec.gov/cgi-bin/browse-edgar?action=getcompany&CIK=0001096343&type=&dateb=&owner=include&count=40,matched,company_tickers_json
300,Fluor,FLR,FLR,1124198,0001124198,FLUOR CORP,https://data.sec.gov/submissions/CIK0001124198.json,https://data.sec.gov/api/xbrl/companyfacts/CIK0001124198.json,https://data.sec.gov/api/xbrl/companyconcept/CIK0001124198/us-gaap/Revenues.json,https://www.sec.gov/cgi-bin/browse-edgar?action=getcompany&CIK=0001124198&type=&dateb=&owner=include&count=40,matched,company_tickers_json
301,Farmers Insurance Exchange,Non-public,,,,,,,,,no_ticker,
302,Gap,GAP,GAP,39911,0000039911,GAP INC,https://data.sec.gov/submissions/CIK0000039911.json,https://data.sec.gov/api/xbrl/companyfacts/CIK0000039911.json,https://data.sec.gov/api/xbrl/companyconcept/CIK0000039911/us-gaap/Revenues.json,https://www.sec.gov/cgi-bin/browse-edgar?action=getcompany&CIK=0000039911&type=&dateb=&owner=include&count=40,matched,company_tickers_json
303,S&P Global,SPGI,SPGI,64040,0000064040,S&P Global Inc.,https://data.sec.gov/submissions/CIK0000064040.json,https://data.sec.gov/api/xbrl/companyfacts/CIK0000064040.json,https://data.sec.gov/api/xbrl/companyconcept/CIK0000064040/us-gaap/Revenues.json,https://www.sec.gov/cgi-bin/browse-edgar?action=getcompany&CIK=0000064040&type=&dateb=&owner=include&count=40,matched,company_tickers_json
304,Builders FirstSource,BLDR,BLDR,1316835,0001316835,"Builders FirstSource, Inc.",https://data.sec.gov/submissions/CIK0001316835.json,https://data.sec.gov/api/xbrl/companyfacts/CIK0001316835.json,https://data.sec.gov/api/xbrl/companyconcept/CIK0001316835/us-gaap/Revenues.json,https://www.sec.gov/cgi-bin/browse-edgar?action=getcompany&CIK=0001316835&type=&dateb=&owner=include&count=40,matched,company_tickers_json
305,Sonic Automotive,SAH,SAH,1043509,0001043509,SONIC AUTOMOTIVE INC,https://data.sec.gov/submissions/CIK0001043509.json,https://data.sec.gov/api/xbrl/companyfacts/CIK0001043509.json,https://data.sec.gov/api/xbrl/companyconcept/CIK0001043509/us-gaap/Revenues.json,https://www.sec.gov/cgi-bin/browse-edgar?action=getcompany&CIK=0001043509&type=&dateb=&owner=include&count=40,matched,company_tickers_json
306,Stanley Black & Decker,SWK,SWK,93556,0000093556,"STANLEY BLACK & DECKER, INC.",https://data.sec.gov/submissions/CIK0000093556.json,https://data.sec.gov/api/xbrl/companyfacts/CIK0000093556.json,https://data.sec.gov/api/xbrl/companyconcept/CIK0000093556/us-gaap/Revenues.json,https://www.sec.gov/cgi-bin/browse-edgar?action=getcompany&CIK=0000093556&type=&dateb=&owner=include&count=40,matched,company_tickers_json
307,Kenvue,KVUE,KVUE,1944048,0001944048,Kenvue Inc.,https://data.sec.gov/submissions/CIK0001944048.json,https://data.sec.gov/api/xbrl/companyfacts/CIK0001944048.json,https://data.sec.gov/api/xbrl/companyconcept/CIK0001944048/us-gaap/Revenues.json,https://www.sec.gov/cgi-bin/browse-edgar?action=getcompany&CIK=0001944048&type=&dateb=&owner=include&count=40,matched,company_tickers_json
308,Kyndryl,KD,KD,1867072,0001867072,"Kyndryl Holdings, Inc.",https://data.sec.gov/submissions/CIK0001867072.json,https://data.sec.gov/api/xbrl/companyfacts/CIK0001867072.json,https://data.sec.gov/api/xbrl/companyconcept/CIK0001867072/us-gaap/Revenues.json,https://www.sec.gov/cgi-bin/browse-edgar?action=getcompany&CIK=0001867072&type=&dateb=&owner=include&count=40,matched,company_tickers_json
309,FirstEnergy,FE,FE,1031296,0001031296,FIRSTENERGY CORP,https://data.sec.gov/submissions/CIK0001031296.json,https://data.sec.gov/api/xbrl/companyfacts/CIK0001031296.json,https://data.sec.gov/api/xbrl/companyconcept/CIK0001031296/us-gaap/Revenues.json,https://www.sec.gov/cgi-bin/browse-edgar?action=getcompany&CIK=0001031296&type=&dateb=&owner=include&count=40,matched,company_tickers_json
310,Diamondback Energy,FANG,FANG,1539838,0001539838,"Diamondback Energy, Inc.",https://data.sec.gov/submissions/CIK0001539838.json,https://data.sec.gov/api/xbrl/companyfacts/CIK0001539838.json,https://data.sec.gov/api/xbrl/companyconcept/CIK0001539838/us-gaap/Revenues.json,https://www.sec.gov/cgi-bin/browse-edgar?action=getcompany&CIK=0001539838&type=&dateb=&owner=include&count=40,matched,company_tickers_json
311,Nordstrom,JWN,JWN,72333,0000072333,NORDSTROM INC,https://data.sec.gov/submissions/CIK0000072333.json,https://data.sec.gov/api/xbrl/companyfacts/CIK0000072333.json,https://data.sec.gov/api/xbrl/companyconcept/CIK0000072333/us-gaap/Revenues.json,https://www.sec.gov/cgi-bin/browse-edgar?action=getcompany&CIK=0000072333&type=&dateb=&owner=include&count=40,matched,manual_cik_lookup
312,EchoStar,SATS,ECHO,1415404,0001415404,EchoStar CORP,https://data.sec.gov/submissions/CIK0001415404.json,https://data.sec.gov/api/xbrl/companyfacts/CIK0001415404.json,https://data.sec.gov/api/xbrl/companyconcept/CIK0001415404/us-gaap/Revenues.json,https://www.sec.gov/cgi-bin/browse-edgar?action=getcompany&CIK=0001415404&type=&dateb=&owner=include&count=40,matched,company_tickers_json
313,CNA Financial,CNA,CNA,21175,0000021175,CNA FINANCIAL CORP,https://data.sec.gov/submissions/CIK0000021175.json,https://data.sec.gov/api/xbrl/companyfacts/CIK0000021175.json,https://data.sec.gov/api/xbrl/companyconcept/CIK0000021175/us-gaap/Revenues.json,https://www.sec.gov/cgi-bin/browse-edgar?action=getcompany&CIK=0000021175&type=&dateb=&owner=include&count=40,matched,company_tickers_json
314,Textron,TXT,TXT,217346,0000217346,TEXTRON INC,https://data.sec.gov/submissions/CIK0000217346.json,https://data.sec.gov/api/xbrl/companyfacts/CIK0000217346.json,https://data.sec.gov/api/xbrl/companyconcept/CIK0000217346/us-gaap/Revenues.json,https://www.sec.gov/cgi-bin/browse-edgar?action=getcompany&CIK=0000217346&type=&dateb=&owner=include&count=40,matched,company_tickers_json
315,Expedia,EXPE,EXPE,1324424,0001324424,"Expedia Group, Inc.",https://data.sec.gov/submissions/CIK0001324424.json,https://data.sec.gov/api/xbrl/companyfacts/CIK0001324424.json,https://data.sec.gov/api/xbrl/companyconcept/CIK0001324424/us-gaap/Revenues.json,https://www.sec.gov/cgi-bin/browse-edgar?action=getcompany&CIK=0001324424&type=&dateb=&owner=include&count=40,matched,company_tickers_json
316,W.R. Berkley,WRB,WRB,11544,0000011544,BERKLEY W R CORP,https://data.sec.gov/submissions/CIK0000011544.json,https://data.sec.gov/api/xbrl/companyfacts/CIK0000011544.json,https://data.sec.gov/api/xbrl/companyconcept/CIK0000011544/us-gaap/Revenues.json,https://www.sec.gov/cgi-bin/browse-edgar?action=getcompany&CIK=0000011544&type=&dateb=&owner=include&count=40,matched,company_tickers_json
317,Xcel Energy,XEL,XEL,72903,0000072903,XCEL ENERGY INC,https://data.sec.gov/submissions/CIK0000072903.json,https://data.sec.gov/api/xbrl/companyfacts/CIK0000072903.json,https://data.sec.gov/api/xbrl/companyconcept/CIK0000072903/us-gaap/Revenues.json,https://www.sec.gov/cgi-bin/browse-edgar?action=getcompany&CIK=0000072903&type=&dateb=&owner=include&count=40,matched,company_tickers_json
318,Mutual of Omaha Insurance,Non-public,,,,,,,,,no_ticker,
319,Blackstone,BX,BX,1393818,0001393818,Blackstone Inc.,https://data.sec.gov/submissions/CIK0001393818.json,https://data.sec.gov/api/xbrl/companyfacts/CIK0001393818.json,https://data.sec.gov/api/xbrl/companyconcept/CIK0001393818/us-gaap/Revenues.json,https://www.sec.gov/cgi-bin/browse-edgar?action=getcompany&CIK=0001393818&type=&dateb=&owner=include&count=40,matched,company_tickers_json
320,Fidelity National Financial,FNF,FNF,1331875,0001331875,"Fidelity National Financial, Inc.",https://data.sec.gov/submissions/CIK0001331875.json,https://data.sec.gov/api/xbrl/companyfacts/CIK0001331875.json,https://data.sec.gov/api/xbrl/companyconcept/CIK0001331875/us-gaap/Revenues.json,https://www.sec.gov/cgi-bin/browse-edgar?action=getcompany&CIK=0001331875&type=&dateb=&owner=include&count=40,matched,company_tickers_json
321,Otis Worldwide,OTIS,OTIS,1781335,0001781335,Otis Worldwide Corp,https://data.sec.gov/submissions/CIK0001781335.json,https://data.sec.gov/api/xbrl/companyfacts/CIK0001781335.json,https://data.sec.gov/api/xbrl/companyconcept/CIK0001781335/us-gaap/Revenues.json,https://www.sec.gov/cgi-bin/browse-edgar?action=getcompany&CIK=0001781335&type=&dateb=&owner=include&count=40,matched,company_tickers_json
322,Amentum,AMTM,AMTM,2011286,0002011286,"Amentum Holdings, Inc.",https://data.sec.gov/submissions/CIK0002011286.json,https://data.sec.gov/api/xbrl/companyfacts/CIK0002011286.json,https://data.sec.gov/api/xbrl/companyconcept/CIK0002011286/us-gaap/Revenues.json,https://www.sec.gov/cgi-bin/browse-edgar?action=getcompany&CIK=0002011286&type=&dateb=&owner=include&count=40,matched,company_tickers_json
323,Regeneron Pharmaceuticals,REGN,REGN,872589,0000872589,"REGENERON PHARMACEUTICALS, INC.",https://data.sec.gov/submissions/CIK0000872589.json,https://data.sec.gov/api/xbrl/companyfacts/CIK0000872589.json,https://data.sec.gov/api/xbrl/companyconcept/CIK0000872589/us-gaap/Revenues.json,https://www.sec.gov/cgi-bin/browse-edgar?action=getcompany&CIK=0000872589&type=&dateb=&owner=include&count=40,matched,company_tickers_json
324,Estée Lauder,EL,EL,1001250,0001001250,ESTEE LAUDER COMPANIES INC,https://data.sec.gov/submissions/CIK0001001250.json,https://data.sec.gov/api/xbrl/companyfacts/CIK0001001250.json,https://data.sec.gov/api/xbrl/companyconcept/CIK0001001250/us-gaap/Revenues.json,https://www.sec.gov/cgi-bin/browse-edgar?action=getcompany&CIK=0001001250&type=&dateb=&owner=include&count=40,matched,company_tickers_json
325,BorgWarner,BWA,BWA,908255,0000908255,BORGWARNER INC,https://data.sec.gov/submissions/CIK0000908255.json,https://data.sec.gov/api/xbrl/companyfacts/CIK0000908255.json,https://data.sec.gov/api/xbrl/companyconcept/CIK0000908255/us-gaap/Revenues.json,https://www.sec.gov/cgi-bin/browse-edgar?action=getcompany&CIK=0000908255&type=&dateb=&owner=include&count=40,matched,company_tickers_json
326,Viatris,VTRS,VTRS,1792044,0001792044,Viatris Inc,https://data.sec.gov/submissions/CIK0001792044.json,https://data.sec.gov/api/xbrl/companyfacts/CIK0001792044.json,https://data.sec.gov/api/xbrl/companyconcept/CIK0001792044/us-gaap/Revenues.json,https://www.sec.gov/cgi-bin/browse-edgar?action=getcompany&CIK=0001792044&type=&dateb=&owner=include&count=40,matched,company_tickers_json
327,MasTec,MTZ,MTZ,15615,0000015615,MASTEC INC,https://data.sec.gov/submissions/CIK0000015615.json,https://data.sec.gov/api/xbrl/companyfacts/CIK0000015615.json,https://data.sec.gov/api/xbrl/companyconcept/CIK0000015615/us-gaap/Revenues.json,https://www.sec.gov/cgi-bin/browse-edgar?action=getcompany&CIK=0000015615&type=&dateb=&owner=include&count=40,matched,company_tickers_json
328,Reliance,RS,RS,861884,0000861884,"RELIANCE, INC.",https://data.sec.gov/submissions/CIK0000861884.json,https://data.sec.gov/api/xbrl/companyfacts/CIK0000861884.json,https://data.sec.gov/api/xbrl/companyconcept/CIK0000861884/us-gaap/Revenues.json,https://www.sec.gov/cgi-bin/browse-edgar?action=getcompany&CIK=0000861884&type=&dateb=&owner=include&count=40,matched,company_tickers_json
329,Alaska Air,ALK,ALK,766421,0000766421,"ALASKA AIR GROUP, INC.",https://data.sec.gov/submissions/CIK0000766421.json,https://data.sec.gov/api/xbrl/companyfacts/CIK0000766421.json,https://data.sec.gov/api/xbrl/companyconcept/CIK0000766421/us-gaap/Revenues.json,https://www.sec.gov/cgi-bin/browse-edgar?action=getcompany&CIK=0000766421&type=&dateb=&owner=include&count=40,matched,company_tickers_json
330,CSX,CSX,CSX,277948,0000277948,CSX CORP,https://data.sec.gov/submissions/CIK0000277948.json,https://data.sec.gov/api/xbrl/companyfacts/CIK0000277948.json,https://data.sec.gov/api/xbrl/companyconcept/CIK0000277948/us-gaap/Revenues.json,https://www.sec.gov/cgi-bin/browse-edgar?action=getcompany&CIK=0000277948&type=&dateb=&owner=include&count=40,matched,company_tickers_json
331,Labcorp,LH,LH,920148,0000920148,LABCORP HOLDINGS INC.,https://data.sec.gov/submissions/CIK0000920148.json,https://data.sec.gov/api/xbrl/companyfacts/CIK0000920148.json,https://data.sec.gov/api/xbrl/companyconcept/CIK0000920148/us-gaap/Revenues.json,https://www.sec.gov/cgi-bin/browse-edgar?action=getcompany&CIK=0000920148&type=&dateb=&owner=include&count=40,matched,company_tickers_json
332,State Street,STT,STT,93751,0000093751,STATE STREET CORP,https://data.sec.gov/submissions/CIK0000093751.json,https://data.sec.gov/api/xbrl/companyfacts/CIK0000093751.json,https://data.sec.gov/api/xbrl/companyconcept/CIK0000093751/us-gaap/Revenues.json,https://www.sec.gov/cgi-bin/browse-edgar?action=getcompany&CIK=0000093751&type=&dateb=&owner=include&count=40,matched,company_tickers_json
333,Arthur J. Gallagher,AJG,AJG,354190,0000354190,Arthur J. Gallagher & Co.,https://data.sec.gov/submissions/CIK0000354190.json,https://data.sec.gov/api/xbrl/companyfacts/CIK0000354190.json,https://data.sec.gov/api/xbrl/companyconcept/CIK0000354190/us-gaap/Revenues.json,https://www.sec.gov/cgi-bin/browse-edgar?action=getcompany&CIK=0000354190&type=&dateb=&owner=include&count=40,matched,company_tickers_json
334,Venture Global,VG,VG,2007855,0002007855,"Venture Global, Inc.",https://data.sec.gov/submissions/CIK0002007855.json,https://data.sec.gov/api/xbrl/companyfacts/CIK0002007855.json,https://data.sec.gov/api/xbrl/companyconcept/CIK0002007855/us-gaap/Revenues.json,https://www.sec.gov/cgi-bin/browse-edgar?action=getcompany&CIK=0002007855&type=&dateb=&owner=include&count=40,matched,company_tickers_json
335,Western & Southern Financial,Non-public,,,,,,,,,no_ticker,
336,DoorDash,DASH,DASH,1792789,0001792789,"DoorDash, Inc.",https://data.sec.gov/submissions/CIK0001792789.json,https://data.sec.gov/api/xbrl/companyfacts/CIK0001792789.json,https://data.sec.gov/api/xbrl/companyconcept/CIK0001792789/us-gaap/Revenues.json,https://www.sec.gov/cgi-bin/browse-edgar?action=getcompany&CIK=0001792789&type=&dateb=&owner=include&count=40,matched,company_tickers_json
337,Sempra,SRE,SRE,1032208,0001032208,SEMPRA,https://data.sec.gov/submissions/CIK0001032208.json,https://data.sec.gov/api/xbrl/companyfacts/CIK0001032208.json,https://data.sec.gov/api/xbrl/companyconcept/CIK0001032208/us-gaap/Revenues.json,https://www.sec.gov/cgi-bin/browse-edgar?action=getcompany&CIK=0001032208&type=&dateb=&owner=include&count=40,matched,company_tickers_json
338,LKQ,LKQ,LKQ,1065696,0001065696,LKQ CORP,https://data.sec.gov/submissions/CIK0001065696.json,https://data.sec.gov/api/xbrl/companyfacts/CIK0001065696.json,https://data.sec.gov/api/xbrl/companyconcept/CIK0001065696/us-gaap/Revenues.json,https://www.sec.gov/cgi-bin/browse-edgar?action=getcompany&CIK=0001065696&type=&dateb=&owner=include&count=40,matched,company_tickers_json
339,DaVita,DVA,DVA,927066,0000927066,DAVITA INC.,https://data.sec.gov/submissions/CIK0000927066.json,https://data.sec.gov/api/xbrl/companyfacts/CIK0000927066.json,https://data.sec.gov/api/xbrl/companyconcept/CIK0000927066/us-gaap/Revenues.json,https://www.sec.gov/cgi-bin/browse-edgar?action=getcompany&CIK=0000927066&type=&dateb=&owner=include&count=40,matched,company_tickers_json
340,Eversource Energy,ES,ES,72741,0000072741,EVERSOURCE ENERGY,https://data.sec.gov/submissions/CIK0000072741.json,https://data.sec.gov/api/xbrl/companyfacts/CIK0000072741.json,https://data.sec.gov/api/xbrl/companyconcept/CIK0000072741/us-gaap/Revenues.json,https://www.sec.gov/cgi-bin/browse-edgar?action=getcompany&CIK=0000072741&type=&dateb=&owner=include&count=40,matched,company_tickers_json
341,ServiceNow,NOW,NOW,1373715,0001373715,"ServiceNow, Inc.",https://data.sec.gov/submissions/CIK0001373715.json,https://data.sec.gov/api/xbrl/companyfacts/CIK0001373715.json,https://data.sec.gov/api/xbrl/companyconcept/CIK0001373715/us-gaap/Revenues.json,https://www.sec.gov/cgi-bin/browse-edgar?action=getcompany&CIK=0001373715&type=&dateb=&owner=include&count=40,matched,company_tickers_json
342,Henry Schein,HSIC,HSIC,1000228,0001000228,HENRY SCHEIN INC,https://data.sec.gov/submissions/CIK0001000228.json,https://data.sec.gov/api/xbrl/companyfacts/CIK0001000228.json,https://data.sec.gov/api/xbrl/companyconcept/CIK0001000228/us-gaap/Revenues.json,https://www.sec.gov/cgi-bin/browse-edgar?action=getcompany&CIK=0001000228&type=&dateb=&owner=include&count=40,matched,company_tickers_json
343,GXO Logistics,GXO,GXO,1852244,0001852244,"GXO Logistics, Inc.",https://data.sec.gov/submissions/CIK0001852244.json,https://data.sec.gov/api/xbrl/companyfacts/CIK0001852244.json,https://data.sec.gov/api/xbrl/companyconcept/CIK0001852244/us-gaap/Revenues.json,https://www.sec.gov/cgi-bin/browse-edgar?action=getcompany&CIK=0001852244&type=&dateb=&owner=include&count=40,matched,company_tickers_json
344,Erie Insurance,ERIE,ERIE,922621,0000922621,ERIE INDEMNITY CO,https://data.sec.gov/submissions/CIK0000922621.json,https://data.sec.gov/api/xbrl/companyfacts/CIK0000922621.json,https://data.sec.gov/api/xbrl/companyconcept/CIK0000922621/us-gaap/Revenues.json,https://www.sec.gov/cgi-bin/browse-edgar?action=getcompany&CIK=0000922621&type=&dateb=&owner=include&count=40,matched,company_tickers_json
345,Ball,BALL,BALL,9389,0000009389,BALL Corp,https://data.sec.gov/submissions/CIK0000009389.json,https://data.sec.gov/api/xbrl/companyfacts/CIK0000009389.json,https://data.sec.gov/api/xbrl/companyconcept/CIK0000009389/us-gaap/Revenues.json,https://www.sec.gov/cgi-bin/browse-edgar?action=getcompany&CIK=0000009389&type=&dateb=&owner=include&count=40,matched,company_tickers_json
346,Unum,UNM,UNM,5513,0000005513,Unum Group,https://data.sec.gov/submissions/CIK0000005513.json,https://data.sec.gov/api/xbrl/companyfacts/CIK0000005513.json,https://data.sec.gov/api/xbrl/companyconcept/CIK0000005513/us-gaap/Revenues.json,https://www.sec.gov/cgi-bin/browse-edgar?action=getcompany&CIK=0000005513&type=&dateb=&owner=include&count=40,matched,company_tickers_json
347,Molson Coors Beverage,TAP,TAP,24545,0000024545,MOLSON COORS BEVERAGE CO,https://data.sec.gov/submissions/CIK0000024545.json,https://data.sec.gov/api/xbrl/companyfacts/CIK0000024545.json,https://data.sec.gov/api/xbrl/companyconcept/CIK0000024545/us-gaap/Revenues.json,https://www.sec.gov/cgi-bin/browse-edgar?action=getcompany&CIK=0000024545&type=&dateb=&owner=include&count=40,matched,company_tickers_json
348,Las Vegas Sands,LVS,LVS,1300514,0001300514,LAS VEGAS SANDS CORP,https://data.sec.gov/submissions/CIK0001300514.json,https://data.sec.gov/api/xbrl/companyfacts/CIK0001300514.json,https://data.sec.gov/api/xbrl/companyconcept/CIK0001300514/us-gaap/Revenues.json,https://www.sec.gov/cgi-bin/browse-edgar?action=getcompany&CIK=0001300514&type=&dateb=&owner=include&count=40,matched,company_tickers_json
349,Entergy,ETR,ETR,65984,0000065984,ENTERGY CORP /DE/,https://data.sec.gov/submissions/CIK0000065984.json,https://data.sec.gov/api/xbrl/companyfacts/CIK0000065984.json,https://data.sec.gov/api/xbrl/companyconcept/CIK0000065984/us-gaap/Revenues.json,https://www.sec.gov/cgi-bin/browse-edgar?action=getcompany&CIK=0000065984&type=&dateb=&owner=include&count=40,matched,company_tickers_json
350,BrightSpring Health Services,BTSG,BTSG,1865782,0001865782,"BrightSpring Health Services, Inc.",https://data.sec.gov/submissions/CIK0001865782.json,https://data.sec.gov/api/xbrl/companyfacts/CIK0001865782.json,https://data.sec.gov/api/xbrl/companyconcept/CIK0001865782/us-gaap/Revenues.json,https://www.sec.gov/cgi-bin/browse-edgar?action=getcompany&CIK=0001865782&type=&dateb=&owner=include&count=40,matched,company_tickers_json
351,Hess,HES,HES,4447,0000004447,HESS CORP,https://data.sec.gov/submissions/CIK0000004447.json,https://data.sec.gov/api/xbrl/companyfacts/CIK0000004447.json,https://data.sec.gov/api/xbrl/companyconcept/CIK0000004447/us-gaap/Revenues.json,https://www.sec.gov/cgi-bin/browse-edgar?action=getcompany&CIK=0000004447&type=&dateb=&owner=include&count=40,matched,manual_cik_lookup
352,Alcoa,AA,AA,1675149,0001675149,Alcoa Corp,https://data.sec.gov/submissions/CIK0001675149.json,https://data.sec.gov/api/xbrl/companyfacts/CIK0001675149.json,https://data.sec.gov/api/xbrl/companyconcept/CIK0001675149/us-gaap/Revenues.json,https://www.sec.gov/cgi-bin/browse-edgar?action=getcompany&CIK=0001675149&type=&dateb=&owner=include&count=40,matched,company_tickers_json
353,Assurant,AIZ,AIZ,1267238,0001267238,"ASSURANT, INC.",https://data.sec.gov/submissions/CIK0001267238.json,https://data.sec.gov/api/xbrl/companyfacts/CIK0001267238.json,https://data.sec.gov/api/xbrl/companyconcept/CIK0001267238/us-gaap/Revenues.json,https://www.sec.gov/cgi-bin/browse-edgar?action=getcompany&CIK=0001267238&type=&dateb=&owner=include&count=40,matched,company_tickers_json
354,Kellanova,K,K,55067,0000055067,KELLANOVA,https://data.sec.gov/submissions/CIK0000055067.json,https://data.sec.gov/api/xbrl/companyfacts/CIK0000055067.json,https://data.sec.gov/api/xbrl/companyconcept/CIK0000055067/us-gaap/Revenues.json,https://www.sec.gov/cgi-bin/browse-edgar?action=getcompany&CIK=0000055067&type=&dateb=&owner=include&count=40,matched,manual_cik_lookup
355,Ryder System,R,R,85961,0000085961,RYDER SYSTEM INC,https://data.sec.gov/submissions/CIK0000085961.json,https://data.sec.gov/api/xbrl/companyfacts/CIK0000085961.json,https://data.sec.gov/api/xbrl/companyconcept/CIK0000085961/us-gaap/Revenues.json,https://www.sec.gov/cgi-bin/browse-edgar?action=getcompany&CIK=0000085961&type=&dateb=&owner=include&count=40,matched,company_tickers_json
356,DXC Technology,DXC,DXC,1688568,0001688568,DXC Technology Co,https://data.sec.gov/submissions/CIK0001688568.json,https://data.sec.gov/api/xbrl/companyfacts/CIK0001688568.json,https://data.sec.gov/api/xbrl/companyconcept/CIK0001688568/us-gaap/Revenues.json,https://www.sec.gov/cgi-bin/browse-edgar?action=getcompany&CIK=0001688568&type=&dateb=&owner=include&count=40,matched,company_tickers_json
357,Intercontinental Exchange,ICE,ICE,1571949,0001571949,"Intercontinental Exchange, Inc.",https://data.sec.gov/submissions/CIK0001571949.json,https://data.sec.gov/api/xbrl/companyfacts/CIK0001571949.json,https://data.sec.gov/api/xbrl/companyconcept/CIK0001571949/us-gaap/Revenues.json,https://www.sec.gov/cgi-bin/browse-edgar?action=getcompany&CIK=0001571949&type=&dateb=&owner=include&count=40,matched,company_tickers_json
358,Cincinnati Financial,CINF,CINF,20286,0000020286,CINCINNATI FINANCIAL CORP,https://data.sec.gov/submissions/CIK0000020286.json,https://data.sec.gov/api/xbrl/companyfacts/CIK0000020286.json,https://data.sec.gov/api/xbrl/companyconcept/CIK0000020286/us-gaap/Revenues.json,https://www.sec.gov/cgi-bin/browse-edgar?action=getcompany&CIK=0000020286&type=&dateb=&owner=include&count=40,matched,company_tickers_json
359,Chewy,CHWY,CHWY,1766502,0001766502,"Chewy, Inc.",https://data.sec.gov/submissions/CIK0001766502.json,https://data.sec.gov/api/xbrl/companyfacts/CIK0001766502.json,https://data.sec.gov/api/xbrl/companyconcept/CIK0001766502/us-gaap/Revenues.json,https://www.sec.gov/cgi-bin/browse-edgar?action=getcompany&CIK=0001766502&type=&dateb=&owner=include&count=40,matched,company_tickers_json
360,Community Health Systems,CYH,CYH,1108109,0001108109,COMMUNITY HEALTH SYSTEMS INC,https://data.sec.gov/submissions/CIK0001108109.json,https://data.sec.gov/api/xbrl/companyfacts/CIK0001108109.json,https://data.sec.gov/api/xbrl/companyconcept/CIK0001108109/us-gaap/Revenues.json,https://www.sec.gov/cgi-bin/browse-edgar?action=getcompany&CIK=0001108109&type=&dateb=&owner=include&count=40,matched,company_tickers_json
361,Huntington Ingalls Industries,HII,HII,1501585,0001501585,"HUNTINGTON INGALLS INDUSTRIES, INC.",https://data.sec.gov/submissions/CIK0001501585.json,https://data.sec.gov/api/xbrl/companyfacts/CIK0001501585.json,https://data.sec.gov/api/xbrl/companyconcept/CIK0001501585/us-gaap/Revenues.json,https://www.sec.gov/cgi-bin/browse-edgar?action=getcompany&CIK=0001501585&type=&dateb=&owner=include&count=40,matched,company_tickers_json
362,Wayfair,W,W,1616707,0001616707,Wayfair Inc.,https://data.sec.gov/submissions/CIK0001616707.json,https://data.sec.gov/api/xbrl/companyfacts/CIK0001616707.json,https://data.sec.gov/api/xbrl/companyconcept/CIK0001616707/us-gaap/Revenues.json,https://www.sec.gov/cgi-bin/browse-edgar?action=getcompany&CIK=0001616707&type=&dateb=&owner=include&count=40,matched,company_tickers_json
363,Lumen Technologies,LUMN,LUMN,18926,0000018926,"Lumen Technologies, Inc.",https://data.sec.gov/submissions/CIK0000018926.json,https://data.sec.gov/api/xbrl/companyfacts/CIK0000018926.json,https://data.sec.gov/api/xbrl/companyconcept/CIK0000018926/us-gaap/Revenues.json,https://www.sec.gov/cgi-bin/browse-edgar?action=getcompany&CIK=0000018926&type=&dateb=&owner=include&count=40,matched,company_tickers_json
364,Ulta Beauty,ULTA,ULTA,1403568,0001403568,"Ulta Beauty, Inc.",https://data.sec.gov/submissions/CIK0001403568.json,https://data.sec.gov/api/xbrl/companyfacts/CIK0001403568.json,https://data.sec.gov/api/xbrl/companyconcept/CIK0001403568/us-gaap/Revenues.json,https://www.sec.gov/cgi-bin/browse-edgar?action=getcompany&CIK=0001403568&type=&dateb=&owner=include&count=40,matched,company_tickers_json
365,Crown,CCK,CCK,1219601,0001219601,"CROWN HOLDINGS, INC.",https://data.sec.gov/submissions/CIK0001219601.json,https://data.sec.gov/api/xbrl/companyfacts/CIK0001219601.json,https://data.sec.gov/api/xbrl/companyconcept/CIK0001219601/us-gaap/Revenues.json,https://www.sec.gov/cgi-bin/browse-edgar?action=getcompany&CIK=0001219601&type=&dateb=&owner=include&count=40,matched,company_tickers_json
366,Berry Global,BERY,BERY,1378992,0001378992,"BERRY GLOBAL GROUP, INC.",https://data.sec.gov/submissions/CIK0001378992.json,https://data.sec.gov/api/xbrl/companyfacts/CIK0001378992.json,https://data.sec.gov/api/xbrl/companyconcept/CIK0001378992/us-gaap/Revenues.json,https://www.sec.gov/cgi-bin/browse-edgar?action=getcompany&CIK=0001378992&type=&dateb=&owner=include&count=40,matched,manual_cik_lookup
367,Airbnb,ABNB,ABNB,1559720,0001559720,"Airbnb, Inc.",https://data.sec.gov/submissions/CIK0001559720.json,https://data.sec.gov/api/xbrl/companyfacts/CIK0001559720.json,https://data.sec.gov/api/xbrl/companyconcept/CIK0001559720/us-gaap/Revenues.json,https://www.sec.gov/cgi-bin/browse-edgar?action=getcompany&CIK=0001559720&type=&dateb=&owner=include&count=40,matched,company_tickers_json
368,AES,AES,AES,874761,0000874761,AES CORP,https://data.sec.gov/submissions/CIK0000874761.json,https://data.sec.gov/api/xbrl/companyfacts/CIK0000874761.json,https://data.sec.gov/api/xbrl/companyconcept/CIK0000874761/us-gaap/Revenues.json,https://www.sec.gov/cgi-bin/browse-edgar?action=getcompany&CIK=0000874761&type=&dateb=&owner=include&count=40,matched,company_tickers_json
369,Norfolk Southern,NSC,NSC,702165,0000702165,NORFOLK SOUTHERN CORP,https://data.sec.gov/submissions/CIK0000702165.json,https://data.sec.gov/api/xbrl/companyfacts/CIK0000702165.json,https://data.sec.gov/api/xbrl/companyconcept/CIK0000702165/us-gaap/Revenues.json,https://www.sec.gov/cgi-bin/browse-edgar?action=getcompany&CIK=0000702165&type=&dateb=&owner=include&count=40,matched,company_tickers_json
370,Public Service Enterprise,PEG,PEG,788784,0000788784,PUBLIC SERVICE ENTERPRISE GROUP INC,https://data.sec.gov/submissions/CIK0000788784.json,https://data.sec.gov/api/xbrl/companyfacts/CIK0000788784.json,https://data.sec.gov/api/xbrl/companyconcept/CIK0000788784/us-gaap/Revenues.json,https://www.sec.gov/cgi-bin/browse-edgar?action=getcompany&CIK=0000788784&type=&dateb=&owner=include&count=40,matched,company_tickers_json
371,KLA,KLAC,KLAC,319201,0000319201,KLA CORP,https://data.sec.gov/submissions/CIK0000319201.json,https://data.sec.gov/api/xbrl/companyfacts/CIK0000319201.json,https://data.sec.gov/api/xbrl/companyconcept/CIK0000319201/us-gaap/Revenues.json,https://www.sec.gov/cgi-bin/browse-edgar?action=getcompany&CIK=0000319201&type=&dateb=&owner=include&count=40,matched,company_tickers_json
372,Expand Energy,EXE,EXE,895126,0000895126,EXPAND ENERGY Corp,https://data.sec.gov/submissions/CIK0000895126.json,https://data.sec.gov/api/xbrl/companyfacts/CIK0000895126.json,https://data.sec.gov/api/xbrl/companyconcept/CIK0000895126/us-gaap/Revenues.json,https://www.sec.gov/cgi-bin/browse-edgar?action=getcompany&CIK=0000895126&type=&dateb=&owner=include&count=40,matched,company_tickers_json
373,Hormel Foods,HRL,HRL,48465,0000048465,HORMEL FOODS CORP /DE/,https://data.sec.gov/submissions/CIK0000048465.json,https://data.sec.gov/api/xbrl/companyfacts/CIK0000048465.json,https://data.sec.gov/api/xbrl/companyconcept/CIK0000048465/us-gaap/Revenues.json,https://www.sec.gov/cgi-bin/browse-edgar?action=getcompany&CIK=0000048465&type=&dateb=&owner=include&count=40,matched,company_tickers_json
374,Darden Restaurants,DRI,DRI,940944,0000940944,DARDEN RESTAURANTS INC,https://data.sec.gov/submissions/CIK0000940944.json,https://data.sec.gov/api/xbrl/companyfacts/CIK0000940944.json,https://data.sec.gov/api/xbrl/companyconcept/CIK0000940944/us-gaap/Revenues.json,https://www.sec.gov/cgi-bin/browse-edgar?action=getcompany&CIK=0000940944&type=&dateb=&owner=include&count=40,matched,company_tickers_json
375,Mosaic,MOS,MOS,1285785,0001285785,MOSAIC CO,https://data.sec.gov/submissions/CIK0001285785.json,https://data.sec.gov/api/xbrl/companyfacts/CIK0001285785.json,https://data.sec.gov/api/xbrl/companyconcept/CIK0001285785/us-gaap/Revenues.json,https://www.sec.gov/cgi-bin/browse-edgar?action=getcompany&CIK=0001285785&type=&dateb=&owner=include&count=40,matched,company_tickers_json
376,Hilton,HLT,HLT,1585689,0001585689,Hilton Worldwide Holdings Inc.,https://data.sec.gov/submissions/CIK0001585689.json,https://data.sec.gov/api/xbrl/companyfacts/CIK0001585689.json,https://data.sec.gov/api/xbrl/companyconcept/CIK0001585689/us-gaap/Revenues.json,https://www.sec.gov/cgi-bin/browse-edgar?action=getcompany&CIK=0001585689&type=&dateb=&owner=include&count=40,matched,company_tickers_json
377,Air Products & Chemicals,APD,APD,2969,0000002969,"Air Products & Chemicals, Inc.",https://data.sec.gov/submissions/CIK0000002969.json,https://data.sec.gov/api/xbrl/companyfacts/CIK0000002969.json,https://data.sec.gov/api/xbrl/companyconcept/CIK0000002969/us-gaap/Revenues.json,https://www.sec.gov/cgi-bin/browse-edgar?action=getcompany&CIK=0000002969&type=&dateb=&owner=include&count=40,matched,company_tickers_json
378,Jacobs Solutions,J,J,52988,0000052988,JACOBS SOLUTIONS INC.,https://data.sec.gov/submissions/CIK0000052988.json,https://data.sec.gov/api/xbrl/companyfacts/CIK0000052988.json,https://data.sec.gov/api/xbrl/companyconcept/CIK0000052988/us-gaap/Revenues.json,https://www.sec.gov/cgi-bin/browse-edgar?action=getcompany&CIK=0000052988&type=&dateb=&owner=include&count=40,matched,company_tickers_json
379,Vertex Pharmaceuticals,VRTX,VRTX,875320,0000875320,VERTEX PHARMACEUTICALS INC / MA,https://data.sec.gov/submissions/CIK0000875320.json,https://data.sec.gov/api/xbrl/companyfacts/CIK0000875320.json,https://data.sec.gov/api/xbrl/companyconcept/CIK0000875320/us-gaap/Revenues.json,https://www.sec.gov/cgi-bin/browse-edgar?action=getcompany&CIK=0000875320&type=&dateb=&owner=include&count=40,matched,company_tickers_json
380,J.B. Hunt Transport Services,JBHT,JBHT,728535,0000728535,HUNT J B TRANSPORT SERVICES INC,https://data.sec.gov/submissions/CIK0000728535.json,https://data.sec.gov/api/xbrl/companyfacts/CIK0000728535.json,https://data.sec.gov/api/xbrl/companyconcept/CIK0000728535/us-gaap/Revenues.json,https://www.sec.gov/cgi-bin/browse-edgar?action=getcompany&CIK=0000728535&type=&dateb=&owner=include&count=40,matched,company_tickers_json
381,Williams,WMB,WMB,107263,0000107263,"WILLIAMS COMPANIES, INC.",https://data.sec.gov/submissions/CIK0000107263.json,https://data.sec.gov/api/xbrl/companyfacts/CIK0000107263.json,https://data.sec.gov/api/xbrl/companyconcept/CIK0000107263/us-gaap/Revenues.json,https://www.sec.gov/cgi-bin/browse-edgar?action=getcompany&CIK=0000107263&type=&dateb=&owner=include&count=40,matched,company_tickers_json
382,Chipotle Mexican Grill,CMG,CMG,1058090,0001058090,CHIPOTLE MEXICAN GRILL INC,https://data.sec.gov/submissions/CIK0001058090.json,https://data.sec.gov/api/xbrl/companyfacts/CIK0001058090.json,https://data.sec.gov/api/xbrl/companyconcept/CIK0001058090/us-gaap/Revenues.json,https://www.sec.gov/cgi-bin/browse-edgar?action=getcompany&CIK=0001058090&type=&dateb=&owner=include&count=40,matched,company_tickers_json
383,Yum China,YUMC,YUMC,1673358,0001673358,"Yum China Holdings, Inc.",https://data.sec.gov/submissions/CIK0001673358.json,https://data.sec.gov/api/xbrl/companyfacts/CIK0001673358.json,https://data.sec.gov/api/xbrl/companyconcept/CIK0001673358/us-gaap/Revenues.json,https://www.sec.gov/cgi-bin/browse-edgar?action=getcompany&CIK=0001673358&type=&dateb=&owner=include&count=40,matched,company_tickers_json
384,Oscar Health,OSCR,OSCR,1568651,0001568651,"Oscar Health, Inc.",https://data.sec.gov/submissions/CIK0001568651.json,https://data.sec.gov/api/xbrl/companyfacts/CIK0001568651.json,https://data.sec.gov/api/xbrl/companyconcept/CIK0001568651/us-gaap/Revenues.json,https://www.sec.gov/cgi-bin/browse-edgar?action=getcompany&CIK=0001568651&type=&dateb=&owner=include&count=40,matched,company_tickers_json
385,Hershey,HSY,HSY,47111,0000047111,HERSHEY CO,https://data.sec.gov/submissions/CIK0000047111.json,https://data.sec.gov/api/xbrl/companyfacts/CIK0000047111.json,https://data.sec.gov/api/xbrl/companyconcept/CIK0000047111/us-gaap/Revenues.json,https://www.sec.gov/cgi-bin/browse-edgar?action=getcompany&CIK=0000047111&type=&dateb=&owner=include&count=40,matched,company_tickers_json
386,Motorola Solutions,MSI,MSI,68505,0000068505,"Motorola Solutions, Inc.",https://data.sec.gov/submissions/CIK0000068505.json,https://data.sec.gov/api/xbrl/companyfacts/CIK0000068505.json,https://data.sec.gov/api/xbrl/companyconcept/CIK0000068505/us-gaap/Revenues.json,https://www.sec.gov/cgi-bin/browse-edgar?action=getcompany&CIK=0000068505&type=&dateb=&owner=include&count=40,matched,company_tickers_json
387,Equitable,EQH,EQH,1333986,0001333986,"Equitable Holdings, Inc.",https://data.sec.gov/submissions/CIK0001333986.json,https://data.sec.gov/api/xbrl/companyfacts/CIK0001333986.json,https://data.sec.gov/api/xbrl/companyconcept/CIK0001333986/us-gaap/Revenues.json,https://www.sec.gov/cgi-bin/browse-edgar?action=getcompany&CIK=0001333986&type=&dateb=&owner=include&count=40,matched,company_tickers_json
388,Avis Budget,CAR,CAR,723612,0000723612,"AVIS BUDGET GROUP, INC.",https://data.sec.gov/submissions/CIK0000723612.json,https://data.sec.gov/api/xbrl/companyfacts/CIK0000723612.json,https://data.sec.gov/api/xbrl/companyconcept/CIK0000723612/us-gaap/Revenues.json,https://www.sec.gov/cgi-bin/browse-edgar?action=getcompany&CIK=0000723612&type=&dateb=&owner=include&count=40,matched,company_tickers_json
389,Graybar Electric,Non-public,,,,,,,,,no_ticker,
390,Burlington Stores,BURL,BURL,1579298,0001579298,"Burlington Stores, Inc.",https://data.sec.gov/submissions/CIK0001579298.json,https://data.sec.gov/api/xbrl/companyfacts/CIK0001579298.json,https://data.sec.gov/api/xbrl/companyconcept/CIK0001579298/us-gaap/Revenues.json,https://www.sec.gov/cgi-bin/browse-edgar?action=getcompany&CIK=0001579298&type=&dateb=&owner=include&count=40,matched,company_tickers_json
391,Caesars Entertainment,CZR,CZR,1590895,0001590895,"Caesars Entertainment, Inc.",https://data.sec.gov/submissions/CIK0001590895.json,https://data.sec.gov/api/xbrl/companyfacts/CIK0001590895.json,https://data.sec.gov/api/xbrl/companyconcept/CIK0001590895/us-gaap/Revenues.json,https://www.sec.gov/cgi-bin/browse-edgar?action=getcompany&CIK=0001590895&type=&dateb=&owner=include&count=40,matched,company_tickers_json
392,Conagra Brands,CAG,CAG,23217,0000023217,CONAGRA BRANDS INC.,https://data.sec.gov/submissions/CIK0000023217.json,https://data.sec.gov/api/xbrl/companyfacts/CIK0000023217.json,https://data.sec.gov/api/xbrl/companyconcept/CIK0000023217/us-gaap/Revenues.json,https://www.sec.gov/cgi-bin/browse-edgar?action=getcompany&CIK=0000023217&type=&dateb=&owner=include&count=40,matched,company_tickers_json
393,Baxter International,BAX,BAX,10456,0000010456,BAXTER INTERNATIONAL INC,https://data.sec.gov/submissions/CIK0000010456.json,https://data.sec.gov/api/xbrl/companyfacts/CIK0000010456.json,https://data.sec.gov/api/xbrl/companyconcept/CIK0000010456/us-gaap/Revenues.json,https://www.sec.gov/cgi-bin/browse-edgar?action=getcompany&CIK=0000010456&type=&dateb=&owner=include&count=40,matched,company_tickers_json
394,Booz Allen Hamilton,BAH,BAH,1443646,0001443646,Booz Allen Hamilton Holding Corp,https://data.sec.gov/submissions/CIK0001443646.json,https://data.sec.gov/api/xbrl/companyfacts/CIK0001443646.json,https://data.sec.gov/api/xbrl/companyconcept/CIK0001443646/us-gaap/Revenues.json,https://www.sec.gov/cgi-bin/browse-edgar?action=getcompany&CIK=0001443646&type=&dateb=&owner=include&count=40,matched,company_tickers_json
395,Westlake,WLK,WLK,1262823,0001262823,WESTLAKE CORP,https://data.sec.gov/submissions/CIK0001262823.json,https://data.sec.gov/api/xbrl/companyfacts/CIK0001262823.json,https://data.sec.gov/api/xbrl/companyconcept/CIK0001262823/us-gaap/Revenues.json,https://www.sec.gov/cgi-bin/browse-edgar?action=getcompany&CIK=0001262823&type=&dateb=&owner=include&count=40,matched,company_tickers_json
396,Westinghouse Air Brake Technologies,WAB,WAB,943452,0000943452,WESTINGHOUSE AIR BRAKE TECHNOLOGIES CORP,https://data.sec.gov/submissions/CIK0000943452.json,https://data.sec.gov/api/xbrl/companyfacts/CIK0000943452.json,https://data.sec.gov/api/xbrl/companyconcept/CIK0000943452/us-gaap/Revenues.json,https://www.sec.gov/cgi-bin/browse-edgar?action=getcompany&CIK=0000943452&type=&dateb=&owner=include&count=40,matched,company_tickers_json
397,Lululemon athletica,LULU,LULU,1397187,0001397187,lululemon athletica inc.,https://data.sec.gov/submissions/CIK0001397187.json,https://data.sec.gov/api/xbrl/companyfacts/CIK0001397187.json,https://data.sec.gov/api/xbrl/companyconcept/CIK0001397187/us-gaap/Revenues.json,https://www.sec.gov/cgi-bin/browse-edgar?action=getcompany&CIK=0001397187&type=&dateb=&owner=include&count=40,matched,company_tickers_json
398,Ebay,EBAY,EBAY,1065088,0001065088,EBAY INC,https://data.sec.gov/submissions/CIK0001065088.json,https://data.sec.gov/api/xbrl/companyfacts/CIK0001065088.json,https://data.sec.gov/api/xbrl/companyconcept/CIK0001065088/us-gaap/Revenues.json,https://www.sec.gov/cgi-bin/browse-edgar?action=getcompany&CIK=0001065088&type=&dateb=&owner=include&count=40,matched,company_tickers_json
399,Expeditors International of Washington,EXPD,EXPD,746515,0000746515,EXPEDITORS INTERNATIONAL OF WASHINGTON INC,https://data.sec.gov/submissions/CIK0000746515.json,https://data.sec.gov/api/xbrl/companyfacts/CIK0000746515.json,https://data.sec.gov/api/xbrl/companyconcept/CIK0000746515/us-gaap/Revenues.json,https://www.sec.gov/cgi-bin/browse-edgar?action=getcompany&CIK=0000746515&type=&dateb=&owner=include&count=40,matched,company_tickers_json
400,Quest Diagnostics,DGX,DGX,1022079,0001022079,QUEST DIAGNOSTICS INC,https://data.sec.gov/submissions/CIK0001022079.json,https://data.sec.gov/api/xbrl/companyfacts/CIK0001022079.json,https://data.sec.gov/api/xbrl/companyconcept/CIK0001022079/us-gaap/Revenues.json,https://www.sec.gov/cgi-bin/browse-edgar?action=getcompany&CIK=0001022079&type=&dateb=&owner=include&count=40,matched,company_tickers_json
401,Analog Devices,ADI,ADI,6281,0000006281,ANALOG DEVICES INC,https://data.sec.gov/submissions/CIK0000006281.json,https://data.sec.gov/api/xbrl/companyfacts/CIK0000006281.json,https://data.sec.gov/api/xbrl/companyconcept/CIK0000006281/us-gaap/Revenues.json,https://www.sec.gov/cgi-bin/browse-edgar?action=getcompany&CIK=0000006281&type=&dateb=&owner=include&count=40,matched,company_tickers_json
402,Andersons,ANDE,ANDE,821026,0000821026,"Andersons, Inc.",https://data.sec.gov/submissions/CIK0000821026.json,https://data.sec.gov/api/xbrl/companyfacts/CIK0000821026.json,https://data.sec.gov/api/xbrl/companyconcept/CIK0000821026/us-gaap/Revenues.json,https://www.sec.gov/cgi-bin/browse-edgar?action=getcompany&CIK=0000821026&type=&dateb=&owner=include&count=40,matched,company_tickers_json
403,A-Mark Precious Metals,AMRK,GOLD,1591588,0001591588,"Gold.com, Inc. (f/k/a A-Mark Precious Metals)",https://data.sec.gov/submissions/CIK0001591588.json,https://data.sec.gov/api/xbrl/companyfacts/CIK0001591588.json,https://data.sec.gov/api/xbrl/companyconcept/CIK0001591588/us-gaap/Revenues.json,https://www.sec.gov/cgi-bin/browse-edgar?action=getcompany&CIK=0001591588&type=&dateb=&owner=include&count=40,matched,manual_cik_lookup
404,Toll Brothers,TOL,TOL,794170,0000794170,"Toll Brothers, Inc.",https://data.sec.gov/submissions/CIK0000794170.json,https://data.sec.gov/api/xbrl/companyfacts/CIK0000794170.json,https://data.sec.gov/api/xbrl/companyconcept/CIK0000794170/us-gaap/Revenues.json,https://www.sec.gov/cgi-bin/browse-edgar?action=getcompany&CIK=0000794170&type=&dateb=&owner=include&count=40,matched,company_tickers_json
405,Thrivent Financial for Lutherans,Non-public,,,,,,,,,no_ticker,
406,International Flavors & Fragrances,IFF,IFF,51253,0000051253,INTERNATIONAL FLAVORS & FRAGRANCES INC,https://data.sec.gov/submissions/CIK0000051253.json,https://data.sec.gov/api/xbrl/companyfacts/CIK0000051253.json,https://data.sec.gov/api/xbrl/companyconcept/CIK0000051253/us-gaap/Revenues.json,https://www.sec.gov/cgi-bin/browse-edgar?action=getcompany&CIK=0000051253&type=&dateb=&owner=include&count=40,matched,company_tickers_json
407,Welltower,WELL,WELL,766704,0000766704,WELLTOWER INC.,https://data.sec.gov/submissions/CIK0000766704.json,https://data.sec.gov/api/xbrl/companyfacts/CIK0000766704.json,https://data.sec.gov/api/xbrl/companyconcept/CIK0000766704/us-gaap/Revenues.json,https://www.sec.gov/cgi-bin/browse-edgar?action=getcompany&CIK=0000766704&type=&dateb=&owner=include&count=40,matched,company_tickers_json
408,Jefferies Financial,JEF,JEF,96223,0000096223,Jefferies Financial Group Inc.,https://data.sec.gov/submissions/CIK0000096223.json,https://data.sec.gov/api/xbrl/companyfacts/CIK0000096223.json,https://data.sec.gov/api/xbrl/companyconcept/CIK0000096223/us-gaap/Revenues.json,https://www.sec.gov/cgi-bin/browse-edgar?action=getcompany&CIK=0000096223&type=&dateb=&owner=include&count=40,matched,company_tickers_json
409,Autoliv,ALV,ALV,1034670,0001034670,AUTOLIV INC,https://data.sec.gov/submissions/CIK0001034670.json,https://data.sec.gov/api/xbrl/companyfacts/CIK0001034670.json,https://data.sec.gov/api/xbrl/companyconcept/CIK0001034670/us-gaap/Revenues.json,https://www.sec.gov/cgi-bin/browse-edgar?action=getcompany&CIK=0001034670&type=&dateb=&owner=include&count=40,matched,company_tickers_json
410,Mohawk Industries,MHK,MHK,851968,0000851968,MOHAWK INDUSTRIES INC,https://data.sec.gov/submissions/CIK0000851968.json,https://data.sec.gov/api/xbrl/companyfacts/CIK0000851968.json,https://data.sec.gov/api/xbrl/companyconcept/CIK0000851968/us-gaap/Revenues.json,https://www.sec.gov/cgi-bin/browse-edgar?action=getcompany&CIK=0000851968&type=&dateb=&owner=include&count=40,matched,company_tickers_json
411,Owens & Minor,OMI,ACH,75252,0000075252,ACCENDRA HEALTH INC/VA/ (f/k/a Owens & Minor),https://data.sec.gov/submissions/CIK0000075252.json,https://data.sec.gov/api/xbrl/companyfacts/CIK0000075252.json,https://data.sec.gov/api/xbrl/companyconcept/CIK0000075252/us-gaap/Revenues.json,https://www.sec.gov/cgi-bin/browse-edgar?action=getcompany&CIK=0000075252&type=&dateb=&owner=include&count=40,matched,manual_cik_lookup
412,Delek US,DK,DK,1694426,0001694426,"Delek US Holdings, Inc.",https://data.sec.gov/submissions/CIK0001694426.json,https://data.sec.gov/api/xbrl/companyfacts/CIK0001694426.json,https://data.sec.gov/api/xbrl/companyconcept/CIK0001694426/us-gaap/Revenues.json,https://www.sec.gov/cgi-bin/browse-edgar?action=getcompany&CIK=0001694426&type=&dateb=&owner=include&count=40,matched,company_tickers_json
413,Interpublic,IPG,IPG,51644,0000051644,"INTERPUBLIC GROUP OF COMPANIES, INC.",https://data.sec.gov/submissions/CIK0000051644.json,https://data.sec.gov/api/xbrl/companyfacts/CIK0000051644.json,https://data.sec.gov/api/xbrl/companyconcept/CIK0000051644/us-gaap/Revenues.json,https://www.sec.gov/cgi-bin/browse-edgar?action=getcompany&CIK=0000051644&type=&dateb=&owner=include&count=40,matched,manual_cik_lookup
414,Fidelity National Information,FIS,FIS,1136893,0001136893,"Fidelity National Information Services, Inc.",https://data.sec.gov/submissions/CIK0001136893.json,https://data.sec.gov/api/xbrl/companyfacts/CIK0001136893.json,https://data.sec.gov/api/xbrl/companyconcept/CIK0001136893/us-gaap/Revenues.json,https://www.sec.gov/cgi-bin/browse-edgar?action=getcompany&CIK=0001136893&type=&dateb=&owner=include&count=40,matched,company_tickers_json
415,American Tower,AMT,AMT,1053507,0001053507,AMERICAN TOWER CORP /MA/,https://data.sec.gov/submissions/CIK0001053507.json,https://data.sec.gov/api/xbrl/companyfacts/CIK0001053507.json,https://data.sec.gov/api/xbrl/companyconcept/CIK0001053507/us-gaap/Revenues.json,https://www.sec.gov/cgi-bin/browse-edgar?action=getcompany&CIK=0001053507&type=&dateb=&owner=include&count=40,matched,company_tickers_json
416,Oshkosh,OSK,OSK,775158,0000775158,OSHKOSH CORP,https://data.sec.gov/submissions/CIK0000775158.json,https://data.sec.gov/api/xbrl/companyfacts/CIK0000775158.json,https://data.sec.gov/api/xbrl/companyconcept/CIK0000775158/us-gaap/Revenues.json,https://www.sec.gov/cgi-bin/browse-edgar?action=getcompany&CIK=0000775158&type=&dateb=&owner=include&count=40,matched,company_tickers_json
417,FM,Non-public,,,,,,,,,no_ticker,
418,Cintas,CTAS,CTAS,723254,0000723254,CINTAS CORP,https://data.sec.gov/submissions/CIK0000723254.json,https://data.sec.gov/api/xbrl/companyfacts/CIK0000723254.json,https://data.sec.gov/api/xbrl/companyconcept/CIK0000723254/us-gaap/Revenues.json,https://www.sec.gov/cgi-bin/browse-edgar?action=getcompany&CIK=0000723254&type=&dateb=&owner=include&count=40,matched,company_tickers_json
419,NVR,NVR,NVR,906163,0000906163,NVR INC,https://data.sec.gov/submissions/CIK0000906163.json,https://data.sec.gov/api/xbrl/companyfacts/CIK0000906163.json,https://data.sec.gov/api/xbrl/companyconcept/CIK0000906163/us-gaap/Revenues.json,https://www.sec.gov/cgi-bin/browse-edgar?action=getcompany&CIK=0000906163&type=&dateb=&owner=include&count=40,matched,company_tickers_json
420,Cushman & Wakefield,CWK,CWK,1628369,0001628369,Cushman & Wakefield Ltd.,https://data.sec.gov/submissions/CIK0001628369.json,https://data.sec.gov/api/xbrl/companyfacts/CIK0001628369.json,https://data.sec.gov/api/xbrl/companyconcept/CIK0001628369/us-gaap/Revenues.json,https://www.sec.gov/cgi-bin/browse-edgar?action=getcompany&CIK=0001628369&type=&dateb=&owner=include&count=40,matched,company_tickers_json
421,Campbell's,CPB,CPB,16732,0000016732,CAMPBELL'S Co,https://data.sec.gov/submissions/CIK0000016732.json,https://data.sec.gov/api/xbrl/companyfacts/CIK0000016732.json,https://data.sec.gov/api/xbrl/companyconcept/CIK0000016732/us-gaap/Revenues.json,https://www.sec.gov/cgi-bin/browse-edgar?action=getcompany&CIK=0000016732&type=&dateb=&owner=include&count=40,matched,company_tickers_json
422,Vertiv,VRT,VRT,1674101,0001674101,Vertiv Holdings Co,https://data.sec.gov/submissions/CIK0001674101.json,https://data.sec.gov/api/xbrl/companyfacts/CIK0001674101.json,https://data.sec.gov/api/xbrl/companyconcept/CIK0001674101/us-gaap/Revenues.json,https://www.sec.gov/cgi-bin/browse-edgar?action=getcompany&CIK=0001674101&type=&dateb=&owner=include&count=40,matched,company_tickers_json
423,Owens Corning,OC,OC,1370946,0001370946,Owens Corning,https://data.sec.gov/submissions/CIK0001370946.json,https://data.sec.gov/api/xbrl/companyfacts/CIK0001370946.json,https://data.sec.gov/api/xbrl/companyconcept/CIK0001370946/us-gaap/Revenues.json,https://www.sec.gov/cgi-bin/browse-edgar?action=getcompany&CIK=0001370946&type=&dateb=&owner=include&count=40,matched,company_tickers_json
424,AGCO,AGCO,AGCO,880266,0000880266,AGCO CORP /DE,https://data.sec.gov/submissions/CIK0000880266.json,https://data.sec.gov/api/xbrl/companyfacts/CIK0000880266.json,https://data.sec.gov/api/xbrl/companyconcept/CIK0000880266/us-gaap/Revenues.json,https://www.sec.gov/cgi-bin/browse-edgar?action=getcompany&CIK=0000880266&type=&dateb=&owner=include&count=40,matched,company_tickers_json
425,Intuitive Surgical,ISRG,ISRG,1035267,0001035267,INTUITIVE SURGICAL INC,https://data.sec.gov/submissions/CIK0001035267.json,https://data.sec.gov/api/xbrl/companyfacts/CIK0001035267.json,https://data.sec.gov/api/xbrl/companyconcept/CIK0001035267/us-gaap/Revenues.json,https://www.sec.gov/cgi-bin/browse-edgar?action=getcompany&CIK=0001035267&type=&dateb=&owner=include&count=40,matched,company_tickers_json
426,Biogen,BIIB,BIIB,875045,0000875045,BIOGEN INC.,https://data.sec.gov/submissions/CIK0000875045.json,https://data.sec.gov/api/xbrl/companyfacts/CIK0000875045.json,https://data.sec.gov/api/xbrl/companyconcept/CIK0000875045/us-gaap/Revenues.json,https://www.sec.gov/cgi-bin/browse-edgar?action=getcompany&CIK=0000875045&type=&dateb=&owner=include&count=40,matched,company_tickers_json
427,Norwegian Cruise Line,NCLH,NCLH,1513761,0001513761,Norwegian Cruise Line Holdings Ltd.,https://data.sec.gov/submissions/CIK0001513761.json,https://data.sec.gov/api/xbrl/companyfacts/CIK0001513761.json,https://data.sec.gov/api/xbrl/companyconcept/CIK0001513761/us-gaap/Revenues.json,https://www.sec.gov/cgi-bin/browse-edgar?action=getcompany&CIK=0001513761&type=&dateb=&owner=include&count=40,matched,company_tickers_json
428,Concentrix,CNXC,CNXC,1803599,0001803599,Concentrix Corp,https://data.sec.gov/submissions/CIK0001803599.json,https://data.sec.gov/api/xbrl/companyfacts/CIK0001803599.json,https://data.sec.gov/api/xbrl/companyconcept/CIK0001803599/us-gaap/Revenues.json,https://www.sec.gov/cgi-bin/browse-edgar?action=getcompany&CIK=0001803599&type=&dateb=&owner=include&count=40,matched,company_tickers_json
429,WEC Energy,WEC,WEC,783325,0000783325,"WEC ENERGY GROUP, INC.",https://data.sec.gov/submissions/CIK0000783325.json,https://data.sec.gov/api/xbrl/companyfacts/CIK0000783325.json,https://data.sec.gov/api/xbrl/companyconcept/CIK0000783325/us-gaap/Revenues.json,https://www.sec.gov/cgi-bin/browse-edgar?action=getcompany&CIK=0000783325&type=&dateb=&owner=include&count=40,matched,company_tickers_json
430,Seaboard,SEB,SEB,88121,0000088121,SEABOARD CORP /DE/,https://data.sec.gov/submissions/CIK0000088121.json,https://data.sec.gov/api/xbrl/companyfacts/CIK0000088121.json,https://data.sec.gov/api/xbrl/companyconcept/CIK0000088121/us-gaap/Revenues.json,https://www.sec.gov/cgi-bin/browse-edgar?action=getcompany&CIK=0000088121&type=&dateb=&owner=include&count=40,matched,company_tickers_json
431,Icahn Enterprises,IEP,IEP,813762,0000813762,ICAHN ENTERPRISES L.P.,https://data.sec.gov/submissions/CIK0000813762.json,https://data.sec.gov/api/xbrl/companyfacts/CIK0000813762.json,https://data.sec.gov/api/xbrl/companyconcept/CIK0000813762/us-gaap/Revenues.json,https://www.sec.gov/cgi-bin/browse-edgar?action=getcompany&CIK=0000813762&type=&dateb=&owner=include&count=40,matched,company_tickers_json
432,Synchrony Financial,SYF,SYF,1601712,0001601712,Synchrony Financial,https://data.sec.gov/submissions/CIK0001601712.json,https://data.sec.gov/api/xbrl/companyfacts/CIK0001601712.json,https://data.sec.gov/api/xbrl/companyconcept/CIK0001601712/us-gaap/Revenues.json,https://www.sec.gov/cgi-bin/browse-edgar?action=getcompany&CIK=0001601712&type=&dateb=&owner=include&count=40,matched,company_tickers_json
433,VF,VFC,VFC,103379,0000103379,V F CORP,https://data.sec.gov/submissions/CIK0000103379.json,https://data.sec.gov/api/xbrl/companyfacts/CIK0000103379.json,https://data.sec.gov/api/xbrl/companyconcept/CIK0000103379/us-gaap/Revenues.json,https://www.sec.gov/cgi-bin/browse-edgar?action=getcompany&CIK=0000103379&type=&dateb=&owner=include&count=40,matched,company_tickers_json
434,THOR Industries,THO,THO,730263,0000730263,THOR INDUSTRIES INC,https://data.sec.gov/submissions/CIK0000730263.json,https://data.sec.gov/api/xbrl/companyfacts/CIK0000730263.json,https://data.sec.gov/api/xbrl/companyconcept/CIK0000730263/us-gaap/Revenues.json,https://www.sec.gov/cgi-bin/browse-edgar?action=getcompany&CIK=0000730263&type=&dateb=&owner=include&count=40,matched,company_tickers_json
435,Workday,WDAY,WDAY,1327811,0001327811,"Workday, Inc.",https://data.sec.gov/submissions/CIK0001327811.json,https://data.sec.gov/api/xbrl/companyfacts/CIK0001327811.json,https://data.sec.gov/api/xbrl/companyconcept/CIK0001327811/us-gaap/Revenues.json,https://www.sec.gov/cgi-bin/browse-edgar?action=getcompany&CIK=0001327811&type=&dateb=&owner=include&count=40,matched,company_tickers_json
436,SpartanNash,SPTN,SPTN,877422,0000877422,SpartanNash Co,https://data.sec.gov/submissions/CIK0000877422.json,https://data.sec.gov/api/xbrl/companyfacts/CIK0000877422.json,https://data.sec.gov/api/xbrl/companyconcept/CIK0000877422/us-gaap/Revenues.json,https://www.sec.gov/cgi-bin/browse-edgar?action=getcompany&CIK=0000877422&type=&dateb=&owner=include&count=40,matched,manual_cik_lookup
437,Celanese,CE,CE,1306830,0001306830,Celanese Corp,https://data.sec.gov/submissions/CIK0001306830.json,https://data.sec.gov/api/xbrl/companyfacts/CIK0001306830.json,https://data.sec.gov/api/xbrl/companyconcept/CIK0001306830/us-gaap/Revenues.json,https://www.sec.gov/cgi-bin/browse-edgar?action=getcompany&CIK=0001306830&type=&dateb=&owner=include&count=40,matched,company_tickers_json
438,First Citizens BancShares,FCNCA,FCNCA,798941,0000798941,FIRST CITIZENS BANCSHARES INC /DE/,https://data.sec.gov/submissions/CIK0000798941.json,https://data.sec.gov/api/xbrl/companyfacts/CIK0000798941.json,https://data.sec.gov/api/xbrl/companyconcept/CIK0000798941/us-gaap/Revenues.json,https://www.sec.gov/cgi-bin/browse-edgar?action=getcompany&CIK=0000798941&type=&dateb=&owner=include&count=40,matched,company_tickers_json
439,Western Digital,WDC,WDC,106040,0000106040,WESTERN DIGITAL CORP,https://data.sec.gov/submissions/CIK0000106040.json,https://data.sec.gov/api/xbrl/companyfacts/CIK0000106040.json,https://data.sec.gov/api/xbrl/companyconcept/CIK0000106040/us-gaap/Revenues.json,https://www.sec.gov/cgi-bin/browse-edgar?action=getcompany&CIK=0000106040&type=&dateb=&owner=include&count=40,matched,company_tickers_json
440,Ace Hardware,Non-public,,,,,,,,,no_ticker,
441,Zoetis,ZTS,ZTS,1555280,0001555280,Zoetis Inc.,https://data.sec.gov/submissions/CIK0001555280.json,https://data.sec.gov/api/xbrl/companyfacts/CIK0001555280.json,https://data.sec.gov/api/xbrl/companyconcept/CIK0001555280/us-gaap/Revenues.json,https://www.sec.gov/cgi-bin/browse-edgar?action=getcompany&CIK=0001555280&type=&dateb=&owner=include&count=40,matched,company_tickers_json
442,APA,APA,APA,1841666,0001841666,APA Corp,https://data.sec.gov/submissions/CIK0001841666.json,https://data.sec.gov/api/xbrl/companyfacts/CIK0001841666.json,https://data.sec.gov/api/xbrl/companyconcept/CIK0001841666/us-gaap/Revenues.json,https://www.sec.gov/cgi-bin/browse-edgar?action=getcompany&CIK=0001841666&type=&dateb=&owner=include&count=40,matched,company_tickers_json
443,CenterPoint Energy,CNP,CNP,1130310,0001130310,CENTERPOINT ENERGY INC,https://data.sec.gov/submissions/CIK0001130310.json,https://data.sec.gov/api/xbrl/companyfacts/CIK0001130310.json,https://data.sec.gov/api/xbrl/companyconcept/CIK0001130310/us-gaap/Revenues.json,https://www.sec.gov/cgi-bin/browse-edgar?action=getcompany&CIK=0001130310&type=&dateb=&owner=include&count=40,matched,company_tickers_json
444,Palo Alto Networks,PANW,PANW,1327567,0001327567,Palo Alto Networks Inc,https://data.sec.gov/submissions/CIK0001327567.json,https://data.sec.gov/api/xbrl/companyfacts/CIK0001327567.json,https://data.sec.gov/api/xbrl/companyconcept/CIK0001327567/us-gaap/Revenues.json,https://www.sec.gov/cgi-bin/browse-edgar?action=getcompany&CIK=0001327567&type=&dateb=&owner=include&count=40,matched,company_tickers_json
445,Equinix,EQIX,EQIX,1101239,0001101239,EQUINIX INC,https://data.sec.gov/submissions/CIK0001101239.json,https://data.sec.gov/api/xbrl/companyfacts/CIK0001101239.json,https://data.sec.gov/api/xbrl/companyconcept/CIK0001101239/us-gaap/Revenues.json,https://www.sec.gov/cgi-bin/browse-edgar?action=getcompany&CIK=0001101239&type=&dateb=&owner=include&count=40,matched,company_tickers_json
446,Constellation Brands,STZ,STZ,16918,0000016918,"CONSTELLATION BRANDS, INC.",https://data.sec.gov/submissions/CIK0000016918.json,https://data.sec.gov/api/xbrl/companyfacts/CIK0000016918.json,https://data.sec.gov/api/xbrl/companyconcept/CIK0000016918/us-gaap/Revenues.json,https://www.sec.gov/cgi-bin/browse-edgar?action=getcompany&CIK=0000016918&type=&dateb=&owner=include&count=40,matched,company_tickers_json
447,Old Republic International,ORI,ORI,74260,0000074260,OLD REPUBLIC INTERNATIONAL CORP,https://data.sec.gov/submissions/CIK0000074260.json,https://data.sec.gov/api/xbrl/companyfacts/CIK0000074260.json,https://data.sec.gov/api/xbrl/companyconcept/CIK0000074260/us-gaap/Revenues.json,https://www.sec.gov/cgi-bin/browse-edgar?action=getcompany&CIK=0000074260&type=&dateb=&owner=include&count=40,matched,company_tickers_json
448,Comfort Systems USA,FIX,FIX,1035983,0001035983,COMFORT SYSTEMS USA INC,https://data.sec.gov/submissions/CIK0001035983.json,https://data.sec.gov/api/xbrl/companyfacts/CIK0001035983.json,https://data.sec.gov/api/xbrl/companyconcept/CIK0001035983/us-gaap/Revenues.json,https://www.sec.gov/cgi-bin/browse-edgar?action=getcompany&CIK=0001035983&type=&dateb=&owner=include&count=40,matched,company_tickers_json
449,M&T Bank,MTB,MTB,36270,0000036270,M&T BANK CORP,https://data.sec.gov/submissions/CIK0000036270.json,https://data.sec.gov/api/xbrl/companyfacts/CIK0000036270.json,https://data.sec.gov/api/xbrl/companyconcept/CIK0000036270/us-gaap/Revenues.json,https://www.sec.gov/cgi-bin/browse-edgar?action=getcompany&CIK=0000036270&type=&dateb=&owner=include&count=40,matched,company_tickers_json
450,JetBlue Airways,JBLU,JBLU,1158463,0001158463,JETBLUE AIRWAYS CORP,https://data.sec.gov/submissions/CIK0001158463.json,https://data.sec.gov/api/xbrl/companyfacts/CIK0001158463.json,https://data.sec.gov/api/xbrl/companyconcept/CIK0001158463/us-gaap/Revenues.json,https://www.sec.gov/cgi-bin/browse-edgar?action=getcompany&CIK=0001158463&type=&dateb=&owner=include&count=40,matched,company_tickers_json
451,J.M. Smucker,SJM,SJM,91419,0000091419,J M SMUCKER Co,https://data.sec.gov/submissions/CIK0000091419.json,https://data.sec.gov/api/xbrl/companyfacts/CIK0000091419.json,https://data.sec.gov/api/xbrl/companyconcept/CIK0000091419/us-gaap/Revenues.json,https://www.sec.gov/cgi-bin/browse-edgar?action=getcompany&CIK=0000091419&type=&dateb=&owner=include&count=40,matched,company_tickers_json
452,PPL,PPL,PPL,922224,0000922224,PPL Corp,https://data.sec.gov/submissions/CIK0000922224.json,https://data.sec.gov/api/xbrl/companyfacts/CIK0000922224.json,https://data.sec.gov/api/xbrl/companyconcept/CIK0000922224/us-gaap/Revenues.json,https://www.sec.gov/cgi-bin/browse-edgar?action=getcompany&CIK=0000922224&type=&dateb=&owner=include&count=40,matched,company_tickers_json
453,Xylem,XYL,XYL,1524472,0001524472,Xylem Inc.,https://data.sec.gov/submissions/CIK0001524472.json,https://data.sec.gov/api/xbrl/companyfacts/CIK0001524472.json,https://data.sec.gov/api/xbrl/companyconcept/CIK0001524472/us-gaap/Revenues.json,https://www.sec.gov/cgi-bin/browse-edgar?action=getcompany&CIK=0001524472&type=&dateb=&owner=include&count=40,matched,company_tickers_json
454,Arista Networks,ANET,ANET,1596532,0001596532,"Arista Networks, Inc.",https://data.sec.gov/submissions/CIK0001596532.json,https://data.sec.gov/api/xbrl/companyfacts/CIK0001596532.json,https://data.sec.gov/api/xbrl/companyconcept/CIK0001596532/us-gaap/Revenues.json,https://www.sec.gov/cgi-bin/browse-edgar?action=getcompany&CIK=0001596532&type=&dateb=&owner=include&count=40,matched,company_tickers_json
455,Packaging Corp. of America,PKG,PKG,75677,0000075677,PACKAGING CORP OF AMERICA,https://data.sec.gov/submissions/CIK0000075677.json,https://data.sec.gov/api/xbrl/companyfacts/CIK0000075677.json,https://data.sec.gov/api/xbrl/companyconcept/CIK0000075677/us-gaap/Revenues.json,https://www.sec.gov/cgi-bin/browse-edgar?action=getcompany&CIK=0000075677&type=&dateb=&owner=include&count=40,matched,company_tickers_json
456,Skechers U.S.A.,SKX,SKX,1065837,0001065837,SKECHERS USA INC,https://data.sec.gov/submissions/CIK0001065837.json,https://data.sec.gov/api/xbrl/companyfacts/CIK0001065837.json,https://data.sec.gov/api/xbrl/companyconcept/CIK0001065837/us-gaap/Revenues.json,https://www.sec.gov/cgi-bin/browse-edgar?action=getcompany&CIK=0001065837&type=&dateb=&owner=include&count=40,matched,manual_cik_lookup
457,PVH,PVH,PVH,78239,0000078239,PVH CORP. /DE/,https://data.sec.gov/submissions/CIK0000078239.json,https://data.sec.gov/api/xbrl/companyfacts/CIK0000078239.json,https://data.sec.gov/api/xbrl/companyconcept/CIK0000078239/us-gaap/Revenues.json,https://www.sec.gov/cgi-bin/browse-edgar?action=getcompany&CIK=0000078239&type=&dateb=&owner=include&count=40,matched,company_tickers_json
458,Ovintiv,OVV,OVV,1792580,0001792580,Ovintiv Inc.,https://data.sec.gov/submissions/CIK0001792580.json,https://data.sec.gov/api/xbrl/companyfacts/CIK0001792580.json,https://data.sec.gov/api/xbrl/companyconcept/CIK0001792580/us-gaap/Revenues.json,https://www.sec.gov/cgi-bin/browse-edgar?action=getcompany&CIK=0001792580&type=&dateb=&owner=include&count=40,matched,company_tickers_json
459,Avery Dennison,AVY,AVY,8818,0000008818,Avery Dennison Corp,https://data.sec.gov/submissions/CIK0000008818.json,https://data.sec.gov/api/xbrl/companyfacts/CIK0000008818.json,https://data.sec.gov/api/xbrl/companyconcept/CIK0000008818/us-gaap/Revenues.json,https://www.sec.gov/cgi-bin/browse-edgar?action=getcompany&CIK=0000008818&type=&dateb=&owner=include&count=40,matched,company_tickers_json
460,TransDigm,TDG,TDG,1260221,0001260221,TransDigm Group INC,https://data.sec.gov/submissions/CIK0001260221.json,https://data.sec.gov/api/xbrl/companyfacts/CIK0001260221.json,https://data.sec.gov/api/xbrl/companyconcept/CIK0001260221/us-gaap/Revenues.json,https://www.sec.gov/cgi-bin/browse-edgar?action=getcompany&CIK=0001260221&type=&dateb=&owner=include&count=40,matched,company_tickers_json
461,Sprouts Farmers Market,SFM,SFM,1575515,0001575515,"Sprouts Farmers Market, Inc.",https://data.sec.gov/submissions/CIK0001575515.json,https://data.sec.gov/api/xbrl/companyfacts/CIK0001575515.json,https://data.sec.gov/api/xbrl/companyconcept/CIK0001575515/us-gaap/Revenues.json,https://www.sec.gov/cgi-bin/browse-edgar?action=getcompany&CIK=0001575515&type=&dateb=&owner=include&count=40,matched,company_tickers_json
462,Ameren,AEE,AEE,1002910,0001002910,AMEREN CORP,https://data.sec.gov/submissions/CIK0001002910.json,https://data.sec.gov/api/xbrl/companyfacts/CIK0001002910.json,https://data.sec.gov/api/xbrl/companyconcept/CIK0001002910/us-gaap/Revenues.json,https://www.sec.gov/cgi-bin/browse-edgar?action=getcompany&CIK=0001002910&type=&dateb=&owner=include&count=40,matched,company_tickers_json
463,Prologis,PLD,PLD,1045609,0001045609,"Prologis, Inc.",https://data.sec.gov/submissions/CIK0001045609.json,https://data.sec.gov/api/xbrl/companyfacts/CIK0001045609.json,https://data.sec.gov/api/xbrl/companyconcept/CIK0001045609/us-gaap/Revenues.json,https://www.sec.gov/cgi-bin/browse-edgar?action=getcompany&CIK=0001045609&type=&dateb=&owner=include&count=40,matched,company_tickers_json
464,Franklin Resources,BEN,BEN,38777,0000038777,FRANKLIN RESOURCES INC,https://data.sec.gov/submissions/CIK0000038777.json,https://data.sec.gov/api/xbrl/companyfacts/CIK0000038777.json,https://data.sec.gov/api/xbrl/companyconcept/CIK0000038777/us-gaap/Revenues.json,https://www.sec.gov/cgi-bin/browse-edgar?action=getcompany&CIK=0000038777&type=&dateb=&owner=include&count=40,matched,company_tickers_json
465,Eastman Chemical,EMN,EMN,915389,0000915389,EASTMAN CHEMICAL CO,https://data.sec.gov/submissions/CIK0000915389.json,https://data.sec.gov/api/xbrl/companyfacts/CIK0000915389.json,https://data.sec.gov/api/xbrl/companyconcept/CIK0000915389/us-gaap/Revenues.json,https://www.sec.gov/cgi-bin/browse-edgar?action=getcompany&CIK=0000915389&type=&dateb=&owner=include&count=40,matched,company_tickers_json
466,ABM Industries,ABM,ABM,771497,0000771497,ABM INDUSTRIES INC /DE/,https://data.sec.gov/submissions/CIK0000771497.json,https://data.sec.gov/api/xbrl/companyfacts/CIK0000771497.json,https://data.sec.gov/api/xbrl/companyconcept/CIK0000771497/us-gaap/Revenues.json,https://www.sec.gov/cgi-bin/browse-edgar?action=getcompany&CIK=0000771497&type=&dateb=&owner=include&count=40,matched,company_tickers_json
467,NOV,NOV,NOV,1021860,0001021860,NOV Inc.,https://data.sec.gov/submissions/CIK0001021860.json,https://data.sec.gov/api/xbrl/companyfacts/CIK0001021860.json,https://data.sec.gov/api/xbrl/companyconcept/CIK0001021860/us-gaap/Revenues.json,https://www.sec.gov/cgi-bin/browse-edgar?action=getcompany&CIK=0001021860&type=&dateb=&owner=include&count=40,matched,company_tickers_json
468,EQT,EQT,EQT,33213,0000033213,EQT Corp,https://data.sec.gov/submissions/CIK0000033213.json,https://data.sec.gov/api/xbrl/companyfacts/CIK0000033213.json,https://data.sec.gov/api/xbrl/companyconcept/CIK0000033213/us-gaap/Revenues.json,https://www.sec.gov/cgi-bin/browse-edgar?action=getcompany&CIK=0000033213&type=&dateb=&owner=include&count=40,matched,company_tickers_json
469,CACI International,CACI,CACI,16058,0000016058,CACI INTERNATIONAL INC /DE/,https://data.sec.gov/submissions/CIK0000016058.json,https://data.sec.gov/api/xbrl/companyfacts/CIK0000016058.json,https://data.sec.gov/api/xbrl/companyconcept/CIK0000016058/us-gaap/Revenues.json,https://www.sec.gov/cgi-bin/browse-edgar?action=getcompany&CIK=0000016058&type=&dateb=&owner=include&count=40,matched,company_tickers_json
470,Graphic Packaging,GPK,GPK,1408075,0001408075,GRAPHIC PACKAGING HOLDING CO,https://data.sec.gov/submissions/CIK0001408075.json,https://data.sec.gov/api/xbrl/companyfacts/CIK0001408075.json,https://data.sec.gov/api/xbrl/companyconcept/CIK0001408075/us-gaap/Revenues.json,https://www.sec.gov/cgi-bin/browse-edgar?action=getcompany&CIK=0001408075&type=&dateb=&owner=include&count=40,matched,company_tickers_json
471,Advance Auto Parts,AAP,AAP,1158449,0001158449,ADVANCE AUTO PARTS INC,https://data.sec.gov/submissions/CIK0001158449.json,https://data.sec.gov/api/xbrl/companyfacts/CIK0001158449.json,https://data.sec.gov/api/xbrl/companyconcept/CIK0001158449/us-gaap/Revenues.json,https://www.sec.gov/cgi-bin/browse-edgar?action=getcompany&CIK=0001158449&type=&dateb=&owner=include&count=40,matched,company_tickers_json
472,Altice USA,ATUS,OPTU,1702780,0001702780,"Optimum Communications, Inc. (Altice USA)",https://data.sec.gov/submissions/CIK0001702780.json,https://data.sec.gov/api/xbrl/companyfacts/CIK0001702780.json,https://data.sec.gov/api/xbrl/companyconcept/CIK0001702780/us-gaap/Revenues.json,https://www.sec.gov/cgi-bin/browse-edgar?action=getcompany&CIK=0001702780&type=&dateb=&owner=include&count=40,matched,manual_cik_lookup
473,Sirius XM,SIRI,SIRI,908937,0000908937,SIRIUS XM HOLDINGS INC.,https://data.sec.gov/submissions/CIK0000908937.json,https://data.sec.gov/api/xbrl/companyfacts/CIK0000908937.json,https://data.sec.gov/api/xbrl/companyconcept/CIK0000908937/us-gaap/Revenues.json,https://www.sec.gov/cgi-bin/browse-edgar?action=getcompany&CIK=0000908937&type=&dateb=&owner=include&count=40,matched,company_tickers_json
474,CMS Energy,CMS,CMS,811156,0000811156,CMS ENERGY CORP,https://data.sec.gov/submissions/CIK0000811156.json,https://data.sec.gov/api/xbrl/companyfacts/CIK0000811156.json,https://data.sec.gov/api/xbrl/companyconcept/CIK0000811156/us-gaap/Revenues.json,https://www.sec.gov/cgi-bin/browse-edgar?action=getcompany&CIK=0000811156&type=&dateb=&owner=include&count=40,matched,company_tickers_json
475,Hertz,HTZ,HTZ,1657853,0001657853,"HERTZ GLOBAL HOLDINGS, INC",https://data.sec.gov/submissions/CIK0001657853.json,https://data.sec.gov/api/xbrl/companyfacts/CIK0001657853.json,https://data.sec.gov/api/xbrl/companyconcept/CIK0001657853/us-gaap/Revenues.json,https://www.sec.gov/cgi-bin/browse-edgar?action=getcompany&CIK=0001657853&type=&dateb=&owner=include&count=40,matched,company_tickers_json
476,News Corp.,NWSA,NWSA,1564708,0001564708,NEWS CORP,https://data.sec.gov/submissions/CIK0001564708.json,https://data.sec.gov/api/xbrl/companyfacts/CIK0001564708.json,https://data.sec.gov/api/xbrl/companyconcept/CIK0001564708/us-gaap/Revenues.json,https://www.sec.gov/cgi-bin/browse-edgar?action=getcompany&CIK=0001564708&type=&dateb=&owner=include&count=40,matched,company_tickers_json
477,Rockwell Automation,ROK,ROK,1024478,0001024478,"ROCKWELL AUTOMATION, INC",https://data.sec.gov/submissions/CIK0001024478.json,https://data.sec.gov/api/xbrl/companyfacts/CIK0001024478.json,https://data.sec.gov/api/xbrl/companyconcept/CIK0001024478/us-gaap/Revenues.json,https://www.sec.gov/cgi-bin/browse-edgar?action=getcompany&CIK=0001024478&type=&dateb=&owner=include&count=40,matched,company_tickers_json
478,Solventum,SOLV,SOLV,1964738,0001964738,Solventum Corp,https://data.sec.gov/submissions/CIK0001964738.json,https://data.sec.gov/api/xbrl/companyfacts/CIK0001964738.json,https://data.sec.gov/api/xbrl/companyconcept/CIK0001964738/us-gaap/Revenues.json,https://www.sec.gov/cgi-bin/browse-edgar?action=getcompany&CIK=0001964738&type=&dateb=&owner=include&count=40,matched,company_tickers_json
479,Monster Beverage,MNST,MNST,865752,0000865752,Monster Beverage Corp,https://data.sec.gov/submissions/CIK0000865752.json,https://data.sec.gov/api/xbrl/companyfacts/CIK0000865752.json,https://data.sec.gov/api/xbrl/companyconcept/CIK0000865752/us-gaap/Revenues.json,https://www.sec.gov/cgi-bin/browse-edgar?action=getcompany&CIK=0000865752&type=&dateb=&owner=include&count=40,matched,company_tickers_json
480,QVC,Non-public,,,,,,,,,no_ticker,
481,Howmet Aerospace,HWM,HWM,4281,0000004281,Howmet Aerospace Inc.,https://data.sec.gov/submissions/CIK0000004281.json,https://data.sec.gov/api/xbrl/companyfacts/CIK0000004281.json,https://data.sec.gov/api/xbrl/companyconcept/CIK0000004281/us-gaap/Revenues.json,https://www.sec.gov/cgi-bin/browse-edgar?action=getcompany&CIK=0000004281&type=&dateb=&owner=include&count=40,matched,company_tickers_json
482,Insight Enterprises,NSIT,NSIT,932696,0000932696,INSIGHT ENTERPRISES INC,https://data.sec.gov/submissions/CIK0000932696.json,https://data.sec.gov/api/xbrl/companyfacts/CIK0000932696.json,https://data.sec.gov/api/xbrl/companyconcept/CIK0000932696/us-gaap/Revenues.json,https://www.sec.gov/cgi-bin/browse-edgar?action=getcompany&CIK=0000932696&type=&dateb=&owner=include&count=40,matched,company_tickers_json
483,Citizens Financial,CFG,CFG,759944,0000759944,CITIZENS FINANCIAL GROUP INC/RI,https://data.sec.gov/submissions/CIK0000759944.json,https://data.sec.gov/api/xbrl/companyfacts/CIK0000759944.json,https://data.sec.gov/api/xbrl/companyconcept/CIK0000759944/us-gaap/Revenues.json,https://www.sec.gov/cgi-bin/browse-edgar?action=getcompany&CIK=0000759944&type=&dateb=&owner=include&count=40,matched,company_tickers_json
484,Zimmer Biomet,ZBH,ZBH,1136869,0001136869,"ZIMMER BIOMET HOLDINGS, INC.",https://data.sec.gov/submissions/CIK0001136869.json,https://data.sec.gov/api/xbrl/companyfacts/CIK0001136869.json,https://data.sec.gov/api/xbrl/companyconcept/CIK0001136869/us-gaap/Revenues.json,https://www.sec.gov/cgi-bin/browse-edgar?action=getcompany&CIK=0001136869&type=&dateb=&owner=include&count=40,matched,company_tickers_json
485,Securian Financial,Non-public,,,,,,,,,no_ticker,
486,Yum Brands,YUM,YUM,1041061,0001041061,YUM BRANDS INC,https://data.sec.gov/submissions/CIK0001041061.json,https://data.sec.gov/api/xbrl/companyfacts/CIK0001041061.json,https://data.sec.gov/api/xbrl/companyconcept/CIK0001041061/us-gaap/Revenues.json,https://www.sec.gov/cgi-bin/browse-edgar?action=getcompany&CIK=0001041061&type=&dateb=&owner=include&count=40,matched,company_tickers_json
487,Fastenal,FAST,FAST,815556,0000815556,FASTENAL CO,https://data.sec.gov/submissions/CIK0000815556.json,https://data.sec.gov/api/xbrl/companyfacts/CIK0000815556.json,https://data.sec.gov/api/xbrl/companyconcept/CIK0000815556/us-gaap/Revenues.json,https://www.sec.gov/cgi-bin/browse-edgar?action=getcompany&CIK=0000815556&type=&dateb=&owner=include&count=40,matched,company_tickers_json
488,Marvell Technology,MRVL,MRVL,1835632,0001835632,"Marvell Technology, Inc.",https://data.sec.gov/submissions/CIK0001835632.json,https://data.sec.gov/api/xbrl/companyfacts/CIK0001835632.json,https://data.sec.gov/api/xbrl/companyconcept/CIK0001835632/us-gaap/Revenues.json,https://www.sec.gov/cgi-bin/browse-edgar?action=getcompany&CIK=0001835632&type=&dateb=&owner=include&count=40,matched,company_tickers_json
489,Voya Financial,VOYA,VOYA,1535929,0001535929,"Voya Financial, Inc.",https://data.sec.gov/submissions/CIK0001535929.json,https://data.sec.gov/api/xbrl/companyfacts/CIK0001535929.json,https://data.sec.gov/api/xbrl/companyconcept/CIK0001535929/us-gaap/Revenues.json,https://www.sec.gov/cgi-bin/browse-edgar?action=getcompany&CIK=0001535929&type=&dateb=&owner=include&count=40,matched,company_tickers_json
490,American Financial,AFG,AFG,1042046,0001042046,AMERICAN FINANCIAL GROUP INC,https://data.sec.gov/submissions/CIK0001042046.json,https://data.sec.gov/api/xbrl/companyfacts/CIK0001042046.json,https://data.sec.gov/api/xbrl/companyconcept/CIK0001042046/us-gaap/Revenues.json,https://www.sec.gov/cgi-bin/browse-edgar?action=getcompany&CIK=0001042046&type=&dateb=&owner=include&count=40,matched,company_tickers_json
491,Post,POST,POST,1530950,0001530950,"Post Holdings, Inc.",https://data.sec.gov/submissions/CIK0001530950.json,https://data.sec.gov/api/xbrl/companyfacts/CIK0001530950.json,https://data.sec.gov/api/xbrl/companyconcept/CIK0001530950/us-gaap/Revenues.json,https://www.sec.gov/cgi-bin/browse-edgar?action=getcompany&CIK=0001530950&type=&dateb=&owner=include&count=40,matched,company_tickers_json
492,XPO,XPO,XPO,1166003,0001166003,"XPO, Inc.",https://data.sec.gov/submissions/CIK0001166003.json,https://data.sec.gov/api/xbrl/companyfacts/CIK0001166003.json,https://data.sec.gov/api/xbrl/companyconcept/CIK0001166003/us-gaap/Revenues.json,https://www.sec.gov/cgi-bin/browse-edgar?action=getcompany&CIK=0001166003&type=&dateb=&owner=include&count=40,matched,company_tickers_json
493,Fifth Third Bancorp,FITB,FITB,35527,0000035527,FIFTH THIRD BANCORP,https://data.sec.gov/submissions/CIK0000035527.json,https://data.sec.gov/api/xbrl/companyfacts/CIK0000035527.json,https://data.sec.gov/api/xbrl/companyconcept/CIK0000035527/us-gaap/Revenues.json,https://www.sec.gov/cgi-bin/browse-edgar?action=getcompany&CIK=0000035527&type=&dateb=&owner=include&count=40,matched,company_tickers_json
494,Sanmina,SANM,SANM,897723,0000897723,SANMINA CORP,https://data.sec.gov/submissions/CIK0000897723.json,https://data.sec.gov/api/xbrl/companyfacts/CIK0000897723.json,https://data.sec.gov/api/xbrl/companyconcept/CIK0000897723/us-gaap/Revenues.json,https://www.sec.gov/cgi-bin/browse-edgar?action=getcompany&CIK=0000897723&type=&dateb=&owner=include&count=40,matched,company_tickers_json
495,Taylor Morrison Home,TMHC,TMHC,1562476,0001562476,Taylor Morrison Home Corp,https://data.sec.gov/submissions/CIK0001562476.json,https://data.sec.gov/api/xbrl/companyfacts/CIK0001562476.json,https://data.sec.gov/api/xbrl/companyconcept/CIK0001562476/us-gaap/Revenues.json,https://www.sec.gov/cgi-bin/browse-edgar?action=getcompany&CIK=0001562476&type=&dateb=&owner=include&count=40,matched,manual_cik_lookup
496,APi,APG,APG,1796209,0001796209,APi Group Corp,https://data.sec.gov/submissions/CIK0001796209.json,https://data.sec.gov/api/xbrl/companyfacts/CIK0001796209.json,https://data.sec.gov/api/xbrl/companyconcept/CIK0001796209/us-gaap/Revenues.json,https://www.sec.gov/cgi-bin/browse-edgar?action=getcompany&CIK=0001796209&type=&dateb=&owner=include&count=40,matched,company_tickers_json
497,Sandisk,SNDK,SNDK,2023554,0002023554,Sandisk Corp,https://data.sec.gov/submissions/CIK0002023554.json,https://data.sec.gov/api/xbrl/companyfacts/CIK0002023554.json,https://data.sec.gov/api/xbrl/companyconcept/CIK0002023554/us-gaap/Revenues.json,https://www.sec.gov/cgi-bin/browse-edgar?action=getcompany&CIK=0002023554&type=&dateb=&owner=include&count=40,matched,company_tickers_json
498,Synopsys,SNPS,SNPS,883241,0000883241,SYNOPSYS INC,https://data.sec.gov/submissions/CIK0000883241.json,https://data.sec.gov/api/xbrl/companyfacts/CIK0000883241.json,https://data.sec.gov/api/xbrl/companyconcept/CIK0000883241/us-gaap/Revenues.json,https://www.sec.gov/cgi-bin/browse-edgar?action=getcompany&CIK=0000883241&type=&dateb=&owner=include&count=40,matched,company_tickers_json
499,Compass,COMP,COMP,1563190,0001563190,"Compass, Inc.",https://data.sec.gov/submissions/CIK0001563190.json,https://data.sec.gov/api/xbrl/companyfacts/CIK0001563190.json,https://data.sec.gov/api/xbrl/companyconcept/CIK0001563190/us-gaap/Revenues.json,https://www.sec.gov/cgi-bin/browse-edgar?action=getcompany&CIK=0001563190&type=&dateb=&owner=include&count=40,matched,company_tickers_json
500,Rocket,RKT,RKT,1805284,0001805284,"Rocket Companies, Inc.",https://data.sec.gov/submissions/CIK0001805284.json,https://data.sec.gov/api/xbrl/companyfacts/CIK0001805284.json,https://data.sec.gov/api/xbrl/companyconcept/CIK0001805284/us-gaap/Revenues.json,https://www.sec.gov/cgi-bin/browse-edgar?action=getcompany&CIK=0001805284&type=&dateb=&owner=include&count=40,matched,company_tickers_json
